사고번호,사고일시,요일,시군구,사고내용,사망자수,중상자수,경상자수,부상신고자수,사고유형,법규위반,노면상태,기상상태,도로형태,가해운전자 차종,가해운전자 성별,가해운전자 연령,가해운전자 상해정도,피해운전자 차종,피해운전자 성별,피해운전자 연령,피해운전자 상해정도
2022010800100512,2022년 1월 8일 21시,토요일,강원도 강릉시 주문진읍,중상사고,0,1,0,0,차대사람 - 기타,안전운전불이행,건조,맑음,교차로 - 교차로부근,화물,남,49세,상해없음,보행자,남,34세,중상
2022010800100513,2022년 1월 8일 21시,토요일,강원도 원주시 단계동,경상사고,0,0,3,0,차대차 - 추돌,안전운전불이행,건조,맑음,단일로 - 기타,승용,남,23세,상해없음,승용,남,19세,경상
2022010800100514,2022년 1월 8일 21시,토요일,강원도 원주시 명륜동,사망사고,1,2,0,0,차대차 - 추돌,기타,젖음/습기,흐림,단일로 - 기타,승용,남,46세,사망,승합,남,64세,기타불명
2022010900100097,2022년 1월 9일 12시,일요일,강원도 원주시 단구동,경상사고,0,0,1,0,차대차 - 측면충돌,신호위반,건조,맑음,교차로 - 교차로안,승용,여,59세,상해없음,승용,남,31세,경상
2022010900100113,2022년 1월 9일 13시,일요일,강원도 원주시 단구동,경상사고,0,0,2,0,차대차 - 측면충돌,기타,건조,맑음,교차로 - 교차로부근,승용,남,35세,상해없음,이륜,남,31세,경상
2022010900100114,2022년 1월 9일 13시,일요일,강원도 원주시 태장동,경상사고,0,0,2,0,차대차 - 추돌,안전운전불이행,건조,맑음,교차로 - 교차로안,화물,남,26세,상해없음,승용,여,35세,경상
2022010900100126,2022년 1월 9일 14시,일요일,강원도 동해시 발한동,경상사고,0,0,3,0,차대차 - 기타,안전운전불이행,건조,맑음,교차로 - 교차로안,승용,남,51세,상해없음,승용,남,40세,경상
2022010900100249,2022년 1월 9일 19시,일요일,강원도 춘천시 석사동,중상사고,0,1,0,0,차대차 - 추돌,안전거리미확보,건조,맑음,단일로 - 기타,승용,여,26세,기타불명,승용,여,49세,중상
2022010900100250,2022년 1월 9일 19시,일요일,강원도 원주시 문막읍,경상사고,0,0,1,0,차대차 - 측면충돌,안전거리미확보,건조,맑음,교차로 - 교차로부근,승용,남,35세,상해없음,승용,남,33세,경상
2022010900100251,2022년 1월 9일 19시,일요일,강원도 태백시 황지동,중상사고,0,1,0,0,차대사람 - 기타,안전운전불이행,건조,맑음,단일로 - 기타,화물,남,49세,상해없음,보행자,남,60세,중상
2022010900100301,2022년 1월 9일 21시,일요일,강원도 춘천시 우두동,경상사고,0,0,3,0,차대차 - 추돌,안전운전불이행,건조,맑음,교차로 - 교차로안,승용,남,27세,상해없음,승용,여,33세,경상
2022010900100324,2022년 1월 9일 22시,일요일,강원도 춘천시 효자동,경상사고,0,0,3,0,차대차 - 측면충돌,안전운전불이행,건조,맑음,단일로 - 기타,승용,남,19세,상해없음,승용,남,31세,경상
2022010900100340,2022년 1월 9일 23시,일요일,강원도 강릉시 노암동,경상사고,0,0,1,0,차대차 - 기타,안전운전불이행,건조,맑음,단일로 - 기타,승용,남,38세,상해없음,이륜,남,24세,경상
2022011000100191,2022년 1월 10일 11시,월요일,강원도 강릉시 교동,경상사고,0,0,1,0,차대차 - 측면충돌,중앙선침범,건조,맑음,단일로 - 기타,승용,남,33세,상해없음,승용,남,47세,경상
2022011000100222,2022년 1월 10일 12시,월요일,강원도 원주시 일산동,경상사고,0,0,2,0,차대차 - 측면충돌,안전운전불이행,건조,맑음,기타 - 기타,화물,남,57세,상해없음,승용,여,39세,경상
2022011000100223,2022년 1월 10일 12시,월요일,강원도 영월군 한반도면,경상사고,0,0,1,0,차대차 - 기타,안전거리미확보,건조,맑음,단일로 - 기타,승용,남,58세,상해없음,건설기계,남,55세,경상
2022011000100224,2022년 1월 10일 12시,월요일,강원도 인제군 인제읍,중상사고,0,1,0,0,차량단독 - 도로외이탈 - 기타,안전운전불이행,건조,맑음,단일로 - 기타,승용,남,76세,상해없음,,,,
2022011000100250,2022년 1월 10일 13시,월요일,강원도 정선군 남면,경상사고,0,0,1,0,차대차 - 추돌,안전운전불이행,건조,맑음,단일로 - 기타,승용,남,47세,상해없음,승용,여,53세,경상
2022011000100276,2022년 1월 10일 14시,월요일,강원도 강릉시 사천면,경상사고,0,0,1,0,차대사람 - 차도통행중,안전운전불이행,건조,맑음,단일로 - 기타,승용,남,46세,상해없음,보행자,남,90세,경상
2022011000100277,2022년 1월 10일 14시,월요일,강원도 속초시 교동,중상사고,0,1,0,0,차대사람 - 길가장자리구역통행중,안전운전불이행,건조,맑음,단일로 - 기타,화물,남,43세,상해없음,보행자,여,59세,중상
2022011000100308,2022년 1월 10일 15시,월요일,강원도 강릉시 옥천동,경상사고,0,0,3,0,차대차 - 측면충돌,안전운전불이행,건조,맑음,단일로 - 기타,승용,남,62세,상해없음,승용,남,38세,경상
2022011000100309,2022년 1월 10일 15시,월요일,강원도 원주시 태장동,중상사고,0,1,0,0,차대차 - 기타,신호위반,건조,맑음,교차로 - 교차로안,화물,남,60세,상해없음,이륜,남,32세,중상
2022011000100344,2022년 1월 10일 16시,월요일,강원도 춘천시 석사동,경상사고,0,0,1,0,차대사람 - 기타,기타,젖음/습기,흐림,단일로 - 기타,승용,여,70세,상해없음,보행자,여,61세,경상
2022011000100345,2022년 1월 10일 16시,월요일,강원도 춘천시 효자동,경상사고,0,0,1,0,차대사람 - 기타,안전운전불이행,건조,맑음,교차로 - 교차로부근,이륜,남,29세,상해없음,보행자,여,18세,경상
2022011000100372,2022년 1월 10일 17시,월요일,강원도 원주시 무실동,경상사고,0,0,1,0,차대차 - 측면충돌,중앙선침범,건조,맑음,단일로 - 기타,화물,남,62세,상해없음,승용,여,48세,경상
2022011000100404,2022년 1월 10일 18시,월요일,강원도 춘천시 동내면,경상사고,0,0,1,0,차대차 - 측면충돌,안전운전불이행,건조,맑음,교차로 - 교차로안,승용,여,31세,상해없음,이륜,남,58세,경상
2022011000100405,2022년 1월 10일 18시,월요일,강원도 원주시 태장동,경상사고,0,0,2,0,차대차 - 측면충돌,안전운전불이행,건조,맑음,교차로 - 교차로안,승용,남,53세,상해없음,승용,남,66세,경상
2022011000100451,2022년 1월 10일 19시,월요일,강원도 영월군 영월읍,경상사고,0,0,2,0,차대차 - 측면충돌,교차로운행방법위반,건조,맑음,교차로 - 교차로안,이륜,남,26세,경상,승용,여,30세,경상
2022011000100503,2022년 1월 10일 21시,월요일,강원도 춘천시 요선동,경상사고,0,0,1,0,차대차 - 측면충돌,직진우회전진행방해,건조,맑음,교차로 - 교차로안,승용,남,43세,상해없음,승용,남,40세,경상
2022011000100504,2022년 1월 10일 21시,월요일,강원도 춘천시 동내면,경상사고,0,0,4,1,차대차 - 기타,안전운전불이행,건조,맑음,교차로 - 교차로부근,승용,여,41세,기타불명,승용,남,55세,부상신고
2022011000100505,2022년 1월 10일 21시,월요일,강원도 홍천군 홍천읍,경상사고,0,0,2,0,차대차 - 측면충돌,직진우회전진행방해,건조,맑음,교차로 - 교차로안,승용,남,56세,상해없음,승용,남,36세,경상
2022011100100084,2022년 1월 11일 08시,화요일,강원도 원주시 봉산동,경상사고,0,0,2,0,차량단독 - 공작물충돌,안전운전불이행,서리/결빙,맑음,교차로 - 교차로안,승용,여,57세,경상,,,,
2022011100100085,2022년 1월 11일 08시,화요일,강원도 원주시 우산동,경상사고,0,0,1,0,차대차 - 추돌,안전운전불이행,건조,맑음,단일로 - 기타,승용,남,53세,상해없음,승용,여,57세,경상
2022011100100113,2022년 1월 11일 09시,화요일,강원도 원주시 명륜동,경상사고,0,0,1,0,차대차 - 기타,안전거리미확보,젖음/습기,맑음,교차로 - 교차로부근,화물,남,58세,상해없음,승용,남,29세,경상
2022011100100172,2022년 1월 11일 11시,화요일,강원도 강릉시 옥천동,중상사고,0,1,0,0,차대차 - 기타,안전운전불이행,건조,맑음,교차로 - 교차로안,승용,여,48세,상해없음,이륜,남,62세,중상
2022011100100203,2022년 1월 11일 12시,화요일,강원도 춘천시 소양로2가,경상사고,0,0,1,0,차대차 - 기타,안전운전불이행,건조,맑음,단일로 - 기타,기타불명,기타불명,미분류,기타불명,승용,남,67세,상해없음
2022011100100204,2022년 1월 11일 12시,화요일,강원도 홍천군 홍천읍,경상사고,0,0,3,0,차대차 - 추돌,안전거리미확보,건조,맑음,단일로 - 기타,화물,남,51세,상해없음,승용,여,60세,경상
2022011100100244,2022년 1월 11일 13시,화요일,강원도 춘천시 후평동,경상사고,0,0,1,1,차대차 - 기타,교차로운행방법위반,건조,맑음,교차로 - 교차로안,승용,여,37세,부상신고,원동기,남,37세,경상
2022011100100245,2022년 1월 11일 13시,화요일,강원도 강릉시 홍제동,경상사고,0,0,3,0,차대차 - 정면충돌,안전운전불이행,건조,맑음,교차로 - 교차로안,화물,남,50세,상해없음,승용,여,45세,경상
2022011100100312,2022년 1월 11일 15시,화요일,강원도 동해시 평릉동,경상사고,0,0,1,0,차대차 - 정면충돌,중앙선침범,건조,맑음,단일로 - 기타,승용,남,20세,상해없음,승용,남,28세,경상
2022011100100371,2022년 1월 11일 17시,화요일,강원도 화천군 화천읍,경상사고,0,0,2,0,차대차 - 정면충돌,중앙선침범,건조,맑음,단일로 - 기타,승용,남,23세,경상,승용,남,54세,경상
2022011100100372,2022년 1월 11일 17시,화요일,강원도 고성군 토성면,중상사고,0,1,0,0,차대차 - 측면충돌,안전운전불이행,건조,맑음,교차로 - 교차로안,승용,남,25세,상해없음,승용,여,66세,중상
2022011100100404,2022년 1월 11일 18시,화요일,강원도 춘천시 석사동,경상사고,0,0,1,0,차대차 - 기타,안전운전불이행,건조,맑음,교차로 - 교차로부근,승용,남,82세,상해없음,승용,여,46세,경상
2022011100100405,2022년 1월 11일 18시,화요일,강원도 춘천시 온의동,경상사고,0,0,1,0,차대사람 - 횡단중,신호위반,건조,맑음,교차로 - 교차로횡단보도내,승용,여,24세,상해없음,보행자,여,9세,경상
2022011100100406,2022년 1월 11일 18시,화요일,강원도 양양군 강현면,경상사고,0,0,1,0,차대차 - 기타,안전운전불이행,건조,맑음,단일로 - 기타,승용,여,49세,상해없음,승용,남,34세,경상
2022011100100465,2022년 1월 11일 19시,화요일,강원도 원주시 행구동,경상사고,0,0,2,0,차대차 - 측면충돌,안전운전불이행,건조,맑음,교차로 - 교차로부근,승용,여,30세,상해없음,승용,남,35세,경상
2022011100100496,2022년 1월 11일 20시,화요일,강원도 강릉시 포남동,중상사고,0,1,1,0,차대차 - 측면충돌,신호위반,건조,맑음,교차로 - 교차로안,승용,남,22세,상해없음,승용,남,50세,중상
2022011100100535,2022년 1월 11일 21시,화요일,강원도 원주시 봉산동,경상사고,0,0,2,0,차대차 - 기타,안전운전불이행,건조,맑음,교차로 - 교차로안,승용,남,32세,상해없음,이륜,남,52세,경상
2022011100100536,2022년 1월 11일 21시,화요일,강원도 원주시 단계동,경상사고,0,0,1,0,차대차 - 추돌,안전거리미확보,건조,맑음,단일로 - 기타,승용,남,20세,상해없음,승용,여,61세,경상
2022011200100032,2022년 1월 12일 06시,수요일,강원도 원주시 호저면,중상사고,0,4,0,0,차대차 - 측면충돌,신호위반,건조,맑음,교차로 - 교차로안,승용,남,62세,상해없음,승용,남,48세,중상
2022011200100117,2022년 1월 12일 09시,수요일,강원도 춘천시 퇴계동,중상사고,0,1,1,0,차대차 - 기타,안전운전불이행,건조,맑음,단일로 - 기타,건설기계,남,51세,상해없음,승용,남,57세,중상
2022011200100118,2022년 1월 12일 09시,수요일,강원도 속초시 대포동,경상사고,0,0,1,0,차대차 - 추돌,안전운전불이행,건조,맑음,단일로 - 기타,승용,남,71세,상해없음,승용,남,61세,경상
2022011200100167,2022년 1월 12일 11시,수요일,강원도 춘천시 사농동,경상사고,0,0,1,0,차대차 - 정면충돌,신호위반,건조,맑음,교차로 - 교차로부근,승합,남,36세,상해없음,승용,남,32세,경상
2022011200100203,2022년 1월 12일 12시,수요일,강원도 춘천시 근화동,경상사고,0,0,1,0,차대차 - 측면충돌,직진우회전진행방해,건조,맑음,교차로 - 교차로안,화물,남,58세,상해없음,화물,남,59세,경상
2022011200100204,2022년 1월 12일 12시,수요일,강원도 양양군 현북면,경상사고,0,0,4,0,차대차 - 측면충돌,교차로운행방법위반,건조,맑음,교차로 - 교차로안,승용,남,25세,상해없음,승용,남,50세,경상
2022011200100245,2022년 1월 12일 13시,수요일,강원도 강릉시 홍제동,경상사고,0,0,1,0,차대차 - 측면충돌,차로위반,건조,맑음,교차로 - 교차로안,승용,여,56세,기타불명,승용,여,39세,경상
2022011200100246,2022년 1월 12일 13시,수요일,강원도 양양군 현남면,경상사고,0,0,1,0,차대차 - 측면충돌,신호위반,건조,맑음,교차로 - 교차로안,승용,여,76세,상해없음,승용,남,61세,경상
2022011200100272,2022년 1월 12일 14시,수요일,강원도 속초시 중앙동,경상사고,0,0,1,0,차대차 - 측면충돌,안전운전불이행,건조,맑음,교차로 - 교차로부근,승용,여,56세,상해없음,이륜,여,19세,경상
2022011200100304,2022년 1월 12일 15시,수요일,강원도 홍천군 홍천읍,경상사고,0,0,1,0,차대차 - 측면충돌,안전운전불이행,건조,맑음,교차로 - 교차로안,승용,여,64세,상해없음,승용,남,73세,경상
2022011200100338,2022년 1월 12일 16시,수요일,강원도 원주시 무실동,중상사고,0,1,3,0,차대차 - 측면충돌,신호위반,건조,맑음,교차로 - 교차로안,승합,남,45세,상해없음,승용,여,48세,중상
2022011200100339,2022년 1월 12일 16시,수요일,강원도 원주시 무실동,경상사고,0,0,1,0,차대차 - 추돌,안전거리미확보,건조,맑음,단일로 - 기타,승용,남,43세,상해없음,승용,남,27세,경상
2022011200100423,2022년 1월 12일 18시,수요일,강원도 춘천시 효자동,경상사고,0,0,1,0,차대사람 - 차도통행중,안전운전불이행,서리/결빙,맑음,단일로 - 기타,이륜,남,28세,상해없음,보행자,여,21세,경상
2022011200100424,2022년 1월 12일 18시,수요일,강원도 동해시 망상동,경상사고,0,0,1,0,차대차 - 측면충돌,안전운전불이행,건조,맑음,단일로 - 교량,승용,남,54세,상해없음,승용,남,61세,경상
2022011200100499,2022년 1월 12일 20시,수요일,강원도 원주시 무실동,경상사고,0,0,1,0,차대차 - 측면충돌,신호위반,건조,맑음,교차로 - 교차로안,화물,남,56세,상해없음,승용,남,46세,경상
2022011200100536,2022년 1월 12일 21시,수요일,강원도 춘천시 후평동,경상사고,0,0,1,0,차대차 - 추돌,안전거리미확보,건조,맑음,교차로 - 교차로안,승용,여,35세,상해없음,승용,여,51세,경상
2022011200100537,2022년 1월 12일 21시,수요일,강원도 원주시 학성동,중상사고,0,1,0,0,차대차 - 추돌,신호위반,건조,맑음,교차로 - 교차로안,승용,남,54세,상해없음,승용,남,36세,중상
2022011300100049,2022년 1월 13일 07시,목요일,강원도 철원군 갈말읍,중상사고,0,1,0,0,차대차 - 측면충돌,신호위반,건조,맑음,교차로 - 교차로안,화물,남,72세,상해없음,승용,여,24세,중상
2022011300100082,2022년 1월 13일 08시,목요일,강원도 원주시 호저면,경상사고,0,0,2,0,차대차 - 추돌,안전거리미확보,건조,맑음,단일로 - 기타,승용,여,45세,경상,화물,남,66세,경상
2022011300100110,2022년 1월 13일 09시,목요일,강원도 원주시 단계동,경상사고,0,0,1,0,차대차 - 추돌,안전운전불이행,건조,맑음,기타 - 기타,승용,남,39세,상해없음,승용,남,37세,상해없음
2022011300100139,2022년 1월 13일 10시,목요일,강원도 원주시 우산동,경상사고,0,0,1,0,차대차 - 측면충돌,안전운전불이행,건조,맑음,단일로 - 기타,승용,남,69세,상해없음,자전거,남,74세,경상
2022011300100176,2022년 1월 13일 11시,목요일,강원도 고성군 거진읍,중상사고,0,1,0,0,차대차 - 추돌,안전운전불이행,건조,맑음,교차로 - 교차로부근,화물,남,63세,상해없음,화물,남,62세,상해없음
2022011300100214,2022년 1월 13일 12시,목요일,강원도 영월군 영월읍,중상사고,0,1,0,0,차대차 - 측면충돌,안전거리미확보,건조,맑음,단일로 - 기타,화물,남,55세,상해없음,개인형이동수단(PM),남,21세,중상
2022011300100215,2022년 1월 13일 12시,목요일,강원도 철원군 갈말읍,경상사고,0,0,2,0,차대차 - 정면충돌,신호위반,건조,맑음,교차로 - 교차로안,화물,여,63세,경상,승용,남,47세,경상
2022011300100250,2022년 1월 13일 13시,목요일,강원도 원주시 무실동,경상사고,0,0,1,0,차대차 - 정면충돌,신호위반,건조,맑음,교차로 - 교차로안,승용,여,48세,상해없음,화물,여,63세,경상
2022011300100316,2022년 1월 13일 15시,목요일,강원도 원주시 단계동,경상사고,0,0,1,0,차대차 - 추돌,안전거리미확보,건조,맑음,단일로 - 기타,승용,남,54세,상해없음,승용,여,74세,경상
2022011300100317,2022년 1월 13일 15시,목요일,강원도 양구군 양구읍,경상사고,0,0,1,1,차대차 - 추돌,안전운전불이행,건조,맑음,교차로 - 교차로안,승합,남,29세,경상,승용,남,26세,상해없음
2022011300100354,2022년 1월 13일 16시,목요일,강원도 강릉시 주문진읍,중상사고,0,1,0,0,차대차 - 측면충돌,안전운전불이행,건조,맑음,교차로 - 교차로안,승용,남,33세,상해없음,원동기,남,64세,상해없음
2022011300100355,2022년 1월 13일 16시,목요일,강원도 평창군 대화면,부상신고사고,0,0,0,1,차대차 - 측면충돌,안전운전불이행,건조,맑음,단일로 - 지하차도(도로)내,승용,남,50세,상해없음,승용,여,61세,부상신고
2022011300100490,2022년 1월 13일 20시,목요일,강원도 춘천시 석사동,경상사고,0,0,2,0,차대차 - 후진중충돌,안전운전불이행,건조,맑음,단일로 - 기타,승용,남,58세,상해없음,승용,여,30세,경상
2022011300100491,2022년 1월 13일 20시,목요일,강원도 원주시 단구동,경상사고,0,0,1,0,차대차 - 측면충돌,신호위반,건조,맑음,교차로 - 교차로안,승용,남,27세,상해없음,승용,남,47세,경상
2022011300100548,2022년 1월 13일 22시,목요일,강원도 춘천시 우두동,사망사고,1,0,0,0,차대사람 - 기타,안전운전불이행,건조,맑음,교차로 - 교차로부근,승용,여,49세,상해없음,보행자,여,57세,사망
2022011400100117,2022년 1월 14일 09시,금요일,강원도 강릉시 운정동,경상사고,0,0,1,0,차대차 - 기타,안전운전불이행,건조,맑음,교차로 - 교차로부근,승용,여,62세,상해없음,승용,남,59세,경상
2022011400100118,2022년 1월 14일 09시,금요일,강원도 평창군 대관령면,경상사고,0,0,1,0,차대차 - 정면충돌,안전운전불이행,건조,맑음,단일로 - 지하차도(도로)내,승용,여,61세,상해없음,승용,남,56세,경상
2022011400100149,2022년 1월 14일 10시,금요일,강원도 홍천군 홍천읍,경상사고,0,0,2,0,차대차 - 추돌,안전운전불이행,건조,맑음,단일로 - 기타,화물,남,26세,경상,화물,남,65세,경상
2022011400100184,2022년 1월 14일 11시,금요일,강원도 춘천시 온의동,경상사고,0,0,1,0,차대사람 - 보도통행중,보행자보호의무위반,건조,맑음,교차로 - 교차로횡단보도내,승합,남,72세,상해없음,보행자,여,62세,경상
2022011400100185,2022년 1월 14일 11시,금요일,강원도 원주시 무실동,경상사고,0,0,3,0,차대차 - 측면충돌,신호위반,건조,맑음,교차로 - 교차로안,승용,여,31세,기타불명,승용,여,41세,경상
2022011400100186,2022년 1월 14일 11시,금요일,강원도 화천군 사내면,부상신고사고,0,0,0,1,차대차 - 기타,안전운전불이행,건조,맑음,단일로 - 기타,화물,남,59세,상해없음,사륜오토바이(ATV),남,75세,부상신고
2022011400100285,2022년 1월 14일 14시,금요일,강원도 강릉시 교동,중상사고,0,1,0,0,차대차 - 측면충돌,신호위반,건조,맑음,교차로 - 교차로안,승용,남,21세,상해없음,승용,남,37세,중상
2022011400100286,2022년 1월 14일 14시,금요일,강원도 원주시 중앙동,경상사고,0,0,1,0,차대차 - 측면충돌,안전운전불이행,기타,맑음,단일로 - 기타,승용,여,32세,상해없음,승용,남,37세,경상
2022011400100356,2022년 1월 14일 16시,금요일,강원도 춘천시 효자동,경상사고,0,0,1,0,차대차 - 측면충돌,안전거리미확보,건조,맑음,교차로 - 교차로부근,승용,남,52세,상해없음,이륜,남,39세,경상
2022011400100357,2022년 1월 14일 16시,금요일,강원도 속초시 교동,경상사고,0,0,1,0,차대사람 - 횡단중,안전운전불이행,건조,맑음,교차로 - 교차로안,승용,남,34세,상해없음,보행자,여,66세,경상
2022011400100452,2022년 1월 14일 18시,금요일,강원도 동해시 단봉동,경상사고,0,0,3,0,차대차 - 측면충돌,안전운전불이행,건조,맑음,단일로 - 기타,건설기계,남,62세,상해없음,승용,여,41세,경상
2022011400100521,2022년 1월 14일 19시,금요일,강원도 원주시 인동,경상사고,0,0,4,0,차대차 - 측면충돌,안전거리미확보,건조,맑음,교차로 - 교차로안,승용,여,62세,상해없음,승용,남,19세,경상
2022011400100616,2022년 1월 14일 21시,금요일,강원도 춘천시 석사동,경상사고,0,0,3,1,차대차 - 측면충돌,안전운전불이행,건조,맑음,교차로 - 교차로안,승용,남,20세,경상,이륜,남,26세,경상
2022011400100617,2022년 1월 14일 21시,금요일,강원도 원주시 명륜동,경상사고,0,0,1,0,차대차 - 측면충돌,교차로운행방법위반,건조,맑음,교차로 - 교차로안,승용,남,51세,상해없음,이륜,남,19세,경상
2022011500100105,2022년 1월 15일 10시,토요일,강원도 동해시 평릉동,중상사고,0,1,0,0,차대차 - 측면충돌,안전운전불이행,건조,맑음,교차로 - 교차로부근,승용,남,50세,상해없음,이륜,남,31세,중상
2022011500100132,2022년 1월 15일 11시,토요일,강원도 태백시 화전동,경상사고,0,0,1,0,차대차 - 측면충돌,안전운전불이행,건조,맑음,단일로 - 기타,화물,남,43세,상해없음,승용,남,36세,경상
2022011500100169,2022년 1월 15일 12시,토요일,강원도 원주시 단구동,경상사고,0,0,1,0,차대차 - 측면충돌,교차로운행방법위반,건조,맑음,교차로 - 교차로안,승용,여,54세,상해없음,승용,남,65세,경상
2022011500100170,2022년 1월 15일 12시,토요일,강원도 원주시 반곡동,경상사고,0,0,2,0,차대차 - 측면충돌,차로위반,건조,맑음,단일로 - 기타,승용,여,41세,기타불명,승용,남,47세,경상
2022011500100171,2022년 1월 15일 12시,토요일,강원도 태백시 장성동,경상사고,0,0,1,0,차대차 - 측면충돌,차로위반,건조,맑음,단일로 - 기타,승용,남,79세,상해없음,승용,남,43세,경상
2022011500100252,2022년 1월 15일 15시,토요일,강원도 춘천시 퇴계동,경상사고,0,0,1,0,차대차 - 기타,안전운전불이행,건조,맑음,기타 - 기타,승용,여,26세,상해없음,승용,남,38세,경상
2022011500100253,2022년 1월 15일 15시,토요일,강원도 강릉시 홍제동,경상사고,0,0,2,0,차대차 - 측면충돌,안전운전불이행,건조,맑음,단일로 - 기타,승용,남,25세,기타불명,승용,여,31세,경상
2022011500100287,2022년 1월 15일 16시,토요일,강원도 강릉시 송정동,중상사고,0,1,0,0,차대사람 - 차도통행중,안전운전불이행,건조,맑음,단일로 - 기타,승용,남,80세,상해없음,보행자,여,69세,중상
2022011500100318,2022년 1월 15일 17시,토요일,강원도 춘천시 후평동,부상신고사고,0,0,0,1,차대차 - 추돌,안전거리미확보,건조,맑음,교차로 - 교차로안,승용,남,33세,상해없음,승용,남,68세,부상신고
2022011500100319,2022년 1월 15일 17시,토요일,강원도 강릉시 주문진읍,경상사고,0,0,2,0,차대차 - 추돌,안전운전불이행,건조,맑음,교차로 - 교차로안,승용,남,46세,기타불명,승용,남,37세,경상
2022011500100320,2022년 1월 15일 17시,토요일,강원도 영월군 김삿갓면,중상사고,0,4,0,0,차대차 - 측면충돌,직진우회전진행방해,건조,맑음,교차로 - 교차로안,승용,남,70세,중상,화물,남,53세,중상
2022011500100321,2022년 1월 15일 17시,토요일,강원도 영월군 김삿갓면,경상사고,0,0,1,0,차대차 - 측면충돌,안전운전불이행,건조,맑음,단일로 - 기타,화물,남,63세,상해없음,승용,여,25세,경상
2022011500100373,2022년 1월 15일 18시,토요일,강원도 양양군 현북면,중상사고,0,4,0,0,차대차 - 추돌,안전운전불이행,건조,맑음,교차로 - 교차로부근,승용,남,64세,상해없음,승용,남,45세,중상
2022011500100423,2022년 1월 15일 19시,토요일,강원도 태백시 황지동,경상사고,0,0,1,0,차대차 - 추돌,안전운전불이행,건조,맑음,단일로 - 기타,승용,여,26세,상해없음,승용,남,66세,상해없음
2022011500100498,2022년 1월 15일 21시,토요일,강원도 영월군 영월읍,중상사고,0,1,0,0,차대차 - 추돌,기타,건조,맑음,단일로 - 기타,승용,남,52세,상해없음,승용,남,38세,중상
2022011500100534,2022년 1월 15일 22시,토요일,강원도 춘천시 효자동,경상사고,0,0,1,0,차대차 - 기타,안전거리미확보,건조,맑음,교차로 - 교차로안,승용,남,52세,상해없음,자전거,남,62세,경상
2022011600100002,2022년 1월 16일 00시,일요일,강원도 원주시 단계동,경상사고,0,0,3,0,차대차 - 측면충돌,안전운전불이행,적설,눈,교차로 - 교차로안,승용,남,27세,상해없음,승용,남,65세,경상
2022011600100051,2022년 1월 16일 09시,일요일,강원도 원주시 단구동,중상사고,0,1,0,0,차대차 - 기타,불법유턴,건조,맑음,교차로 - 교차로부근,자전거,남,75세,중상,승용,여,44세,상해없음
2022011600100065,2022년 1월 16일 10시,일요일,강원도 속초시 조양동,경상사고,0,0,1,0,차대차 - 측면충돌,교차로운행방법위반,건조,맑음,교차로 - 교차로안,승용,남,19세,상해없음,이륜,남,53세,경상
2022011600100091,2022년 1월 16일 11시,일요일,강원도 양구군 양구읍,경상사고,0,0,2,0,차대차 - 측면충돌,직진우회전진행방해,건조,맑음,교차로 - 교차로안,승용,남,64세,상해없음,화물,남,71세,경상
2022011600100117,2022년 1월 16일 12시,일요일,강원도 동해시 구호동,경상사고,0,0,2,0,차대차 - 기타,안전운전불이행,건조,맑음,단일로 - 기타,승용,남,57세,상해없음,승용,남,42세,경상
2022011600100136,2022년 1월 16일 13시,일요일,강원도 속초시 조양동,중상사고,0,1,0,0,차대사람 - 차도통행중,안전운전불이행,건조,맑음,단일로 - 교량,이륜,남,61세,상해없음,보행자,여,93세,중상
2022011600100137,2022년 1월 16일 13시,일요일,강원도 동해시 천곡동,중상사고,0,1,0,0,차대차 - 기타,중앙선침범,건조,맑음,단일로 - 기타,승용,남,29세,기타불명,승용,여,33세,중상
2022011600100194,2022년 1월 16일 15시,일요일,강원도 춘천시 퇴계동,경상사고,0,0,1,0,차대차 - 측면충돌,신호위반,건조,맑음,교차로 - 교차로안,승용,남,42세,상해없음,승용,남,58세,경상
2022011600100195,2022년 1월 16일 15시,일요일,강원도 강릉시 강동면,경상사고,0,0,2,0,차대차 - 기타,중앙선침범,건조,맑음,단일로 - 기타,승용,남,26세,상해없음,승용,남,58세,경상
2022011600100221,2022년 1월 16일 16시,일요일,강원도 춘천시 온의동,경상사고,0,0,1,0,차대차 - 측면충돌,안전거리미확보,건조,맑음,단일로 - 기타,승용,남,69세,상해없음,승용,남,31세,경상
2022011600100241,2022년 1월 16일 17시,일요일,강원도 춘천시 후평동,경상사고,0,0,1,0,차대차 - 기타,안전운전불이행,건조,맑음,단일로 - 기타,승용,여,44세,상해없음,이륜,남,37세,경상
2022011600100322,2022년 1월 16일 20시,일요일,강원도 동해시 효가동,경상사고,0,0,1,0,차대차 - 정면충돌,안전거리미확보,건조,맑음,교차로 - 교차로부근,승용,남,18세,상해없음,승용,남,41세,경상
2022011600100379,2022년 1월 16일 23시,일요일,강원도 동해시 효가동,중상사고,0,2,2,0,차대차 - 기타,안전운전불이행,건조,맑음,단일로 - 기타,승용,여,49세,중상,승용,남,24세,경상