사고번호,사고일시,요일,시군구,사고내용,사망자수,중상자수,경상자수,부상신고자수,사고유형,법규위반,노면상태,기상상태,도로형태,가해운전자 차종,가해운전자 성별,가해운전자 연령,가해운전자 상해정도,피해운전자 차종,피해운전자 성별,피해운전자 연령,피해운전자 상해정도
2022011700100126,2022년 1월 17일 10시,월요일,강원도 철원군 서면,경상사고,0,0,2,0,차대차 - 정면충돌,중앙선침범,건조,맑음,단일로 - 기타,화물,남,64세,상해없음,특수,남,29세,경상
2022011700100146,2022년 1월 17일 11시,월요일,강원도 원주시 명륜동,경상사고,0,0,3,0,차대차 - 추돌,안전운전불이행,건조,맑음,교차로 - 교차로부근,승용,여,67세,상해없음,승용,남,37세,경상
2022011700100169,2022년 1월 17일 12시,월요일,강원도 강릉시 강동면,경상사고,0,0,1,0,차대차 - 추돌,안전운전불이행,건조,맑음,교차로 - 교차로부근,화물,남,58세,상해없음,승용,여,62세,경상
2022011700100276,2022년 1월 17일 15시,월요일,강원도 강릉시 임당동,중상사고,0,1,0,0,차대사람 - 횡단중,보행자보호의무위반,건조,맑음,단일로 - 기타,승용,남,42세,상해없음,보행자,남,75세,중상
2022011700100277,2022년 1월 17일 15시,월요일,강원도 원주시 우산동,경상사고,0,0,1,0,차대차 - 추돌,직진우회전진행방해,건조,맑음,교차로 - 교차로안,화물,남,70세,상해없음,승용,남,66세,경상
2022011700100278,2022년 1월 17일 15시,월요일,강원도 영월군 무릉도원면,사망사고,1,0,1,0,차대사람 - 길가장자리구역통행중,안전운전불이행,건조,맑음,단일로 - 기타,건설기계,남,59세,상해없음,보행자,남,77세,사망
2022011700100310,2022년 1월 17일 16시,월요일,강원도 원주시 단계동,중상사고,0,1,0,0,차대차 - 측면충돌,직진우회전진행방해,건조,맑음,교차로 - 교차로안,승용,남,31세,기타불명,이륜,남,35세,중상
2022011700100388,2022년 1월 17일 18시,월요일,강원도 원주시 단구동,경상사고,0,0,1,0,차대차 - 후진중충돌,안전운전불이행,적설,눈,단일로 - 기타,승용,남,38세,상해없음,승용,남,33세,경상
2022011700100389,2022년 1월 17일 18시,월요일,강원도 원주시 우산동,경상사고,0,0,1,0,차대차 - 측면충돌,교차로운행방법위반,적설,눈,교차로 - 교차로안,승용,여,41세,상해없음,이륜,여,21세,경상
2022011700100442,2022년 1월 17일 20시,월요일,강원도 원주시 단계동,중상사고,0,1,0,0,차대사람 - 차도통행중,안전운전불이행,젖음/습기,맑음,단일로 - 기타,승용,남,29세,상해없음,보행자,남,65세,중상
2022011700100443,2022년 1월 17일 20시,월요일,강원도 원주시 소초면,경상사고,0,0,1,0,차대차 - 측면충돌,안전운전불이행,건조,맑음,기타 - 기타,승용,남,63세,상해없음,화물,남,41세,경상
2022011800100090,2022년 1월 18일 08시,화요일,강원도 춘천시 동내면,경상사고,0,0,1,0,차대차 - 기타,안전운전불이행,건조,맑음,교차로 - 교차로안,승용,남,57세,상해없음,승용,여,29세,경상
2022011800100091,2022년 1월 18일 08시,화요일,강원도 원주시 단계동,경상사고,0,0,1,0,차대차 - 측면충돌,안전운전불이행,건조,맑음,교차로 - 교차로부근,승용,남,26세,상해없음,승용,남,30세,경상
2022011800100092,2022년 1월 18일 08시,화요일,강원도 횡성군 횡성읍,경상사고,0,0,3,0,차대차 - 추돌,안전운전불이행,건조,맑음,교차로 - 교차로부근,화물,남,24세,상해없음,승용,남,33세,경상
2022011800100143,2022년 1월 18일 10시,화요일,강원도 고성군 거진읍,경상사고,0,0,1,0,차대차 - 정면충돌,안전운전불이행,젖음/습기,흐림,교차로 - 교차로안,승용,남,82세,상해없음,승용,여,26세,경상
2022011800100178,2022년 1월 18일 11시,화요일,강원도 원주시 태장동,경상사고,0,0,1,0,차대차 - 측면충돌,안전운전불이행,건조,맑음,단일로 - 기타,승용,여,51세,상해없음,승용,여,56세,경상
2022011800100179,2022년 1월 18일 11시,화요일,강원도 원주시 지정면,경상사고,0,0,2,0,차대차 - 기타,직진우회전진행방해,젖음/습기,맑음,교차로 - 교차로안,이륜,남,19세,상해없음,승용,여,27세,경상
2022011800100180,2022년 1월 18일 11시,화요일,강원도 동해시 대구동,경상사고,0,0,1,0,차대차 - 추돌,안전운전불이행,건조,맑음,교차로 - 교차로부근,승용,남,25세,상해없음,승용,남,37세,경상
2022011800100213,2022년 1월 18일 12시,화요일,강원도 양양군 강현면,중상사고,0,1,0,0,차대차 - 측면충돌,안전운전불이행,건조,맑음,교차로 - 교차로부근,승용,남,51세,상해없음,자전거,남,63세,중상
2022011800100327,2022년 1월 18일 15시,화요일,강원도 영월군 남면,중상사고,0,1,0,0,차대차 - 정면충돌,기타,건조,맑음,단일로 - 기타,화물,남,65세,상해없음,화물,남,28세,중상
2022011800100328,2022년 1월 18일 15시,화요일,강원도 홍천군 홍천읍,경상사고,0,0,2,0,차대사람 - 횡단중,보행자보호의무위반,건조,맑음,단일로 - 지하차도(도로)내,승용,남,78세,상해없음,보행자,남,23세,경상
2022011800100329,2022년 1월 18일 15시,화요일,강원도 정선군 정선읍,경상사고,0,0,1,0,차대차 - 기타,중앙선침범,건조,맑음,단일로 - 기타,화물,남,56세,상해없음,화물,남,41세,경상
2022011800100377,2022년 1월 18일 16시,화요일,강원도 춘천시 석사동,경상사고,0,0,1,0,차대차 - 기타,안전운전불이행,건조,맑음,교차로 - 교차로횡단보도내,자전거,여,51세,경상,승용,남,62세,상해없음
2022011800100411,2022년 1월 18일 17시,화요일,강원도 춘천시 후평동,사망사고,1,1,0,0,차대사람 - 횡단중,보행자보호의무위반,건조,맑음,교차로 - 교차로횡단보도내,화물,남,59세,상해없음,보행자,여,60세,사망
2022011800100412,2022년 1월 18일 17시,화요일,강원도 강릉시 사천면,중상사고,0,1,0,0,차대차 - 정면충돌,중앙선침범,건조,맑음,단일로 - 기타,승용,남,52세,상해없음,승용,남,44세,중상
2022011800100413,2022년 1월 18일 17시,화요일,강원도 홍천군 홍천읍,경상사고,0,0,1,0,차대차 - 기타,안전운전불이행,건조,맑음,주차장 - 주차장,승용,여,69세,상해없음,승용,여,53세,경상
2022011800100459,2022년 1월 18일 18시,화요일,강원도 춘천시 후평동,경상사고,0,0,2,0,차대차 - 기타,교차로운행방법위반,건조,맑음,교차로 - 교차로안,승용,여,62세,상해없음,승용,남,40세,경상
2022011800100604,2022년 1월 18일 21시,화요일,강원도 횡성군 둔내면,경상사고,0,0,1,0,차대차 - 측면충돌,안전운전불이행,건조,맑음,교차로 - 교차로안,화물,남,65세,상해없음,화물,남,43세,경상
2022011900100042,2022년 1월 19일 06시,수요일,강원도 동해시 발한동,중상사고,0,1,0,0,차대사람 - 횡단중,보행자보호의무위반,건조,맑음,교차로 - 교차로부근,승용,남,53세,상해없음,보행자,남,49세,중상
2022011900100085,2022년 1월 19일 08시,수요일,강원도 원주시 귀래면,경상사고,0,0,1,0,차대차 - 측면충돌,안전운전불이행,건조,맑음,단일로 - 기타,승용,남,50세,상해없음,승용,남,58세,경상
2022011900100176,2022년 1월 19일 11시,수요일,강원도 원주시 인동,경상사고,0,0,1,0,차대차 - 기타,안전거리미확보,건조,맑음,교차로 - 교차로부근,승용,남,29세,상해없음,이륜,남,41세,경상
2022011900100177,2022년 1월 19일 11시,수요일,강원도 인제군 상남면,사망사고,1,2,1,0,차대차 - 측면충돌,안전운전불이행,건조,흐림,단일로 - 터널,승용,여,52세,중상,화물,남,61세,경상
2022011900100203,2022년 1월 19일 12시,수요일,강원도 강릉시 강동면,중상사고,0,4,0,0,차대차 - 측면충돌,중앙선침범,건조,맑음,기타 - 기타,승용,남,29세,상해없음,승용,남,44세,중상
2022011900100222,2022년 1월 19일 13시,수요일,강원도 춘천시 동산면,중상사고,0,1,2,0,차대차 - 정면충돌,중앙선침범,젖음/습기,흐림,단일로 - 기타,화물,남,49세,상해없음,승용,여,55세,중상
2022011900100223,2022년 1월 19일 13시,수요일,강원도 양양군 현남면,경상사고,0,0,1,0,차대차 - 후진중충돌,안전운전불이행,건조,맑음,단일로 - 기타,승용,여,60세,상해없음,이륜,남,96세,경상
2022011900100274,2022년 1월 19일 15시,수요일,강원도 춘천시 운교동,부상신고사고,0,0,0,1,차대사람 - 기타,안전운전불이행,적설,맑음,단일로 - 기타,승용,여,48세,상해없음,보행자,남,44세,부상신고
2022011900100365,2022년 1월 19일 18시,수요일,강원도 원주시 우산동,경상사고,0,0,2,0,차대차 - 측면충돌,신호위반,젖음/습기,눈,교차로 - 교차로안,승용,남,53세,상해없음,승용,남,29세,경상
2022011900100366,2022년 1월 19일 18시,수요일,강원도 고성군 간성읍,경상사고,0,0,1,0,차대차 - 측면충돌,직진우회전진행방해,건조,맑음,교차로 - 교차로안,화물,남,29세,상해없음,승용,남,47세,경상
2022011900100367,2022년 1월 19일 18시,수요일,강원도 강릉시 주문진읍,사망사고,1,1,1,0,차대차 - 추돌,안전거리미확보,젖음/습기,흐림,단일로 - 기타,화물,남,54세,중상,화물,남,62세,경상
2022011900100368,2022년 1월 19일 18시,수요일,강원도 강릉시 사천면,중상사고,0,1,2,1,차대차 - 추돌,안전거리미확보,젖음/습기,비,단일로 - 기타,승용,남,41세,상해없음,승용,남,40세,경상
2022011900100423,2022년 1월 19일 20시,수요일,강원도 원주시 일산동,경상사고,0,0,1,0,차대차 - 추돌,안전운전불이행,건조,맑음,단일로 - 기타,화물,남,22세,상해없음,승용,남,34세,경상
2022011900100447,2022년 1월 19일 21시,수요일,강원도 강릉시 교동,경상사고,0,0,1,0,차대차 - 추돌,안전운전불이행,건조,맑음,교차로 - 교차로안,승용,남,44세,상해없음,승용,여,51세,경상
2022011900100472,2022년 1월 19일 22시,수요일,강원도 원주시 흥업면,경상사고,0,0,1,0,차대차 - 추돌,안전운전불이행,젖음/습기,눈,단일로 - 기타,승용,남,22세,상해없음,이륜,남,20세,경상
2022012000100196,2022년 1월 20일 12시,목요일,강원도 원주시 무실동,경상사고,0,0,1,0,차대차 - 측면충돌,교차로운행방법위반,건조,맑음,교차로 - 교차로안,승용,여,56세,상해없음,승용,남,31세,경상
2022012000100220,2022년 1월 20일 13시,목요일,강원도 태백시 황지동,경상사고,0,0,1,0,차대차 - 측면충돌,안전운전불이행,적설,맑음,주차장 - 주차장,승용,여,45세,상해없음,승용,여,50세,경상
2022012000100279,2022년 1월 20일 15시,목요일,강원도 춘천시 신동,경상사고,0,0,1,0,차대차 - 측면충돌,교차로운행방법위반,건조,맑음,교차로 - 교차로안,승용,여,56세,상해없음,승용,남,41세,경상
2022012000100280,2022년 1월 20일 15시,목요일,강원도 원주시 단계동,경상사고,0,0,1,0,차대차 - 측면충돌,직진우회전진행방해,건조,맑음,교차로 - 교차로안,원동기,남,84세,경상,승용,남,50세,상해없음
2022012000100314,2022년 1월 20일 16시,목요일,강원도 원주시 단계동,경상사고,0,0,1,0,차대차 - 추돌,안전운전불이행,건조,맑음,단일로 - 기타,승용,남,64세,상해없음,승용,남,39세,경상
2022012000100315,2022년 1월 20일 16시,목요일,강원도 원주시 호저면,경상사고,0,0,1,0,차대차 - 측면충돌,신호위반,건조,맑음,교차로 - 교차로안,승용,남,27세,상해없음,승용,남,22세,경상
2022012000100316,2022년 1월 20일 16시,목요일,강원도 영월군 주천면,중상사고,0,1,1,0,차량단독 - 공작물충돌,중앙선침범,건조,맑음,단일로 - 기타,승용,남,71세,경상,,,,
2022012000100349,2022년 1월 20일 17시,목요일,강원도 원주시 우산동,경상사고,0,0,2,0,차대차 - 측면충돌,직진우회전진행방해,건조,맑음,교차로 - 교차로안,승용,여,25세,상해없음,승용,여,53세,경상
2022012000100350,2022년 1월 20일 17시,목요일,강원도 홍천군 영귀미면,경상사고,0,0,1,0,차대차 - 측면충돌,안전거리미확보,건조,맑음,단일로 - 기타,화물,남,52세,상해없음,승용,남,35세,경상
2022012000100401,2022년 1월 20일 18시,목요일,강원도 원주시 행구동,경상사고,0,0,2,0,차대차 - 추돌,신호위반,건조,맑음,교차로 - 교차로안,승용,남,27세,상해없음,승용,여,64세,경상
2022012100100020,2022년 1월 21일 04시,금요일,강원도 태백시 화전동,중상사고,0,1,2,0,차량단독 - 공작물충돌,안전운전불이행,건조,맑음,단일로 - 기타,승용,남,45세,상해없음,,,,
2022012100100030,2022년 1월 21일 05시,금요일,강원도 원주시 태장동,경상사고,0,0,1,0,차대차 - 측면충돌,안전운전불이행,건조,맑음,단일로 - 기타,승용,여,62세,상해없음,승용,남,61세,경상
2022012100100103,2022년 1월 21일 08시,금요일,강원도 횡성군 횡성읍,경상사고,0,0,1,0,차대차 - 측면충돌,직진우회전진행방해,건조,맑음,교차로 - 교차로안,승용,여,60세,상해없음,승용,여,40세,경상
2022012100100178,2022년 1월 21일 10시,금요일,강원도 원주시 무실동,경상사고,0,0,1,0,차대차 - 측면충돌,안전운전불이행,건조,맑음,단일로 - 기타,건설기계,남,58세,상해없음,승용,남,38세,경상
2022012100100258,2022년 1월 21일 12시,금요일,강원도 강릉시 강동면,중상사고,0,1,1,1,차대차 - 기타,신호위반,건조,맑음,교차로 - 교차로안,승용,여,47세,부상신고,승용,남,53세,경상
2022012100100305,2022년 1월 21일 13시,금요일,강원도 춘천시 효자동,부상신고사고,0,0,0,1,차대차 - 기타,직진우회전진행방해,건조,맑음,교차로 - 교차로안,승용,남,44세,상해없음,이륜,남,35세,부상신고
2022012100100363,2022년 1월 21일 15시,금요일,강원도 홍천군 홍천읍,경상사고,0,0,1,0,차대사람 - 횡단중,보행자보호의무위반,건조,맑음,단일로 - 지하차도(도로)내,승용,남,53세,상해없음,보행자,남,60세,경상
2022012100100364,2022년 1월 21일 15시,금요일,강원도 홍천군 홍천읍,경상사고,0,0,1,0,차대사람 - 보도통행중,기타,건조,맑음,기타 - 기타,승용,남,81세,상해없음,보행자,여,18세,경상
2022012100100365,2022년 1월 21일 15시,금요일,강원도 고성군 거진읍,경상사고,0,0,1,0,차대차 - 측면충돌,안전운전불이행,젖음/습기,맑음,단일로 - 기타,농기계,남,65세,기타불명,승용,여,71세,경상
2022012100100420,2022년 1월 21일 16시,금요일,강원도 양양군 현북면,경상사고,0,0,1,0,차대차 - 측면충돌,안전운전불이행,건조,맑음,교차로 - 교차로안,화물,여,57세,상해없음,자전거,남,16세,경상
2022012100100466,2022년 1월 21일 17시,금요일,강원도 홍천군 홍천읍,경상사고,0,0,1,1,차대차 - 측면충돌,직진우회전진행방해,건조,맑음,교차로 - 교차로안,승용,남,24세,부상신고,승용,남,61세,경상
2022012100100523,2022년 1월 21일 18시,금요일,강원도 속초시 노학동,중상사고,0,1,0,0,차대차 - 추돌,안전운전불이행,건조,맑음,단일로 - 기타,화물,남,61세,상해없음,승용,여,27세,중상
2022012100100524,2022년 1월 21일 18시,금요일,강원도 홍천군 홍천읍,경상사고,0,0,1,0,차대차 - 기타,안전운전불이행,건조,맑음,단일로 - 지하차도(도로)내,화물,남,59세,상해없음,승용,남,21세,경상
2022012100100578,2022년 1월 21일 19시,금요일,강원도 춘천시 동면,부상신고사고,0,0,0,2,차대차 - 추돌,안전거리미확보,건조,맑음,단일로 - 기타,승용,여,53세,상해없음,승합,여,46세,부상신고
2022012100100579,2022년 1월 21일 19시,금요일,강원도 홍천군 홍천읍,경상사고,0,0,2,0,차대차 - 측면충돌,기타,건조,맑음,교차로 - 교차로안,승용,남,47세,경상,승용,남,31세,경상
2022012100100580,2022년 1월 21일 19시,금요일,강원도 화천군 상서면,경상사고,0,0,1,0,차대사람 - 횡단중,안전운전불이행,건조,맑음,교차로 - 교차로부근,승용,남,31세,상해없음,보행자,남,23세,경상
2022012100100704,2022년 1월 21일 22시,금요일,강원도 강릉시 회산동,경상사고,0,0,4,0,차대차 - 추돌,안전운전불이행,건조,맑음,교차로 - 교차로부근,승용,여,54세,상해없음,승용,남,21세,경상
2022012100100705,2022년 1월 21일 22시,금요일,강원도 원주시 개운동,경상사고,0,0,1,0,차대차 - 기타,안전운전불이행,건조,맑음,단일로 - 기타,승용,남,20세,상해없음,이륜,남,34세,경상
2022012100100719,2022년 1월 21일 23시,금요일,강원도 원주시 일산동,경상사고,0,0,1,0,차대차 - 기타,신호위반,건조,맑음,교차로 - 교차로안,승용,남,26세,상해없음,승용,남,68세,경상
2022012100100720,2022년 1월 21일 23시,금요일,강원도 동해시 천곡동,중상사고,0,1,2,0,차대차 - 측면충돌,신호위반,건조,맑음,교차로 - 교차로안,승용,여,25세,상해없음,승용,여,43세,중상
2022012200100046,2022년 1월 22일 07시,토요일,강원도 홍천군 화촌면,중상사고,0,1,3,0,차대차 - 측면충돌,기타,건조,맑음,단일로 - 기타,승용,여,56세,상해없음,승용,남,35세,경상
2022012200100061,2022년 1월 22일 08시,토요일,강원도 춘천시 효자동,경상사고,0,0,1,0,차대사람 - 차도통행중,안전운전불이행,젖음/습기,맑음,단일로 - 지하차도(도로)내,승용,남,68세,상해없음,보행자,여,24세,경상
2022012200100077,2022년 1월 22일 09시,토요일,강원도 양양군 양양읍,중상사고,0,2,0,0,차대차 - 기타,기타,건조,맑음,교차로 - 교차로안,승용,남,50세,중상,승용,남,71세,기타불명
2022012200100078,2022년 1월 22일 09시,토요일,강원도 태백시 황지동,경상사고,0,0,3,0,차대차 - 측면충돌,교차로운행방법위반,건조,맑음,교차로 - 교차로안,승용,남,29세,상해없음,승용,여,39세,경상
2022012200100102,2022년 1월 22일 10시,토요일,강원도 정선군 임계면,경상사고,0,0,1,0,차량단독 - 기타,안전운전불이행,건조,맑음,단일로 - 기타,승용,남,64세,경상,,,,
2022012200100137,2022년 1월 22일 11시,토요일,강원도 강릉시 옥계면,경상사고,0,0,2,0,차대차 - 측면충돌,신호위반,건조,맑음,교차로 - 교차로안,건설기계,남,61세,상해없음,승용,남,28세,경상
2022012200100138,2022년 1월 22일 11시,토요일,강원도 원주시 단구동,경상사고,0,0,1,0,차대차 - 기타,안전거리미확보,건조,흐림,교차로 - 교차로안,승용,남,77세,상해없음,승용,여,59세,경상
2022012200100139,2022년 1월 22일 11시,토요일,강원도 속초시 동명동,경상사고,0,0,1,0,차대차 - 측면충돌,직진우회전진행방해,건조,맑음,교차로 - 교차로안,승용,남,61세,상해없음,승용,여,24세,경상
2022012200100212,2022년 1월 22일 13시,토요일,강원도 속초시 교동,경상사고,0,0,2,0,차대차 - 측면충돌,안전운전불이행,건조,맑음,단일로 - 기타,승용,여,34세,상해없음,승용,여,52세,경상
2022012200100244,2022년 1월 22일 14시,토요일,강원도 원주시 신림면,중상사고,0,1,0,0,차대사람 - 기타,안전운전불이행,건조,흐림,기타 - 기타,화물,여,65세,상해없음,보행자,여,75세,중상
2022012200100271,2022년 1월 22일 15시,토요일,강원도 춘천시 온의동,부상신고사고,0,0,0,1,차대사람 - 기타,안전운전불이행,건조,맑음,단일로 - 기타,승용,남,49세,상해없음,보행자,남,24세,부상신고
2022012200100272,2022년 1월 22일 15시,토요일,강원도 강릉시 주문진읍,중상사고,0,1,0,0,차대차 - 기타,중앙선침범,건조,맑음,단일로 - 기타,승용,여,42세,상해없음,승용,여,45세,중상
2022012200100273,2022년 1월 22일 15시,토요일,강원도 원주시 개운동,경상사고,0,0,1,0,차대차 - 측면충돌,안전운전불이행,건조,맑음,교차로 - 교차로부근,화물,남,58세,상해없음,화물,남,51세,경상
2022012200100274,2022년 1월 22일 15시,토요일,강원도 영월군 주천면,경상사고,0,0,2,0,차대차 - 정면충돌,중앙선침범,건조,맑음,단일로 - 기타,승용,여,23세,경상,승용,남,50세,경상
2022012200100332,2022년 1월 22일 17시,토요일,강원도 정선군 남면,경상사고,0,0,1,0,차대차 - 기타,중앙선침범,건조,맑음,단일로 - 기타,승용,남,70세,상해없음,승용,남,47세,경상
2022012200100356,2022년 1월 22일 18시,토요일,강원도 춘천시 석사동,경상사고,0,0,2,0,차대차 - 추돌,안전운전불이행,건조,맑음,단일로 - 기타,승용,남,57세,상해없음,승용,여,49세,경상
2022012200100357,2022년 1월 22일 18시,토요일,강원도 원주시 무실동,부상신고사고,0,0,0,1,차대차 - 측면충돌,교차로운행방법위반,건조,맑음,교차로 - 교차로안,승용,남,46세,상해없음,이륜,남,45세,부상신고
2022012200100430,2022년 1월 22일 20시,토요일,강원도 강릉시 교동,중상사고,0,2,0,0,차대차 - 추돌,안전운전불이행,건조,맑음,교차로 - 교차로안,승용,남,28세,상해없음,승용,남,22세,중상
2022012200100431,2022년 1월 22일 20시,토요일,강원도 삼척시 도계읍,경상사고,0,0,1,0,차대차 - 측면충돌,안전운전불이행,건조,맑음,교차로 - 교차로안,승용,남,70세,상해없음,승용,남,69세,경상
2022012200100468,2022년 1월 22일 21시,토요일,강원도 춘천시 퇴계동,부상신고사고,0,0,0,1,차대차 - 기타,직진우회전진행방해,건조,맑음,교차로 - 교차로안,승용,남,21세,상해없음,원동기,남,54세,부상신고
2022012200100469,2022년 1월 22일 21시,토요일,강원도 강릉시 연곡면,경상사고,0,0,1,0,차대사람 - 기타,안전운전불이행,건조,맑음,교차로 - 교차로안,승용,여,54세,상해없음,보행자,여,70세,경상
2022012200100470,2022년 1월 22일 21시,토요일,강원도 원주시 반곡동,경상사고,0,0,1,0,차대차 - 기타,신호위반,건조,흐림,교차로 - 교차로안,승용,남,28세,상해없음,이륜,남,51세,경상
2022012300100063,2022년 1월 23일 11시,일요일,강원도 춘천시 우두동,부상신고사고,0,0,0,1,차대차 - 기타,안전운전불이행,건조,맑음,교차로 - 교차로안,승용,여,29세,상해없음,승용,여,54세,부상신고
2022012300100123,2022년 1월 23일 13시,일요일,강원도 원주시 지정면,경상사고,0,0,2,0,차대차 - 정면충돌,중앙선침범,건조,흐림,단일로 - 기타,승용,여,58세,상해없음,승용,남,41세,경상
2022012300100124,2022년 1월 23일 13시,일요일,강원도 속초시 동명동,경상사고,0,0,2,0,차대차 - 측면충돌,교차로운행방법위반,건조,맑음,교차로 - 교차로안,승용,여,61세,상해없음,승용,남,25세,경상
2022012300100151,2022년 1월 23일 14시,일요일,강원도 원주시 명륜동,경상사고,0,0,1,0,차대차 - 측면충돌,교차로운행방법위반,건조,맑음,교차로 - 교차로안,화물,남,57세,상해없음,이륜,남,57세,경상
2022012300100152,2022년 1월 23일 14시,일요일,강원도 원주시 일산동,경상사고,0,0,2,0,차대차 - 기타,안전거리미확보,건조,맑음,단일로 - 기타,승용,남,59세,상해없음,승용,남,60세,경상
2022012300100181,2022년 1월 23일 15시,일요일,강원도 원주시 문막읍,경상사고,0,0,1,0,차대차 - 기타,신호위반,건조,맑음,교차로 - 교차로안,승용,남,84세,상해없음,이륜,남,40세,경상
2022012300100182,2022년 1월 23일 15시,일요일,강원도 동해시 천곡동,경상사고,0,0,2,0,차대차 - 측면충돌,직진우회전진행방해,건조,맑음,교차로 - 교차로안,화물,남,20세,상해없음,승용,남,32세,경상
2022012300100183,2022년 1월 23일 15시,일요일,강원도 인제군 기린면,중상사고,0,2,0,0,차대차 - 측면충돌,신호위반,건조,맑음,단일로 - 기타,승용,남,24세,상해없음,승용,여,33세,중상
2022012300100215,2022년 1월 23일 16시,일요일,강원도 강릉시 강동면,중상사고,0,2,4,0,차대차 - 측면충돌,중앙선침범,건조,맑음,단일로 - 기타,승용,남,52세,상해없음,승용,남,56세,경상
2022012300100237,2022년 1월 23일 17시,일요일,강원도 삼척시 남양동,경상사고,0,0,1,0,차대사람 - 차도통행중,안전운전불이행,기타,맑음,단일로 - 기타,승용,남,41세,상해없음,보행자,남,56세,경상
2022012300100257,2022년 1월 23일 18시,일요일,강원도 원주시 관설동,경상사고,0,0,1,1,차대차 - 측면충돌,신호위반,건조,맑음,교차로 - 교차로안,승용,남,53세,상해없음,승용,남,61세,부상신고
2022012300100258,2022년 1월 23일 18시,일요일,강원도 태백시 황지동,경상사고,0,0,1,0,차대사람 - 횡단중,보행자보호의무위반,젖음/습기,비,교차로 - 교차로횡단보도내,승용,여,35세,상해없음,보행자,여,75세,경상
2022012300100378,2022년 1월 23일 21시,일요일,강원도 강릉시 옥천동,중상사고,0,1,0,0,차대사람 - 기타,안전운전불이행,건조,흐림,단일로 - 기타,승용,남,37세,상해없음,보행자,남,56세,중상
2022012300100397,2022년 1월 23일 22시,일요일,강원도 원주시 태장동,경상사고,0,0,2,0,차대차 - 측면충돌,안전거리미확보,젖음/습기,맑음,단일로 - 교량,승용,남,19세,상해없음,승용,남,53세,경상
2022012300100398,2022년 1월 23일 22시,일요일,강원도 홍천군 홍천읍,경상사고,0,0,1,0,차대차 - 측면충돌,직진우회전진행방해,건조,맑음,교차로 - 교차로안,승용,남,42세,상해없음,승용,여,65세,경상
2022012400100080,2022년 1월 24일 08시,월요일,강원도 원주시 단구동,중상사고,0,1,0,1,차대차 - 기타,안전운전불이행,건조,맑음,교차로 - 교차로안,승합,남,33세,부상신고,화물,여,54세,중상
2022012400100081,2022년 1월 24일 08시,월요일,강원도 화천군 상서면,중상사고,0,1,2,0,차대차 - 정면충돌,중앙선침범,건조,흐림,교차로 - 교차로부근,승용,남,23세,상해없음,승용,여,58세,중상
2022012400100082,2022년 1월 24일 08시,월요일,강원도 고성군 간성읍,중상사고,0,1,0,0,차대차 - 측면충돌,안전운전불이행,서리/결빙,맑음,교차로 - 교차로안,승용,여,62세,상해없음,승용,남,37세,중상
2022012400100128,2022년 1월 24일 09시,월요일,강원도 원주시 문막읍,경상사고,0,0,4,0,차대차 - 추돌,안전운전불이행,건조,맑음,단일로 - 기타,화물,남,30세,상해없음,승용,남,60세,경상
2022012400100129,2022년 1월 24일 09시,월요일,강원도 홍천군 서면,경상사고,0,0,1,0,차대차 - 측면충돌,중앙선침범,건조,맑음,단일로 - 지하차도(도로)내,화물,남,36세,상해없음,승용,남,65세,경상
2022012400100159,2022년 1월 24일 10시,월요일,강원도 춘천시 온의동,경상사고,0,0,2,0,차대차 - 기타,안전운전불이행,건조,맑음,교차로 - 교차로안,승용,남,76세,상해없음,승합,남,56세,상해없음
2022012400100189,2022년 1월 24일 11시,월요일,강원도 원주시 문막읍,경상사고,0,0,1,1,차대차 - 측면충돌,신호위반,건조,맑음,교차로 - 교차로안,승용,남,65세,부상신고,승용,남,31세,경상
2022012400100190,2022년 1월 24일 11시,월요일,강원도 홍천군 서석면,경상사고,0,0,2,0,차대차 - 측면충돌,교차로운행방법위반,건조,맑음,교차로 - 교차로안,특수,남,49세,상해없음,화물,남,63세,경상
2022012400100191,2022년 1월 24일 11시,월요일,강원도 횡성군 횡성읍,중상사고,0,1,0,0,차대차 - 기타,직진우회전진행방해,건조,맑음,교차로 - 교차로안,승용,남,38세,상해없음,이륜,남,43세,중상
2022012400100237,2022년 1월 24일 12시,월요일,강원도 원주시 단계동,중상사고,0,1,0,0,차대사람 - 횡단중,안전운전불이행,건조,맑음,단일로 - 기타,승용,여,62세,상해없음,보행자,남,84세,중상
2022012400100268,2022년 1월 24일 13시,월요일,강원도 원주시 문막읍,중상사고,0,2,4,0,차대차 - 기타,안전거리미확보,건조,맑음,교차로 - 교차로안,승용,남,66세,상해없음,화물,남,62세,상해없음
2022012400100295,2022년 1월 24일 14시,월요일,강원도 횡성군 횡성읍,경상사고,0,0,1,0,차대차 - 추돌,안전운전불이행,건조,흐림,단일로 - 기타,화물,남,44세,상해없음,승용,여,44세,경상
2022012400100296,2022년 1월 24일 14시,월요일,강원도 양구군 국토정중앙면,경상사고,0,0,2,0,차대차 - 측면충돌,중앙선침범,젖음/습기,맑음,단일로 - 기타,화물,남,69세,상해없음,화물,남,27세,경상
2022012400100318,2022년 1월 24일 15시,월요일,강원도 속초시 조양동,중상사고,0,1,1,0,차대차 - 추돌,안전운전불이행,건조,맑음,교차로 - 교차로안,승용,남,34세,상해없음,화물,남,50세,중상