사고번호,사고일시,요일,시군구,사고내용,사망자수,중상자수,경상자수,부상신고자수,사고유형,법규위반,노면상태,기상상태,도로형태,가해운전자 차종,가해운전자 성별,가해운전자 연령,가해운전자 상해정도,피해운전자 차종,피해운전자 성별,피해운전자 연령,피해운전자 상해정도
2022012400100319,2022년 1월 24일 15시,월요일,강원도 속초시 조양동,경상사고,0,0,1,0,차대차 - 측면충돌,안전거리미확보,건조,맑음,단일로 - 기타,승용,여,45세,상해없음,승용,여,39세,경상
2022012400100340,2022년 1월 24일 16시,월요일,강원도 원주시 태장동,경상사고,0,0,2,0,차대차 - 측면충돌,교차로운행방법위반,건조,흐림,교차로 - 교차로안,승합,여,48세,상해없음,승용,여,32세,경상
2022012400100366,2022년 1월 24일 17시,월요일,강원도 원주시 문막읍,중상사고,0,1,0,0,차대차 - 추돌,직진우회전진행방해,건조,맑음,교차로 - 교차로안,이륜,남,39세,상해없음,이륜,남,57세,중상
2022012400100367,2022년 1월 24일 17시,월요일,강원도 영월군 영월읍,부상신고사고,0,0,0,1,차대차 - 측면충돌,직진우회전진행방해,건조,맑음,교차로 - 교차로안,승용,여,55세,기타불명,이륜,남,17세,부상신고
2022012400100368,2022년 1월 24일 17시,월요일,강원도 영월군 김삿갓면,중상사고,0,4,2,0,차대차 - 정면충돌,안전운전불이행,건조,맑음,교차로 - 교차로안,승용,여,59세,상해없음,승용,남,67세,경상
2022012400100411,2022년 1월 24일 18시,월요일,강원도 원주시 무실동,중상사고,0,1,0,0,차대차 - 추돌,안전운전불이행,건조,맑음,교차로 - 교차로부근,이륜,남,19세,상해없음,승용,남,65세,중상
2022012400100412,2022년 1월 24일 18시,월요일,강원도 태백시 황지동,경상사고,0,0,1,0,차대차 - 측면충돌,교차로운행방법위반,건조,맑음,교차로 - 교차로안,승용,남,69세,상해없음,승용,여,38세,경상
2022012400100466,2022년 1월 24일 19시,월요일,강원도 춘천시 동면,경상사고,0,0,1,0,차대차 - 측면충돌,직진우회전진행방해,건조,흐림,교차로 - 교차로안,승용,여,53세,상해없음,승용,남,52세,경상
2022012400100467,2022년 1월 24일 19시,월요일,강원도 동해시 구미동,중상사고,0,1,0,0,차대사람 - 횡단중,안전운전불이행,건조,맑음,교차로 - 교차로안,승용,남,40세,상해없음,보행자,여,55세,중상
2022012400100468,2022년 1월 24일 19시,월요일,강원도 동해시 천곡동,경상사고,0,0,2,0,차대차 - 추돌,안전운전불이행,건조,맑음,단일로 - 기타,승용,남,56세,상해없음,승용,남,29세,경상
2022012400100528,2022년 1월 24일 21시,월요일,강원도 원주시 흥업면,경상사고,0,0,1,0,차대차 - 측면충돌,안전운전불이행,건조,맑음,단일로 - 기타,화물,남,60세,상해없음,승용,남,26세,경상
2022012500100075,2022년 1월 25일 08시,화요일,강원도 춘천시 퇴계동,경상사고,0,0,1,0,차대차 - 추돌,안전거리미확보,젖음/습기,흐림,단일로 - 기타,승용,남,31세,상해없음,승용,여,42세,경상
2022012500100076,2022년 1월 25일 08시,화요일,강원도 동해시 평릉동,경상사고,0,0,1,0,차대차 - 측면충돌,안전거리미확보,건조,맑음,단일로 - 기타,승용,남,61세,상해없음,승용,여,39세,경상
2022012500100162,2022년 1월 25일 11시,화요일,강원도 양양군 강현면,경상사고,0,0,1,0,차대차 - 측면충돌,안전운전불이행,건조,맑음,단일로 - 지하차도(도로)내,승용,남,63세,상해없음,승용,여,60세,경상
2022012500100163,2022년 1월 25일 11시,화요일,강원도 철원군 갈말읍,경상사고,0,0,1,0,차대차 - 측면충돌,안전운전불이행,건조,맑음,교차로 - 교차로부근,화물,남,68세,상해없음,승용,남,36세,경상
2022012500100222,2022년 1월 25일 13시,화요일,강원도 태백시 통동,경상사고,0,0,2,0,차대차 - 측면충돌,중앙선침범,건조,맑음,기타 - 기타,승용,남,61세,상해없음,승용,남,73세,경상
2022012500100252,2022년 1월 25일 14시,화요일,강원도 삼척시 사직동,경상사고,0,0,1,0,차대차 - 추돌,안전거리미확보,건조,맑음,단일로 - 지하차도(도로)내,승용,여,55세,상해없음,승용,여,61세,경상
2022012500100281,2022년 1월 25일 15시,화요일,강원도 춘천시 우두동,경상사고,0,0,1,0,차대차 - 기타,기타,건조,맑음,기타 - 기타,승용,남,61세,상해없음,승용,여,53세,경상
2022012500100343,2022년 1월 25일 17시,화요일,강원도 속초시 교동,경상사고,0,0,1,0,차대차 - 측면충돌,직진우회전진행방해,건조,맑음,교차로 - 교차로안,원동기,남,33세,상해없음,승용,남,72세,경상
2022012500100385,2022년 1월 25일 18시,화요일,강원도 춘천시 효자동,경상사고,0,0,1,0,차대사람 - 기타,안전운전불이행,건조,맑음,단일로 - 기타,승합,남,56세,상해없음,보행자,여,30세,경상
2022012500100386,2022년 1월 25일 18시,화요일,강원도 원주시 단계동,중상사고,0,1,0,0,차대차 - 측면충돌,교차로운행방법위반,젖음/습기,비,교차로 - 교차로안,승용,여,44세,상해없음,이륜,남,52세,중상
2022012500100387,2022년 1월 25일 18시,화요일,강원도 양양군 양양읍,경상사고,0,0,1,0,차대차 - 측면충돌,안전운전불이행,건조,맑음,단일로 - 기타,승용,남,75세,상해없음,승용,여,53세,경상
2022012500100436,2022년 1월 25일 19시,화요일,강원도 강릉시 교동,사망사고,1,0,0,0,차대차 - 기타,신호위반,건조,맑음,교차로 - 교차로안,이륜,남,36세,상해없음,이륜,남,36세,사망
2022012500100437,2022년 1월 25일 19시,화요일,강원도 태백시 황지동,경상사고,0,0,1,0,차대차 - 측면충돌,교차로운행방법위반,건조,맑음,교차로 - 교차로안,승용,남,77세,상해없음,승용,남,67세,경상
2022012500100562,2022년 1월 25일 23시,화요일,강원도 춘천시 후평동,경상사고,0,0,1,0,차대차 - 측면충돌,신호위반,건조,맑음,교차로 - 교차로안,이륜,남,20세,상해없음,승용,여,45세,경상
2022012600100090,2022년 1월 26일 08시,수요일,강원도 춘천시 운교동,부상신고사고,0,0,0,1,차대차 - 측면충돌,기타,건조,맑음,단일로 - 기타,화물,남,39세,상해없음,승용,남,26세,부상신고
2022012600100091,2022년 1월 26일 08시,수요일,강원도 원주시 명륜동,경상사고,0,0,1,0,차대차 - 기타,안전운전불이행,건조,맑음,교차로 - 교차로안,화물,남,57세,상해없음,승용,남,28세,경상
2022012600100092,2022년 1월 26일 08시,수요일,강원도 원주시 단구동,경상사고,0,0,1,0,차대차 - 추돌,안전운전불이행,건조,맑음,교차로 - 교차로부근,승용,남,59세,상해없음,화물,남,57세,경상
2022012600100093,2022년 1월 26일 08시,수요일,강원도 태백시 황지동,경상사고,0,0,1,0,차대차 - 측면충돌,교차로운행방법위반,건조,맑음,교차로 - 교차로안,화물,남,53세,상해없음,승용,남,26세,경상
2022012600100094,2022년 1월 26일 08시,수요일,강원도 정선군 신동읍,중상사고,0,1,0,0,차대차 - 추돌,안전운전불이행,젖음/습기,맑음,교차로 - 교차로부근,화물,남,54세,상해없음,승용,남,61세,중상
2022012600100150,2022년 1월 26일 10시,수요일,강원도 춘천시 석사동,경상사고,0,0,1,0,차대차 - 기타,안전거리미확보,건조,맑음,교차로 - 교차로안,승용,여,51세,상해없음,승용,여,59세,경상
2022012600100246,2022년 1월 26일 13시,수요일,강원도 춘천시 죽림동,부상신고사고,0,0,0,1,차대차 - 후진중충돌,안전운전불이행,건조,맑음,교차로 - 교차로안,승용,남,18세,상해없음,승용,남,31세,부상신고
2022012600100247,2022년 1월 26일 13시,수요일,강원도 홍천군 홍천읍,부상신고사고,0,0,0,1,차대차 - 기타,안전운전불이행,건조,맑음,단일로 - 기타,승용,남,57세,상해없음,승용,여,43세,부상신고
2022012600100276,2022년 1월 26일 14시,수요일,강원도 원주시 태장동,경상사고,0,0,1,0,차대차 - 측면충돌,직진우회전진행방해,건조,맑음,교차로 - 교차로안,승용,여,65세,상해없음,승용,여,64세,경상
2022012600100310,2022년 1월 26일 15시,수요일,강원도 원주시 관설동,경상사고,0,0,1,0,차대차 - 측면충돌,안전운전불이행,건조,맑음,교차로 - 교차로안,화물,남,61세,상해없음,승용,남,39세,경상
2022012600100337,2022년 1월 26일 16시,수요일,강원도 춘천시 퇴계동,경상사고,0,0,1,0,차대차 - 측면충돌,차로위반,건조,맑음,교차로 - 교차로부근,승용,남,75세,상해없음,승용,여,54세,경상
2022012600100566,2022년 1월 26일 23시,수요일,강원도 속초시 교동,중상사고,0,1,0,0,차대사람 - 차도통행중,신호위반,건조,맑음,교차로 - 교차로안,이륜,남,25세,상해없음,보행자,여,54세,중상
2022012700100029,2022년 1월 27일 06시,목요일,강원도 동해시 발한동,중상사고,0,1,0,0,차대사람 - 기타,안전운전불이행,건조,맑음,교차로 - 교차로안,승용,남,59세,상해없음,보행자,여,65세,중상
2022012700100072,2022년 1월 27일 08시,목요일,강원도 원주시 호저면,중상사고,0,1,0,0,차대차 - 추돌,신호위반,건조,맑음,교차로 - 교차로안,화물,남,27세,상해없음,승용,여,50세,중상
2022012700100126,2022년 1월 27일 10시,목요일,강원도 정선군 정선읍,중상사고,0,1,0,0,차량단독 - 공작물충돌,안전운전불이행,건조,맑음,단일로 - 기타,승용,남,47세,중상,,,,
2022012700100162,2022년 1월 27일 11시,목요일,강원도 원주시 일산동,중상사고,0,1,0,0,차대차 - 기타,안전거리미확보,건조,맑음,단일로 - 기타,승용,남,45세,상해없음,승합,남,63세,중상
2022012700100163,2022년 1월 27일 11시,목요일,강원도 동해시 이도동,경상사고,0,0,1,0,차대차 - 측면충돌,안전거리미확보,건조,맑음,교차로 - 교차로부근,특수,남,64세,상해없음,승용,여,41세,경상
2022012700100218,2022년 1월 27일 13시,목요일,강원도 횡성군 횡성읍,사망사고,1,0,0,0,차대사람 - 횡단중,안전운전불이행,건조,맑음,단일로 - 기타,승용,여,53세,상해없음,보행자,여,83세,사망
2022012700100248,2022년 1월 27일 14시,목요일,강원도 원주시 명륜동,경상사고,0,0,1,0,차대사람 - 차도통행중,안전운전불이행,건조,맑음,단일로 - 기타,승용,여,75세,상해없음,보행자,남,72세,경상
2022012700100249,2022년 1월 27일 14시,목요일,강원도 원주시 소초면,경상사고,0,0,2,0,차대차 - 측면충돌,안전운전불이행,건조,맑음,교차로 - 교차로부근,승용,남,18세,경상,화물,남,41세,경상
2022012700100294,2022년 1월 27일 15시,목요일,강원도 강릉시 성남동,중상사고,0,1,0,0,차대사람 - 횡단중,안전운전불이행,건조,맑음,교차로 - 교차로안,승용,여,61세,상해없음,보행자,여,67세,중상
2022012700100295,2022년 1월 27일 15시,목요일,강원도 원주시 문막읍,경상사고,0,0,3,0,차대차 - 기타,신호위반,건조,맑음,교차로 - 교차로안,이륜,여,55세,상해없음,승용,여,34세,경상
2022012700100296,2022년 1월 27일 15시,목요일,강원도 원주시 단계동,중상사고,0,3,1,0,차대차 - 정면충돌,기타,건조,맑음,교차로 - 교차로안,승용,여,66세,중상,승용,남,66세,중상
2022012700100297,2022년 1월 27일 15시,목요일,강원도 원주시 단계동,중상사고,0,1,0,0,차대차 - 측면충돌,신호위반,건조,맑음,교차로 - 교차로안,승용,남,77세,상해없음,승용,여,66세,중상
2022012700100298,2022년 1월 27일 15시,목요일,강원도 속초시 동명동,경상사고,0,0,2,0,차대차 - 측면충돌,차로위반,건조,맑음,교차로 - 교차로안,승용,남,72세,상해없음,승용,여,33세,경상
2022012700100405,2022년 1월 27일 18시,목요일,강원도 양구군 동면,경상사고,0,0,1,0,차대차 - 추돌,안전운전불이행,건조,맑음,단일로 - 기타,승용,여,51세,상해없음,승용,여,46세,경상
2022012700100446,2022년 1월 27일 19시,목요일,강원도 양양군 양양읍,경상사고,0,0,1,0,차대차 - 측면충돌,직진우회전진행방해,건조,맑음,교차로 - 교차로안,승용,남,40세,상해없음,승용,여,50세,경상
2022012700100479,2022년 1월 27일 20시,목요일,강원도 춘천시 석사동,경상사고,0,0,1,0,차대차 - 기타,안전운전불이행,건조,맑음,단일로 - 기타,승용,여,60세,기타불명,이륜,남,17세,경상
2022012700100511,2022년 1월 27일 21시,목요일,강원도 강릉시 홍제동,경상사고,0,0,2,0,차대차 - 추돌,안전운전불이행,건조,맑음,교차로 - 교차로부근,승용,남,36세,상해없음,승용,남,25세,경상
2022012700100512,2022년 1월 27일 21시,목요일,강원도 동해시 발한동,중상사고,0,1,0,0,차대사람 - 길가장자리구역통행중,안전운전불이행,건조,맑음,교차로 - 교차로안,승용,남,67세,상해없음,보행자,남,59세,중상
2022012800100036,2022년 1월 28일 07시,금요일,강원도 원주시 판부면,경상사고,0,0,1,0,차대차 - 측면충돌,안전운전불이행,건조,맑음,교차로 - 교차로부근,승용,남,46세,상해없음,승용,남,37세,상해없음
2022012800100059,2022년 1월 28일 08시,금요일,강원도 춘천시 후평동,중상사고,0,1,0,0,차대사람 - 횡단중,보행자보호의무위반,건조,흐림,교차로 - 교차로횡단보도내,승용,여,25세,상해없음,보행자,여,62세,중상
2022012800100060,2022년 1월 28일 08시,금요일,강원도 원주시 판부면,중상사고,0,1,1,0,차대차 - 추돌,안전운전불이행,건조,맑음,단일로 - 기타,승용,남,45세,상해없음,승용,남,47세,중상
2022012800100061,2022년 1월 28일 08시,금요일,강원도 홍천군 홍천읍,중상사고,0,1,1,0,차대차 - 측면충돌,신호위반,건조,맑음,교차로 - 교차로안,승용,여,61세,경상,승용,남,49세,중상
2022012800100121,2022년 1월 28일 10시,금요일,강원도 춘천시 온의동,경상사고,0,0,1,0,차량단독 - 기타,안전운전불이행,건조,맑음,단일로 - 기타,승합,남,59세,상해없음,,,,
2022012800100159,2022년 1월 28일 11시,금요일,강원도 동해시 평릉동,경상사고,0,0,2,0,차대차 - 기타,안전운전불이행,건조,맑음,교차로 - 교차로안,승용,여,68세,기타불명,승용,여,70세,경상
2022012800100198,2022년 1월 28일 12시,금요일,강원도 속초시 교동,경상사고,0,0,2,0,차대차 - 측면충돌,안전운전불이행,건조,맑음,단일로 - 고가도로위,승용,여,43세,상해없음,이륜,남,22세,경상
2022012800100238,2022년 1월 28일 13시,금요일,강원도 춘천시 효자동,경상사고,0,0,1,0,차대사람 - 기타,안전운전불이행,건조,맑음,단일로 - 기타,승합,남,57세,상해없음,보행자,여,71세,경상
2022012800100239,2022년 1월 28일 13시,금요일,강원도 동해시 이도동,중상사고,0,1,1,0,차대차 - 추돌,안전운전불이행,건조,맑음,교차로 - 교차로부근,승용,남,26세,상해없음,승용,여,55세,경상
2022012800100320,2022년 1월 28일 15시,금요일,강원도 원주시 단구동,경상사고,0,0,4,0,차대차 - 측면충돌,안전운전불이행,건조,맑음,단일로 - 기타,승용,남,57세,경상,승용,여,49세,경상
2022012800100403,2022년 1월 28일 17시,금요일,강원도 원주시 명륜동,중상사고,0,1,0,0,차대사람 - 보도통행중,안전운전불이행,건조,맑음,단일로 - 기타,기타불명,기타불명,미분류,기타불명,보행자,여,16세,중상
2022012800100404,2022년 1월 28일 17시,금요일,강원도 속초시 교동,경상사고,0,0,1,0,차대차 - 측면충돌,안전운전불이행,건조,맑음,교차로 - 교차로안,승용,남,54세,상해없음,승용,남,50세,경상
2022012800100461,2022년 1월 28일 18시,금요일,강원도 홍천군 홍천읍,중상사고,0,1,1,0,차대차 - 추돌,안전거리미확보,건조,맑음,단일로 - 기타,화물,남,66세,상해없음,승합,남,65세,중상
2022012800100462,2022년 1월 28일 18시,금요일,강원도 횡성군 둔내면,중상사고,0,1,0,0,차대차 - 추돌,안전운전불이행,건조,맑음,단일로 - 터널,승용,남,50세,상해없음,화물,남,25세,상해없음
2022012800100518,2022년 1월 28일 19시,금요일,강원도 평창군 대관령면,경상사고,0,0,1,0,차대차 - 측면충돌,불법유턴,건조,맑음,단일로 - 지하차도(도로)내,승용,남,54세,상해없음,농기계,남,77세,경상
2022012800100549,2022년 1월 28일 20시,금요일,강원도 춘천시 효자동,중상사고,0,1,0,0,차대사람 - 횡단중,보행자보호의무위반,건조,흐림,기타 - 기타,이륜,여,62세,상해없음,보행자,여,82세,중상
2022012800100550,2022년 1월 28일 20시,금요일,강원도 원주시 단계동,경상사고,0,0,1,0,차대사람 - 보도통행중,보행자보호의무위반,건조,맑음,단일로 - 기타,승용,여,57세,상해없음,보행자,남,53세,경상
2022012800100551,2022년 1월 28일 20시,금요일,강원도 양구군 양구읍,경상사고,0,0,1,0,차대차 - 측면충돌,안전운전불이행,건조,맑음,교차로 - 교차로부근,승용,남,80세,상해없음,승용,남,67세,경상
2022012900100030,2022년 1월 29일 06시,토요일,강원도 횡성군 횡성읍,중상사고,0,1,0,0,차대사람 - 횡단중,안전운전불이행,건조,맑음,단일로 - 기타,승용,남,51세,상해없음,보행자,여,48세,중상
2022012900100053,2022년 1월 29일 08시,토요일,강원도 원주시 지정면,경상사고,0,0,3,0,차대차 - 기타,기타,건조,맑음,교차로 - 교차로안,승합,남,49세,상해없음,승용,여,58세,경상
2022012900100064,2022년 1월 29일 09시,토요일,강원도 원주시 명륜동,경상사고,0,0,2,0,차대차 - 측면충돌,안전운전불이행,건조,맑음,교차로 - 교차로안,승용,남,53세,상해없음,승용,여,52세,경상
2022012900100086,2022년 1월 29일 10시,토요일,강원도 춘천시 신동면,경상사고,0,0,1,0,차대차 - 측면충돌,신호위반,건조,맑음,교차로 - 교차로안,승용,남,61세,상해없음,승용,남,34세,경상
2022012900100087,2022년 1월 29일 10시,토요일,강원도 강릉시 송정동,중상사고,0,1,0,0,차대차 - 측면충돌,안전운전불이행,건조,맑음,주차장 - 주차장,승용,여,50세,상해없음,승용,남,62세,중상
2022012900100143,2022년 1월 29일 12시,토요일,강원도 인제군 상남면,중상사고,0,1,1,0,차대차 - 측면충돌,안전운전불이행,건조,맑음,주차장 - 주차장,승용,남,29세,상해없음,승용,남,36세,경상
2022012900100180,2022년 1월 29일 13시,토요일,강원도 춘천시 신북읍,경상사고,0,0,1,1,차대차 - 측면충돌,교차로운행방법위반,건조,맑음,교차로 - 교차로안,승용,여,35세,상해없음,승용,여,54세,경상
2022012900100181,2022년 1월 29일 13시,토요일,강원도 원주시 소초면,중상사고,0,1,4,0,차대차 - 추돌,안전거리미확보,건조,맑음,단일로 - 기타,승용,남,32세,상해없음,승용,남,48세,경상
2022012900100208,2022년 1월 29일 14시,토요일,강원도 강릉시 박월동,경상사고,0,0,3,0,차대차 - 추돌,안전운전불이행,건조,맑음,교차로 - 교차로부근,화물,남,51세,상해없음,승용,여,42세,경상
2022012900100235,2022년 1월 29일 15시,토요일,강원도 원주시 반곡동,경상사고,0,0,2,0,차대차 - 측면충돌,교차로운행방법위반,건조,맑음,단일로 - 기타,승용,남,52세,상해없음,승용,남,33세,상해없음
2022012900100236,2022년 1월 29일 15시,토요일,강원도 평창군 평창읍,중상사고,0,3,0,0,차대차 - 추돌,안전운전불이행,건조,맑음,단일로 - 지하차도(도로)내,화물,남,69세,상해없음,승용,남,30세,중상
2022012900100271,2022년 1월 29일 16시,토요일,강원도 원주시 태장동,경상사고,0,0,2,0,차대차 - 추돌,안전운전불이행,건조,맑음,단일로 - 기타,승용,남,26세,상해없음,승용,여,60세,상해없음
2022012900100307,2022년 1월 29일 17시,토요일,강원도 태백시 황지동,경상사고,0,0,1,0,차대사람 - 기타,안전운전불이행,건조,맑음,단일로 - 기타,승용,남,52세,상해없음,보행자,여,25세,경상
2022012900100308,2022년 1월 29일 17시,토요일,강원도 횡성군 횡성읍,경상사고,0,0,1,0,차대차 - 추돌,안전운전불이행,건조,맑음,교차로 - 교차로부근,승용,남,61세,상해없음,승용,남,61세,경상
2022013000100072,2022년 1월 30일 11시,일요일,강원도 강릉시 입암동,경상사고,0,0,1,0,차대차 - 기타,안전운전불이행,건조,맑음,교차로 - 교차로안,승용,남,21세,상해없음,승용,남,35세,경상
2022013000100092,2022년 1월 30일 12시,일요일,강원도 속초시 조양동,중상사고,0,2,0,0,차대사람 - 횡단중,보행자보호의무위반,건조,맑음,교차로 - 교차로안,승용,여,51세,상해없음,보행자,여,62세,중상
2022013000100093,2022년 1월 30일 12시,일요일,강원도 철원군 갈말읍,경상사고,0,0,1,0,차대차 - 후진중충돌,안전운전불이행,건조,맑음,주차장 - 주차장,승용,남,21세,기타불명,승합,남,58세,경상
2022013000100094,2022년 1월 30일 12시,일요일,강원도 강릉시 성산면,부상신고사고,0,0,0,3,차대차 - 추돌,안전거리미확보,건조,맑음,단일로 - 기타,승용,남,54세,상해없음,승용,남,28세,부상신고
2022013000100095,2022년 1월 30일 12시,일요일,강원도 홍천군 홍천읍,중상사고,0,3,1,0,차대차 - 측면충돌,차로위반,건조,맑음,단일로 - 기타,승용,남,29세,상해없음,승용,남,61세,중상
2022013000100117,2022년 1월 30일 13시,일요일,강원도 강릉시 임당동,경상사고,0,0,1,0,차대차 - 측면충돌,안전운전불이행,건조,맑음,단일로 - 기타,승용,남,78세,상해없음,승용,남,29세,경상
2022013000100118,2022년 1월 30일 13시,일요일,강원도 원주시 단구동,경상사고,0,0,1,0,차대차 - 측면충돌,중앙선침범,건조,맑음,교차로 - 교차로부근,승용,남,64세,상해없음,이륜,남,25세,경상
2022013000100119,2022년 1월 30일 13시,일요일,강원도 원주시 관설동,경상사고,0,0,3,0,차대차 - 기타,차로위반,건조,맑음,교차로 - 교차로부근,승용,남,31세,기타불명,승용,여,46세,경상
2022013000100120,2022년 1월 30일 13시,일요일,강원도 양양군 현남면,경상사고,0,0,4,0,차대차 - 측면충돌,신호위반,건조,맑음,단일로 - 터널,승용,남,23세,상해없음,승용,남,44세,경상
2022013000100145,2022년 1월 30일 14시,일요일,강원도 평창군 진부면,경상사고,0,0,2,0,차대차 - 추돌,안전운전불이행,건조,맑음,단일로 - 터널,승용,여,32세,상해없음,승용,남,40세,경상
2022013000100146,2022년 1월 30일 14시,일요일,강원도 홍천군 화촌면,중상사고,0,1,0,0,차대차 - 추돌,안전거리미확보,건조,맑음,단일로 - 교량,화물,남,45세,상해없음,화물,남,33세,중상
2022013000100176,2022년 1월 30일 15시,일요일,강원도 강릉시 교동,경상사고,0,0,1,0,차대차 - 기타,안전운전불이행,건조,맑음,교차로 - 교차로안,승용,남,47세,상해없음,승합,남,42세,상해없음
2022013000100177,2022년 1월 30일 15시,일요일,강원도 원주시 원동,중상사고,0,1,0,0,차대사람 - 길가장자리구역통행중,안전운전불이행,건조,맑음,기타 - 기타,승용,남,44세,상해없음,보행자,여,67세,중상
2022013000100178,2022년 1월 30일 15시,일요일,강원도 원주시 태장동,경상사고,0,0,4,0,차대차 - 측면충돌,안전운전불이행,건조,맑음,단일로 - 기타,승용,남,61세,상해없음,승용,남,38세,기타불명
2022013000100231,2022년 1월 30일 17시,일요일,강원도 고성군 토성면,경상사고,0,0,1,0,차대차 - 추돌,안전운전불이행,건조,맑음,단일로 - 기타,화물,남,69세,기타불명,승용,남,26세,경상
2022013000100259,2022년 1월 30일 18시,일요일,강원도 춘천시 우두동,중상사고,0,1,0,0,차대차 - 기타,교차로운행방법위반,건조,맑음,교차로 - 교차로안,승용,남,51세,상해없음,이륜,남,38세,중상
2022013000100283,2022년 1월 30일 19시,일요일,강원도 원주시 원동,중상사고,0,1,0,0,차대사람 - 기타,안전운전불이행,건조,맑음,교차로 - 교차로부근,승용,남,46세,상해없음,보행자,남,65세,중상
2022013000100284,2022년 1월 30일 19시,일요일,강원도 원주시 명륜동,경상사고,0,0,1,0,차대차 - 기타,신호위반,건조,흐림,교차로 - 교차로안,승용,여,26세,상해없음,이륜,남,28세,경상
2022013000100341,2022년 1월 30일 21시,일요일,강원도 삼척시 정상동,중상사고,0,1,0,0,차대사람 - 보도통행중,기타,건조,맑음,단일로 - 지하차도(도로)내,승용,남,50세,상해없음,보행자,남,9세,중상
2022013000100368,2022년 1월 30일 23시,일요일,강원도 속초시 조양동,중상사고,0,1,0,0,차대사람 - 기타,안전운전불이행,건조,맑음,단일로 - 기타,승용,남,37세,상해없음,보행자,남,48세,중상
2022013100100055,2022년 1월 31일 10시,월요일,강원도 양양군 강현면,경상사고,0,0,1,0,차대차 - 기타,차로위반,건조,맑음,단일로 - 기타,승용,남,55세,상해없음,승합,남,60세,상해없음
2022013100100069,2022년 1월 31일 11시,월요일,강원도 횡성군 안흥면,경상사고,0,0,1,0,차대사람 - 횡단중,안전운전불이행,건조,맑음,단일로 - 기타,승용,여,42세,상해없음,보행자,여,48세,경상
2022013100100087,2022년 1월 31일 12시,월요일,강원도 속초시 교동,중상사고,0,1,0,0,차대사람 - 차도통행중,안전운전불이행,건조,맑음,교차로 - 교차로부근,승용,여,56세,상해없음,보행자,여,75세,중상
2022013100100100,2022년 1월 31일 13시,월요일,강원도 양양군 양양읍,중상사고,0,2,1,0,차대차 - 측면충돌,중앙선침범,건조,맑음,단일로 - 기타,승용,여,26세,상해없음,승용,남,63세,중상
2022013100100101,2022년 1월 31일 13시,월요일,강원도 정선군 여량면,경상사고,0,0,4,0,차대차 - 기타,교차로운행방법위반,건조,맑음,교차로 - 교차로안,승용,남,43세,상해없음,승용,여,31세,경상
2022013100100219,2022년 1월 31일 18시,월요일,강원도 춘천시 후평동,경상사고,0,0,1,0,차대사람 - 횡단중,보행자보호의무위반,건조,맑음,교차로 - 교차로횡단보도내,이륜,남,46세,상해없음,보행자,여,40세,경상
2022013100100249,2022년 1월 31일 19시,월요일,강원도 강릉시 교동,경상사고,0,0,1,0,차대차 - 측면충돌,안전운전불이행,건조,맑음,단일로 - 기타,승용,남,69세,상해없음,승용,남,30세,경상
2022013100100268,2022년 1월 31일 20시,월요일,강원도 강릉시 강동면,경상사고,0,0,1,0,차대사람 - 횡단중,안전운전불이행,건조,맑음,단일로 - 기타,승용,남,30세,상해없음,보행자,여,53세,경상
2022013100100269,2022년 1월 31일 20시,월요일,강원도 정선군 정선읍,사망사고,2,0,4,0,차대차 - 정면충돌,중앙선침범,건조,맑음,단일로 - 기타,승용,남,66세,경상,승용,남,40세,경상
2022013100100330,2022년 1월 31일 23시,월요일,강원도 강릉시 내곡동,중상사고,0,2,3,0,차대차 - 기타,안전운전불이행,건조,맑음,단일로 - 기타,승용,남,53세,상해없음,승용,남,32세,경상
2022020100100030,2022년 2월 1일 09시,화요일,강원도 홍천군 내촌면,경상사고,0,0,2,0,차대차 - 측면충돌,직진우회전진행방해,젖음/습기,맑음,교차로 - 교차로안,승합,남,47세,상해없음,승용,남,57세,경상
2022020100100031,2022년 2월 1일 09시,화요일,강원도 원주시 무실동,경상사고,0,0,5,0,차대차 - 추돌,안전운전불이행,건조,맑음,단일로 - 기타,승용,남,22세,상해없음,승용,남,32세,경상
2022020100100057,2022년 2월 1일 11시,화요일,강원도 원주시 우산동,경상사고,0,0,3,0,차대차 - 추돌,안전운전불이행,건조,맑음,단일로 - 기타,승용,남,26세,상해없음,승용,여,44세,경상
2022020100100058,2022년 2월 1일 11시,화요일,강원도 원주시 흥업면,경상사고,0,0,4,0,차대차 - 추돌,안전운전불이행,젖음/습기,눈,교차로 - 교차로부근,승용,남,40세,상해없음,승용,남,37세,경상
2022020100100077,2022년 2월 1일 12시,화요일,강원도 평창군 방림면,경상사고,0,0,3,0,차대차 - 추돌,안전운전불이행,적설,눈,단일로 - 지하차도(도로)내,승용,여,43세,상해없음,승용,여,36세,경상
2022020100100078,2022년 2월 1일 12시,화요일,강원도 정선군 임계면,중상사고,0,1,1,0,차량단독 - 기타,안전운전불이행,적설,눈,단일로 - 기타,승용,여,62세,상해없음,,,,