사고번호,사고일시,요일,시군구,사고내용,사망자수,중상자수,경상자수,부상신고자수,사고유형,법규위반,노면상태,기상상태,도로형태,가해운전자 차종,가해운전자 성별,가해운전자 연령,가해운전자 상해정도,피해운전자 차종,피해운전자 성별,피해운전자 연령,피해운전자 상해정도
2022020100100107,2022년 2월 1일 14시,화요일,강원도 영월군 북면,경상사고,0,0,4,0,차대차 - 측면충돌,신호위반,젖음/습기,흐림,교차로 - 교차로안,승용,여,39세,상해없음,승용,남,48세,경상
2022020100100142,2022년 2월 1일 16시,화요일,강원도 강릉시 안현동,경상사고,0,0,2,0,차대차 - 정면충돌,중앙선침범,건조,맑음,단일로 - 기타,승용,남,53세,상해없음,승용,남,26세,상해없음
2022020100100174,2022년 2월 1일 18시,화요일,강원도 횡성군 둔내면,경상사고,0,0,2,0,차대차 - 기타,안전거리미확보,적설,눈,단일로 - 기타,승용,남,34세,상해없음,승용,남,44세,경상
2022020100100188,2022년 2월 1일 19시,화요일,강원도 강릉시 주문진읍,경상사고,0,0,5,0,차대차 - 측면충돌,안전운전불이행,건조,맑음,기타 - 기타,승용,남,48세,경상,승용,남,35세,경상
2022020100100189,2022년 2월 1일 19시,화요일,강원도 홍천군 북방면,경상사고,0,0,4,0,차대차 - 측면충돌,기타,건조,맑음,단일로 - 기타,승용,남,60세,상해없음,승용,남,42세,경상
2022020100100204,2022년 2월 1일 20시,화요일,강원도 춘천시 동면,경상사고,0,0,1,0,차대차 - 측면충돌,직진우회전진행방해,건조,맑음,교차로 - 교차로안,승용,여,55세,경상,승용,남,30세,상해없음
2022020100100205,2022년 2월 1일 20시,화요일,강원도 태백시 황지동,경상사고,0,0,1,0,차대차 - 측면충돌,교차로운행방법위반,건조,맑음,교차로 - 교차로안,승용,남,76세,상해없음,승용,남,81세,경상
2022020100100253,2022년 2월 1일 23시,화요일,강원도 속초시 교동,경상사고,0,0,2,0,차대차 - 추돌,안전운전불이행,건조,맑음,단일로 - 기타,승용,남,64세,상해없음,승용,남,61세,경상
2022020200100025,2022년 2월 2일 05시,수요일,강원도 원주시 평원동,경상사고,0,0,1,0,차대차 - 추돌,신호위반,건조,맑음,교차로 - 교차로안,승용,남,62세,상해없음,승용,남,66세,경상
2022020200100047,2022년 2월 2일 10시,수요일,강원도 원주시 단계동,경상사고,0,0,1,0,차대차 - 측면충돌,안전운전불이행,건조,맑음,교차로 - 교차로안,승용,여,33세,상해없음,승용,남,40세,경상
2022020200100122,2022년 2월 2일 14시,수요일,강원도 평창군 대관령면,경상사고,0,0,1,0,차대차 - 측면충돌,안전운전불이행,건조,맑음,교차로 - 교차로안,승용,여,21세,경상,승용,남,44세,상해없음
2022020200100123,2022년 2월 2일 14시,수요일,강원도 원주시 호저면,경상사고,0,0,1,0,차대차 - 측면충돌,안전운전불이행,건조,맑음,단일로 - 기타,승용,남,65세,상해없음,승용,여,21세,경상
2022020200100166,2022년 2월 2일 16시,수요일,강원도 춘천시 온의동,경상사고,0,0,1,0,차대차 - 기타,안전운전불이행,건조,맑음,기타 - 기타,승용,남,25세,상해없음,승용,남,25세,경상
2022020200100167,2022년 2월 2일 16시,수요일,강원도 동해시 이도동,중상사고,0,1,0,0,차대차 - 측면충돌,신호위반,건조,맑음,교차로 - 교차로안,승용,남,34세,상해없음,화물,남,39세,중상
2022020200100184,2022년 2월 2일 17시,수요일,강원도 강릉시 옥천동,경상사고,0,0,4,0,차대차 - 측면충돌,안전운전불이행,건조,맑음,교차로 - 교차로부근,승용,여,61세,상해없음,승용,남,48세,경상
2022020200100213,2022년 2월 2일 18시,수요일,강원도 원주시 개운동,경상사고,0,0,2,0,차대차 - 측면충돌,안전운전불이행,건조,맑음,교차로 - 교차로안,승용,남,53세,상해없음,승용,여,46세,경상
2022020200100260,2022년 2월 2일 20시,수요일,강원도 춘천시 석사동,경상사고,0,0,1,0,차대사람 - 차도통행중,안전운전불이행,건조,맑음,단일로 - 지하차도(도로)내,승용,남,20세,상해없음,보행자,남,23세,경상
2022020200100295,2022년 2월 2일 21시,수요일,강원도 강릉시 노암동,경상사고,0,0,2,0,차대사람 - 횡단중,안전운전불이행,건조,맑음,교차로 - 교차로횡단보도내,승용,남,55세,상해없음,보행자,남,18세,경상
2022020200100296,2022년 2월 2일 21시,수요일,강원도 원주시 학성동,경상사고,0,0,1,0,차대차 - 측면충돌,안전운전불이행,건조,맑음,교차로 - 교차로안,승용,남,69세,기타불명,이륜,남,26세,경상
2022020200100325,2022년 2월 2일 23시,수요일,강원도 원주시 우산동,경상사고,0,0,1,0,차대차 - 측면충돌,안전운전불이행,건조,맑음,단일로 - 기타,승용,남,28세,상해없음,승용,남,52세,경상
2022020300100056,2022년 2월 3일 08시,목요일,강원도 춘천시 온의동,경상사고,0,0,2,0,차대차 - 추돌,안전운전불이행,건조,맑음,단일로 - 기타,승용,여,58세,경상,승용,남,75세,상해없음
2022020300100088,2022년 2월 3일 09시,목요일,강원도 원주시 무실동,경상사고,0,0,1,0,차대차 - 추돌,안전운전불이행,건조,맑음,교차로 - 교차로부근,승용,여,51세,상해없음,자전거,남,13세,경상
2022020300100115,2022년 2월 3일 10시,목요일,강원도 원주시 단계동,경상사고,0,0,1,0,차대차 - 측면충돌,안전운전불이행,건조,흐림,단일로 - 기타,화물,남,59세,상해없음,승용,여,60세,경상
2022020300100139,2022년 2월 3일 11시,목요일,강원도 춘천시 퇴계동,경상사고,0,0,1,0,차대차 - 추돌,기타,건조,흐림,단일로 - 기타,화물,남,57세,상해없음,승용,여,20세,경상
2022020300100200,2022년 2월 3일 13시,목요일,강원도 영월군 주천면,중상사고,0,1,0,0,차대차 - 추돌,직진우회전진행방해,건조,맑음,교차로 - 교차로안,승용,남,81세,상해없음,자전거,남,66세,중상
2022020300100223,2022년 2월 3일 14시,목요일,강원도 원주시 학성동,경상사고,0,0,1,0,차대사람 - 기타,안전운전불이행,건조,맑음,단일로 - 기타,개인형이동수단(PM),남,25세,상해없음,보행자,여,64세,경상
2022020300100261,2022년 2월 3일 15시,목요일,강원도 춘천시 중앙로2가,경상사고,0,0,2,0,차대차 - 측면충돌,안전거리미확보,건조,맑음,단일로 - 기타,승합,남,30세,상해없음,승용,남,62세,경상
2022020300100343,2022년 2월 3일 18시,목요일,강원도 속초시 청학동,경상사고,0,0,1,0,차대차 - 측면충돌,안전거리미확보,건조,맑음,교차로 - 교차로부근,승용,남,40세,상해없음,이륜,남,32세,경상
2022020300100379,2022년 2월 3일 19시,목요일,강원도 원주시 일산동,중상사고,0,1,0,0,차대사람 - 횡단중,보행자보호의무위반,건조,맑음,교차로 - 교차로횡단보도내,승용,남,28세,상해없음,보행자,여,56세,중상
2022020300100404,2022년 2월 3일 20시,목요일,강원도 춘천시 후평동,경상사고,0,0,2,0,차대차 - 측면충돌,안전운전불이행,건조,맑음,단일로 - 기타,승용,남,51세,상해없음,승용,남,33세,경상
2022020300100418,2022년 2월 3일 21시,목요일,강원도 춘천시 퇴계동,중상사고,0,1,1,0,차대차 - 측면충돌,교차로운행방법위반,건조,맑음,교차로 - 교차로안,승용,남,48세,상해없음,승용,여,52세,중상
2022020400100060,2022년 2월 4일 08시,금요일,강원도 속초시 교동,경상사고,0,0,1,0,차대차 - 측면충돌,안전거리미확보,건조,맑음,교차로 - 교차로부근,화물,남,55세,상해없음,승용,남,38세,경상
2022020400100086,2022년 2월 4일 09시,금요일,강원도 횡성군 횡성읍,경상사고,0,0,1,0,차대차 - 측면충돌,교차로운행방법위반,건조,맑음,교차로 - 교차로안,승용,여,59세,상해없음,화물,남,59세,경상
2022020400100175,2022년 2월 4일 12시,금요일,강원도 원주시 반곡동,경상사고,0,0,1,0,차대차 - 측면충돌,안전운전불이행,건조,맑음,단일로 - 기타,승용,여,37세,상해없음,승용,여,46세,경상
2022020400100199,2022년 2월 4일 13시,금요일,강원도 홍천군 홍천읍,경상사고,0,0,5,0,차대차 - 추돌,안전거리미확보,건조,맑음,단일로 - 기타,승용,남,56세,경상,승용,남,28세,경상
2022020400100248,2022년 2월 4일 15시,금요일,강원도 춘천시 후평동,부상신고사고,0,0,0,1,차대차 - 기타,교차로운행방법위반,건조,맑음,교차로 - 교차로안,승합,남,62세,상해없음,승용,남,29세,상해없음
2022020400100249,2022년 2월 4일 15시,금요일,강원도 춘천시 근화동,부상신고사고,0,0,0,1,차대사람 - 기타,안전운전불이행,건조,맑음,단일로 - 기타,승용,여,68세,상해없음,보행자,남,54세,부상신고
2022020400100279,2022년 2월 4일 16시,금요일,강원도 춘천시 근화동,경상사고,0,0,1,0,차대차 - 기타,안전운전불이행,건조,맑음,교차로 - 교차로안,승용,남,63세,기타불명,승용,남,64세,경상
2022020400100310,2022년 2월 4일 17시,금요일,강원도 속초시 영랑동,중상사고,0,1,0,0,차대사람 - 차도통행중,안전운전불이행,건조,맑음,단일로 - 기타,승용,남,63세,상해없음,보행자,여,57세,중상
2022020400100355,2022년 2월 4일 18시,금요일,강원도 원주시 호저면,경상사고,0,0,1,0,차대차 - 측면충돌,교차로운행방법위반,건조,흐림,교차로 - 교차로안,승합,남,28세,상해없음,승용,여,48세,경상
2022020400100423,2022년 2월 4일 20시,금요일,강원도 춘천시 석사동,경상사고,0,0,1,0,차대사람 - 길가장자리구역통행중,안전운전불이행,건조,맑음,교차로 - 교차로안,승용,남,25세,상해없음,보행자,여,52세,경상
2022020500100034,2022년 2월 5일 07시,토요일,강원도 횡성군 둔내면,경상사고,0,0,1,0,차량단독 - 기타,안전운전불이행,건조,맑음,단일로 - 기타,승합,남,72세,상해없음,,,,
2022020500100088,2022년 2월 5일 11시,토요일,강원도 춘천시 동면,부상신고사고,0,0,0,4,차대차 - 기타,직진우회전진행방해,건조,맑음,교차로 - 교차로안,승용,여,40세,상해없음,승용,남,48세,부상신고
2022020500100089,2022년 2월 5일 11시,토요일,강원도 강릉시 초당동,경상사고,0,0,2,0,차대차 - 기타,안전운전불이행,건조,맑음,단일로 - 기타,승용,남,27세,상해없음,승용,남,32세,경상
2022020500100090,2022년 2월 5일 11시,토요일,강원도 강릉시 성산면,경상사고,0,0,2,0,차대차 - 추돌,안전거리미확보,건조,맑음,단일로 - 기타,승용,남,57세,상해없음,화물,여,54세,경상
2022020500100111,2022년 2월 5일 12시,토요일,강원도 원주시 단계동,중상사고,0,1,0,0,차대차 - 추돌,안전운전불이행,건조,맑음,교차로 - 교차로부근,승용,남,56세,상해없음,이륜,남,35세,중상
2022020500100199,2022년 2월 5일 15시,토요일,강원도 속초시 조양동,경상사고,0,0,1,0,차대차 - 측면충돌,교차로운행방법위반,건조,맑음,교차로 - 교차로안,승용,남,50세,상해없음,승용,여,55세,경상
2022020500100200,2022년 2월 5일 15시,토요일,강원도 영월군 영월읍,경상사고,0,0,1,3,차대차 - 측면충돌,신호위반,건조,맑음,교차로 - 교차로안,승용,남,69세,상해없음,승용,남,40세,경상
2022020500100221,2022년 2월 5일 16시,토요일,강원도 원주시 우산동,경상사고,0,0,1,0,차대차 - 후진중충돌,안전운전불이행,건조,흐림,단일로 - 기타,승용,남,39세,상해없음,승용,여,69세,경상
2022020500100222,2022년 2월 5일 16시,토요일,강원도 속초시 교동,경상사고,0,0,1,0,차대사람 - 횡단중,신호위반,건조,맑음,교차로 - 교차로횡단보도내,승용,여,33세,기타불명,보행자,여,20세,경상
2022020500100266,2022년 2월 5일 18시,토요일,강원도 춘천시 석사동,중상사고,0,1,0,0,차대차 - 측면충돌,교차로운행방법위반,건조,맑음,교차로 - 교차로안,화물,남,66세,상해없음,승용,남,58세,중상
2022020500100267,2022년 2월 5일 18시,토요일,강원도 삼척시 원덕읍,경상사고,0,0,1,0,차대차 - 후진중충돌,안전운전불이행,건조,맑음,단일로 - 기타,승용,남,63세,상해없음,자전거,남,65세,경상
2022020500100323,2022년 2월 5일 20시,토요일,강원도 강릉시 연곡면,경상사고,0,0,3,0,차대사람 - 기타,안전운전불이행,건조,맑음,기타 - 기타,승용,여,28세,상해없음,보행자,남,26세,경상
2022020500100324,2022년 2월 5일 20시,토요일,강원도 동해시 나안동,경상사고,0,0,2,0,차대차 - 측면충돌,신호위반,건조,맑음,교차로 - 교차로안,승용,남,65세,상해없음,승용,남,22세,경상
2022020500100390,2022년 2월 5일 23시,토요일,강원도 원주시 단구동,경상사고,0,0,4,0,차대차 - 측면충돌,신호위반,건조,맑음,교차로 - 교차로안,승용,여,48세,경상,승용,남,54세,경상
2022020600100010,2022년 2월 6일 03시,일요일,강원도 원주시 단계동,경상사고,0,0,1,0,차대차 - 추돌,안전운전불이행,건조,맑음,교차로 - 교차로부근,승용,남,30세,상해없음,승용,남,69세,경상
2022020600100027,2022년 2월 6일 09시,일요일,강원도 원주시 개운동,경상사고,0,0,1,0,차대차 - 정면충돌,안전운전불이행,건조,맑음,교차로 - 교차로부근,승용,남,34세,상해없음,화물,남,55세,경상
2022020600100084,2022년 2월 6일 13시,일요일,강원도 속초시 조양동,경상사고,0,0,2,0,차대차 - 측면충돌,안전운전불이행,건조,맑음,교차로 - 교차로안,이륜,남,18세,상해없음,승용,남,42세,경상
2022020600100085,2022년 2월 6일 13시,일요일,강원도 철원군 갈말읍,경상사고,0,0,1,0,차대차 - 측면충돌,안전운전불이행,건조,맑음,교차로 - 교차로부근,화물,남,55세,상해없음,승용,남,54세,경상
2022020600100106,2022년 2월 6일 14시,일요일,강원도 춘천시 근화동,경상사고,0,0,1,0,차대차 - 기타,안전운전불이행,건조,맑음,단일로 - 기타,이륜,남,39세,상해없음,자전거,남,53세,경상
2022020600100126,2022년 2월 6일 15시,일요일,강원도 태백시 통동,경상사고,0,0,5,5,차대차 - 추돌,안전운전불이행,건조,맑음,단일로 - 터널,특수,남,48세,상해없음,승용,남,48세,부상신고
2022020600100190,2022년 2월 6일 18시,일요일,강원도 정선군 사북읍,경상사고,0,0,4,0,차대차 - 기타,안전거리미확보,건조,맑음,단일로 - 기타,승용,남,51세,상해없음,승용,남,35세,경상
2022020600100215,2022년 2월 6일 19시,일요일,강원도 평창군 봉평면,경상사고,0,0,2,0,차대차 - 측면충돌,중앙선침범,건조,맑음,단일로 - 지하차도(도로)내,승용,남,49세,기타불명,승용,여,37세,경상
2022020600100235,2022년 2월 6일 20시,일요일,강원도 춘천시 퇴계동,경상사고,0,0,1,0,차대차 - 측면충돌,중앙선침범,건조,맑음,단일로 - 기타,승용,여,62세,상해없음,이륜,남,43세,경상
2022020600100255,2022년 2월 6일 21시,일요일,강원도 동해시 천곡동,경상사고,0,0,1,0,차대차 - 기타,신호위반,건조,맑음,교차로 - 교차로안,승용,남,51세,상해없음,승용,남,26세,경상
2022020700100012,2022년 2월 7일 05시,월요일,강원도 강릉시 포남동,중상사고,0,1,1,0,차대차 - 기타,안전운전불이행,건조,맑음,교차로 - 교차로부근,자전거,남,71세,경상,이륜,남,36세,중상
2022020700100104,2022년 2월 7일 10시,월요일,강원도 원주시 단구동,경상사고,0,0,1,0,차대차 - 측면충돌,교차로운행방법위반,건조,맑음,교차로 - 교차로안,승용,여,26세,상해없음,화물,남,48세,경상
2022020700100126,2022년 2월 7일 11시,월요일,강원도 강릉시 교동,경상사고,0,0,1,0,차대차 - 측면충돌,안전운전불이행,건조,맑음,교차로 - 교차로부근,승용,여,45세,상해없음,승용,남,46세,경상
2022020700100167,2022년 2월 7일 13시,월요일,강원도 횡성군 횡성읍,부상신고사고,0,0,0,1,차대차 - 기타,안전운전불이행,건조,맑음,교차로 - 교차로안,승용,여,59세,상해없음,화물,남,28세,상해없음
2022020700100213,2022년 2월 7일 15시,월요일,강원도 춘천시 동내면,경상사고,0,0,1,0,차대차 - 추돌,안전운전불이행,건조,맑음,단일로 - 기타,이륜,남,28세,상해없음,승용,여,36세,경상
2022020700100239,2022년 2월 7일 16시,월요일,강원도 속초시 조양동,중상사고,0,1,0,0,차대사람 - 횡단중,보행자보호의무위반,건조,맑음,교차로 - 교차로횡단보도내,승용,남,46세,상해없음,보행자,남,20세,중상
2022020700100240,2022년 2월 7일 16시,월요일,강원도 태백시 장성동,경상사고,0,0,1,0,차대차 - 측면충돌,안전운전불이행,건조,맑음,주차장 - 주차장,승용,여,55세,상해없음,승용,여,56세,경상
2022020700100241,2022년 2월 7일 16시,월요일,강원도 횡성군 횡성읍,경상사고,0,0,1,0,차대차 - 정면충돌,중앙선침범,건조,맑음,단일로 - 기타,화물,남,66세,상해없음,승용,여,49세,경상
2022020700100299,2022년 2월 7일 18시,월요일,강원도 횡성군 우천면,경상사고,0,0,1,0,차대차 - 기타,안전운전불이행,건조,맑음,단일로 - 기타,승용,남,63세,상해없음,승용,여,55세,경상
2022020700100338,2022년 2월 7일 20시,월요일,강원도 정선군 남면,중상사고,0,1,2,0,차대차 - 기타,안전운전불이행,건조,기타,단일로 - 기타,승용,남,31세,기타불명,승용,남,41세,경상
2022020700100371,2022년 2월 7일 21시,월요일,강원도 강릉시 노암동,경상사고,0,0,1,0,차대차 - 기타,안전운전불이행,건조,맑음,기타 - 기타,승용,남,54세,기타불명,승용,여,61세,경상
2022020700100372,2022년 2월 7일 21시,월요일,강원도 원주시 판부면,경상사고,0,0,2,0,차대차 - 추돌,신호위반,건조,맑음,교차로 - 교차로안,승용,남,30세,상해없음,승용,여,41세,경상
2022020800100079,2022년 2월 8일 08시,화요일,강원도 원주시 인동,경상사고,0,0,1,0,차대차 - 측면충돌,안전운전불이행,건조,맑음,교차로 - 교차로안,승용,남,81세,상해없음,승용,여,33세,경상
2022020800100153,2022년 2월 8일 11시,화요일,강원도 속초시 조양동,경상사고,0,0,1,0,차대사람 - 횡단중,안전운전불이행,건조,맑음,교차로 - 교차로안,화물,남,45세,상해없음,보행자,여,21세,경상
2022020800100173,2022년 2월 8일 12시,화요일,강원도 강릉시 청량동,중상사고,0,1,1,0,차대차 - 측면충돌,안전운전불이행,건조,맑음,교차로 - 교차로안,이륜,남,73세,중상,승용,남,77세,경상
2022020800100231,2022년 2월 8일 14시,화요일,강원도 영월군 주천면,부상신고사고,0,0,0,1,차량단독 - 공작물충돌,안전운전불이행,건조,맑음,단일로 - 기타,화물,남,66세,상해없음,,,,
2022020800100317,2022년 2월 8일 17시,화요일,강원도 춘천시 후평동,중상사고,0,1,0,0,차대사람 - 횡단중,신호위반,건조,맑음,교차로 - 교차로안,승용,남,44세,상해없음,보행자,남,46세,중상
2022020800100361,2022년 2월 8일 18시,화요일,강원도 춘천시 근화동,경상사고,0,0,1,0,차대차 - 측면충돌,안전거리미확보,건조,맑음,단일로 - 기타,승용,남,41세,상해없음,승용,남,66세,경상
2022020800100474,2022년 2월 8일 21시,화요일,강원도 원주시 우산동,중상사고,0,1,1,0,차대차 - 측면충돌,안전운전불이행,건조,맑음,단일로 - 기타,승용,남,28세,상해없음,승용,남,66세,중상
2022020900100026,2022년 2월 9일 05시,수요일,강원도 춘천시 후평동,중상사고,0,1,0,0,차대사람 - 보도통행중,안전운전불이행,건조,맑음,단일로 - 기타,승용,남,42세,상해없음,보행자,여,71세,중상
2022020900100037,2022년 2월 9일 06시,수요일,강원도 태백시 황지동,중상사고,0,1,0,0,차대사람 - 차도통행중,안전운전불이행,건조,맑음,교차로 - 교차로안,승용,여,45세,상해없음,보행자,남,53세,중상
2022020900100063,2022년 2월 9일 07시,수요일,강원도 춘천시 효자동,경상사고,0,0,1,0,차대차 - 측면충돌,교차로운행방법위반,건조,맑음,교차로 - 교차로안,승용,남,85세,상해없음,승용,남,56세,경상
2022020900100081,2022년 2월 9일 08시,수요일,강원도 원주시 단계동,경상사고,0,0,2,0,차대차 - 측면충돌,안전운전불이행,건조,맑음,교차로 - 교차로부근,승용,남,42세,경상,화물,남,66세,상해없음
2022020900100082,2022년 2월 9일 08시,수요일,강원도 속초시 청학동,경상사고,0,0,1,0,차대차 - 측면충돌,신호위반,건조,맑음,교차로 - 교차로안,승용,남,34세,상해없음,승용,여,48세,경상
2022020900100107,2022년 2월 9일 09시,수요일,강원도 태백시 황지동,경상사고,0,0,1,0,차대차 - 측면충돌,교차로운행방법위반,건조,맑음,교차로 - 교차로안,승용,남,51세,상해없음,승용,여,57세,경상
2022020900100154,2022년 2월 9일 11시,수요일,강원도 원주시 지정면,경상사고,0,0,1,0,차대차 - 측면충돌,신호위반,건조,맑음,교차로 - 교차로안,승용,여,38세,상해없음,화물,남,47세,경상
2022020900100183,2022년 2월 9일 12시,수요일,강원도 삼척시 신기면,경상사고,0,0,2,0,차대차 - 추돌,신호위반,건조,맑음,단일로 - 지하차도(도로)내,건설기계,남,52세,상해없음,승용,남,65세,경상
2022020900100184,2022년 2월 9일 12시,수요일,강원도 정선군 신동읍,경상사고,0,0,2,0,차대차 - 기타,중앙선침범,건조,맑음,단일로 - 기타,건설기계,남,68세,상해없음,화물,남,22세,경상
2022020900100214,2022년 2월 9일 13시,수요일,강원도 원주시 단계동,경상사고,0,0,1,0,차대차 - 측면충돌,신호위반,건조,맑음,교차로 - 교차로안,승용,여,25세,상해없음,승용,남,48세,경상
2022020900100215,2022년 2월 9일 13시,수요일,강원도 삼척시 교동,경상사고,0,0,1,0,차대차 - 측면충돌,중앙선침범,건조,맑음,단일로 - 지하차도(도로)내,승용,남,29세,상해없음,승용,여,54세,경상
2022020900100265,2022년 2월 9일 15시,수요일,강원도 춘천시 동내면,경상사고,0,0,2,0,차대차 - 측면충돌,신호위반,건조,맑음,교차로 - 교차로부근,화물,남,36세,상해없음,승용,여,22세,경상
2022020900100266,2022년 2월 9일 15시,수요일,강원도 춘천시 온의동,중상사고,0,1,2,2,차량단독 - 기타,안전거리미확보,건조,맑음,교차로 - 교차로부근,승합,남,50세,상해없음,,,,
2022020900100267,2022년 2월 9일 15시,수요일,강원도 춘천시 소양로2가,중상사고,0,2,0,0,차대차 - 측면충돌,차로위반,건조,맑음,교차로 - 교차로부근,자전거,남,79세,중상,이륜,남,67세,중상
2022020900100303,2022년 2월 9일 16시,수요일,강원도 강릉시 교동,경상사고,0,0,1,0,차대차 - 기타,안전운전불이행,건조,맑음,교차로 - 교차로안,승합,남,35세,기타불명,승용,여,37세,경상
2022020900100328,2022년 2월 9일 17시,수요일,강원도 동해시 용정동,경상사고,0,0,1,0,차대차 - 기타,안전운전불이행,건조,맑음,단일로 - 기타,화물,남,51세,상해없음,승용,남,51세,경상
2022020900100364,2022년 2월 9일 18시,수요일,강원도 양양군 양양읍,중상사고,0,1,0,0,차대차 - 측면충돌,직진우회전진행방해,건조,맑음,교차로 - 교차로안,승용,남,66세,상해없음,승용,여,35세,중상
2022020900100413,2022년 2월 9일 19시,수요일,강원도 속초시 대포동,경상사고,0,0,2,0,차대차 - 추돌,안전운전불이행,건조,맑음,교차로 - 교차로부근,승용,남,64세,상해없음,승용,남,55세,경상
2022020900100453,2022년 2월 9일 20시,수요일,강원도 춘천시 후평동,경상사고,0,0,1,0,차대사람 - 기타,안전운전불이행,건조,맑음,단일로 - 기타,승합,남,53세,상해없음,보행자,여,24세,경상
2022020900100454,2022년 2월 9일 20시,수요일,강원도 평창군 대관령면,경상사고,0,0,2,0,차대차 - 측면충돌,중앙선침범,젖음/습기,맑음,단일로 - 지하차도(도로)내,승용,남,21세,경상,승용,남,52세,경상
2022020900100499,2022년 2월 9일 21시,수요일,강원도 철원군 동송읍,경상사고,0,0,1,0,차대차 - 측면충돌,안전운전불이행,건조,맑음,교차로 - 교차로안,화물,남,55세,상해없음,이륜,남,24세,경상
2022021000100089,2022년 2월 10일 09시,목요일,강원도 원주시 소초면,경상사고,0,0,1,0,차대차 - 측면충돌,중앙선침범,건조,맑음,단일로 - 기타,화물,남,21세,상해없음,승용,여,41세,경상
2022021000100116,2022년 2월 10일 10시,목요일,강원도 원주시 단계동,경상사고,0,0,2,1,차대차 - 기타,신호위반,건조,맑음,교차로 - 교차로안,승용,여,73세,부상신고,특수,남,37세,경상
2022021000100117,2022년 2월 10일 10시,목요일,강원도 양양군 현남면,경상사고,0,0,2,0,차대사람 - 길가장자리구역통행중,안전운전불이행,건조,맑음,단일로 - 기타,화물,남,65세,상해없음,보행자,남,60세,경상
2022021000100152,2022년 2월 10일 11시,목요일,강원도 춘천시 동내면,경상사고,0,0,1,0,차대차 - 기타,안전운전불이행,건조,맑음,단일로 - 기타,승용,여,61세,상해없음,승용,남,49세,경상
2022021000100153,2022년 2월 10일 11시,목요일,강원도 원주시 단구동,부상신고사고,0,0,0,2,차대차 - 추돌,안전거리미확보,건조,맑음,단일로 - 기타,승용,여,49세,상해없음,승용,남,58세,부상신고
2022021000100154,2022년 2월 10일 11시,목요일,강원도 원주시 판부면,경상사고,0,0,1,0,차대차 - 측면충돌,직진우회전진행방해,건조,맑음,교차로 - 교차로안,승용,남,63세,기타불명,화물,남,32세,경상
2022021000100290,2022년 2월 10일 16시,목요일,강원도 원주시 일산동,경상사고,0,0,1,0,차대사람 - 횡단중,안전운전불이행,건조,맑음,교차로 - 교차로부근,승용,남,37세,상해없음,보행자,여,54세,경상
2022021000100291,2022년 2월 10일 16시,목요일,강원도 원주시 명륜동,경상사고,0,0,1,0,차대사람 - 횡단중,보행자보호의무위반,건조,맑음,단일로 - 기타,승용,남,50세,상해없음,보행자,여,83세,경상
2022021000100292,2022년 2월 10일 16시,목요일,강원도 홍천군 홍천읍,경상사고,0,0,1,0,차대사람 - 횡단중,안전운전불이행,건조,맑음,기타 - 기타,승용,여,47세,상해없음,보행자,여,8세,경상
2022021000100293,2022년 2월 10일 16시,목요일,강원도 홍천군 홍천읍,부상신고사고,0,0,0,1,차대사람 - 횡단중,안전운전불이행,건조,맑음,단일로 - 기타,승용,남,40세,상해없음,보행자,여,47세,부상신고
2022021000100294,2022년 2월 10일 16시,목요일,강원도 양구군 양구읍,경상사고,0,0,3,0,차대차 - 측면충돌,안전운전불이행,건조,맑음,단일로 - 기타,승합,남,68세,상해없음,화물,남,74세,기타불명
2022021000100391,2022년 2월 10일 19시,목요일,강원도 춘천시 서면,경상사고,0,0,1,0,차대차 - 측면충돌,중앙선침범,건조,맑음,단일로 - 기타,승합,남,45세,기타불명,승용,여,24세,경상
2022021000100461,2022년 2월 10일 21시,목요일,강원도 원주시 개운동,중상사고,0,1,0,0,차대사람 - 기타,안전운전불이행,건조,맑음,단일로 - 기타,승용,남,24세,상해없음,보행자,남,44세,중상
2022021000100503,2022년 2월 10일 23시,목요일,강원도 강릉시 용강동,경상사고,0,0,1,0,차대차 - 측면충돌,기타,건조,맑음,교차로 - 교차로안,승용,여,58세,상해없음,승용,여,50세,경상
2022021100100015,2022년 2월 11일 03시,금요일,강원도 원주시 중앙동,경상사고,0,0,1,0,차대사람 - 기타,안전운전불이행,건조,맑음,단일로 - 기타,기타불명,기타불명,미분류,기타불명,보행자,남,59세,경상
2022021100100027,2022년 2월 11일 06시,금요일,강원도 홍천군 서면,경상사고,0,0,2,0,차대차 - 측면충돌,안전운전불이행,건조,맑음,단일로 - 터널,승용,남,67세,상해없음,화물,남,25세,경상
2022021100100039,2022년 2월 11일 07시,금요일,강원도 춘천시 소양로1가,중상사고,0,1,0,1,차대차 - 기타,기타,건조,맑음,교차로 - 교차로안,승용,남,27세,부상신고,승용,남,65세,중상
2022021100100065,2022년 2월 11일 08시,금요일,강원도 화천군 간동면,경상사고,0,0,1,0,차대차 - 추돌,안전운전불이행,건조,맑음,교차로 - 교차로안,화물,남,43세,상해없음,승용,남,31세,경상
2022021100100066,2022년 2월 11일 08시,금요일,강원도 동해시 평릉동,중상사고,0,1,0,0,차대차 - 측면충돌,중앙선침범,건조,맑음,단일로 - 기타,화물,남,60세,상해없음,승용,여,48세,중상
2022021100100121,2022년 2월 11일 10시,금요일,강원도 원주시 단계동,경상사고,0,0,1,0,차대차 - 측면충돌,안전운전불이행,건조,맑음,교차로 - 교차로안,승용,남,67세,상해없음,승용,남,76세,경상