사고번호,사고일시,요일,시군구,사고내용,사망자수,중상자수,경상자수,부상신고자수,사고유형,법규위반,노면상태,기상상태,도로형태,가해운전자 차종,가해운전자 성별,가해운전자 연령,가해운전자 상해정도,피해운전자 차종,피해운전자 성별,피해운전자 연령,피해운전자 상해정도
2022021100100122,2022년 2월 11일 10시,금요일,강원도 횡성군 둔내면,중상사고,0,1,2,0,차대차 - 추돌,안전운전불이행,건조,맑음,단일로 - 기타,화물,남,55세,상해없음,화물,남,56세,중상
2022021100100152,2022년 2월 11일 11시,금요일,강원도 춘천시 교동,경상사고,0,0,1,0,차대사람 - 보도통행중,안전운전불이행,건조,맑음,단일로 - 지하차도(도로)내,기타불명,기타불명,미분류,기타불명,보행자,여,84세,경상
2022021100100183,2022년 2월 11일 12시,금요일,강원도 춘천시 동면,경상사고,0,0,2,0,차대차 - 측면충돌,안전운전불이행,건조,맑음,교차로 - 교차로부근,승용,남,71세,상해없음,화물,남,64세,경상
2022021100100261,2022년 2월 11일 15시,금요일,강원도 강릉시 옥천동,경상사고,0,0,1,0,차대차 - 측면충돌,안전운전불이행,건조,맑음,교차로 - 교차로안,승용,남,79세,상해없음,승용,여,44세,경상
2022021100100262,2022년 2월 11일 15시,금요일,강원도 삼척시 정상동,중상사고,0,1,0,0,차대사람 - 기타,안전운전불이행,건조,맑음,교차로 - 교차로부근,자전거,남,79세,상해없음,보행자,여,78세,중상
2022021100100263,2022년 2월 11일 15시,금요일,강원도 횡성군 안흥면,사망사고,1,0,0,0,차량단독 - 도로외이탈 - 추락,안전운전불이행,건조,맑음,단일로 - 기타,화물,남,63세,사망,,,,
2022021100100298,2022년 2월 11일 16시,금요일,강원도 원주시 태장동,경상사고,0,0,1,0,차대차 - 측면충돌,교차로운행방법위반,건조,흐림,교차로 - 교차로안,이륜,남,78세,상해없음,승용,남,38세,경상
2022021100100328,2022년 2월 11일 17시,금요일,강원도 춘천시 근화동,경상사고,0,0,1,0,차대차 - 측면충돌,교차로운행방법위반,건조,맑음,교차로 - 교차로안,승용,남,60세,상해없음,승용,여,42세,경상
2022021100100365,2022년 2월 11일 18시,금요일,강원도 원주시 태장동,경상사고,0,0,3,0,차대차 - 추돌,안전거리미확보,건조,맑음,단일로 - 기타,화물,남,53세,상해없음,승용,남,75세,경상
2022021100100366,2022년 2월 11일 18시,금요일,강원도 동해시 효가동,경상사고,0,0,2,0,차대차 - 추돌,안전운전불이행,건조,맑음,교차로 - 교차로부근,승용,남,29세,상해없음,승용,남,44세,경상
2022021100100367,2022년 2월 11일 18시,금요일,강원도 춘천시 동내면,경상사고,0,0,1,1,차대차 - 추돌,안전거리미확보,건조,맑음,단일로 - 기타,승용,남,31세,상해없음,승용,남,58세,경상
2022021100100368,2022년 2월 11일 18시,금요일,강원도 춘천시 동내면,경상사고,0,0,2,0,차대차 - 측면충돌,안전운전불이행,건조,맑음,단일로 - 기타,특수,남,22세,상해없음,승용,남,34세,경상
2022021100100420,2022년 2월 11일 19시,금요일,강원도 강릉시 성산면,경상사고,0,0,1,0,차대차 - 측면충돌,안전운전불이행,건조,맑음,단일로 - 기타,승용,여,62세,상해없음,승용,여,48세,상해없음
2022021100100481,2022년 2월 11일 21시,금요일,강원도 원주시 문막읍,경상사고,0,0,2,0,차대차 - 측면충돌,중앙선침범,건조,맑음,단일로 - 기타,승용,남,73세,상해없음,승용,남,62세,경상
2022021200100064,2022년 2월 12일 09시,토요일,강원도 인제군 기린면,중상사고,0,1,2,0,차대차 - 추돌,안전거리미확보,건조,맑음,단일로 - 기타,승용,남,29세,상해없음,승용,여,31세,경상
2022021200100092,2022년 2월 12일 10시,토요일,강원도 영월군 남면,부상신고사고,0,0,0,1,차량단독 - 전도전복 - 전도,안전운전불이행,건조,맑음,단일로 - 기타,승용,남,90세,상해없음,,,,
2022021200100115,2022년 2월 12일 11시,토요일,강원도 춘천시 온의동,경상사고,0,0,1,0,차대사람 - 기타,보행자보호의무위반,건조,맑음,단일로 - 기타,승용,남,42세,상해없음,보행자,남,33세,경상
2022021200100162,2022년 2월 12일 13시,토요일,강원도 원주시 개운동,중상사고,0,2,0,0,차대차 - 추돌,교차로운행방법위반,건조,맑음,교차로 - 교차로부근,이륜,남,26세,상해없음,이륜,남,54세,중상
2022021200100200,2022년 2월 12일 14시,토요일,강원도 원주시 지정면,경상사고,0,0,1,0,차대차 - 측면충돌,안전거리미확보,건조,맑음,교차로 - 교차로부근,승용,남,31세,기타불명,원동기,남,51세,경상
2022021200100201,2022년 2월 12일 14시,토요일,강원도 평창군 봉평면,중상사고,0,1,1,0,차대차 - 측면충돌,안전운전불이행,건조,맑음,교차로 - 교차로안,승용,남,27세,경상,승용,여,60세,중상
2022021200100252,2022년 2월 12일 16시,토요일,강원도 속초시 조양동,경상사고,0,0,4,0,차대차 - 측면충돌,직진우회전진행방해,건조,맑음,교차로 - 교차로안,승용,남,24세,상해없음,승용,남,41세,경상
2022021200100314,2022년 2월 12일 18시,토요일,강원도 강릉시 주문진읍,경상사고,0,0,2,0,차대차 - 측면충돌,안전운전불이행,건조,맑음,단일로 - 기타,이륜,남,59세,상해없음,승용,남,34세,경상
2022021200100395,2022년 2월 12일 21시,토요일,강원도 강릉시 주문진읍,중상사고,0,1,0,0,차대사람 - 횡단중,안전운전불이행,건조,맑음,단일로 - 기타,승용,남,55세,상해없음,보행자,남,63세,중상
2022021200100422,2022년 2월 12일 22시,토요일,강원도 강릉시 교동,경상사고,0,0,1,0,차대차 - 측면충돌,안전운전불이행,건조,맑음,단일로 - 기타,승용,여,43세,상해없음,승용,여,48세,경상
2022021300100047,2022년 2월 13일 10시,일요일,강원도 춘천시 남산면,경상사고,0,0,3,1,차대차 - 정면충돌,안전운전불이행,건조,맑음,교차로 - 교차로안,승용,남,34세,기타불명,승합,남,26세,경상
2022021300100082,2022년 2월 13일 12시,일요일,강원도 춘천시 서면,중상사고,0,1,0,0,차대차 - 추돌,안전거리미확보,건조,맑음,단일로 - 기타,승용,남,61세,상해없음,이륜,남,53세,중상
2022021300100144,2022년 2월 13일 15시,일요일,강원도 속초시 장사동,중상사고,0,1,2,0,차대차 - 기타,안전운전불이행,건조,맑음,교차로 - 교차로안,승용,남,50세,상해없음,승용,남,25세,경상
2022021300100170,2022년 2월 13일 16시,일요일,강원도 춘천시 효자동,경상사고,0,0,1,0,차대차 - 측면충돌,안전운전불이행,건조,맑음,단일로 - 기타,승용,여,20세,상해없음,승용,남,26세,경상
2022021300100171,2022년 2월 13일 16시,일요일,강원도 동해시 천곡동,경상사고,0,0,2,0,차대차 - 측면충돌,신호위반,건조,맑음,교차로 - 교차로안,승용,여,49세,상해없음,승용,남,21세,경상
2022021300100192,2022년 2월 13일 17시,일요일,강원도 원주시 태장동,경상사고,0,0,1,0,차대차 - 측면충돌,안전거리미확보,건조,맑음,교차로 - 교차로부근,화물,기타불명,미분류,기타불명,승용,남,24세,경상
2022021300100193,2022년 2월 13일 17시,일요일,강원도 평창군 진부면,경상사고,0,0,1,0,차대차 - 기타,안전거리미확보,건조,맑음,단일로 - 터널,화물,남,36세,상해없음,승용,여,22세,경상
2022021300100218,2022년 2월 13일 18시,일요일,강원도 동해시 천곡동,경상사고,0,0,1,0,차대차 - 후진중충돌,안전운전불이행,건조,맑음,단일로 - 기타,화물,남,48세,상해없음,승용,남,28세,경상
2022021300100302,2022년 2월 13일 21시,일요일,강원도 강릉시 주문진읍,중상사고,0,1,0,0,차대차 - 측면충돌,안전운전불이행,젖음/습기,비,교차로 - 교차로안,승용,여,25세,상해없음,원동기,남,48세,중상
2022021400100076,2022년 2월 14일 08시,월요일,강원도 춘천시 석사동,경상사고,0,0,1,0,차대차 - 정면충돌,신호위반,건조,맑음,교차로 - 교차로안,승용,남,77세,상해없음,승용,여,31세,경상
2022021400100077,2022년 2월 14일 08시,월요일,강원도 춘천시 동면,경상사고,0,0,1,0,차대차 - 측면충돌,안전운전불이행,건조,맑음,교차로 - 교차로안,승합,여,58세,상해없음,승용,남,26세,경상
2022021400100078,2022년 2월 14일 08시,월요일,강원도 원주시 소초면,경상사고,0,0,1,0,차대차 - 측면충돌,안전거리미확보,건조,맑음,단일로 - 기타,화물,남,73세,상해없음,승용,남,38세,경상
2022021400100153,2022년 2월 14일 11시,월요일,강원도 원주시 단계동,경상사고,0,0,1,0,차대차 - 측면충돌,안전운전불이행,건조,맑음,교차로 - 교차로안,승용,남,69세,상해없음,승용,남,72세,경상
2022021400100184,2022년 2월 14일 12시,월요일,강원도 원주시 무실동,경상사고,0,0,1,0,차대차 - 측면충돌,교차로운행방법위반,건조,맑음,교차로 - 교차로안,승용,남,70세,상해없음,이륜,남,30세,경상
2022021400100241,2022년 2월 14일 14시,월요일,강원도 춘천시 퇴계동,경상사고,0,0,1,0,차대차 - 측면충돌,신호위반,건조,맑음,교차로 - 교차로안,승용,여,34세,상해없음,승용,남,22세,경상
2022021400100312,2022년 2월 14일 16시,월요일,강원도 원주시 반곡동,경상사고,0,0,1,0,차대차 - 기타,교차로운행방법위반,건조,맑음,단일로 - 기타,화물,남,61세,상해없음,승용,여,45세,경상
2022021400100341,2022년 2월 14일 17시,월요일,강원도 원주시 단계동,경상사고,0,0,1,0,차대차 - 추돌,안전운전불이행,건조,맑음,단일로 - 기타,승용,남,32세,상해없음,승용,남,29세,경상
2022021400100378,2022년 2월 14일 18시,월요일,강원도 원주시 관설동,경상사고,0,0,1,0,차대차 - 기타,안전운전불이행,건조,맑음,단일로 - 기타,승용,남,50세,상해없음,승용,여,23세,경상
2022021400100440,2022년 2월 14일 20시,월요일,강원도 강릉시 교동,중상사고,0,1,0,0,차대차 - 기타,중앙선침범,건조,맑음,단일로 - 기타,승용,남,59세,상해없음,이륜,남,55세,중상
2022021500100051,2022년 2월 15일 08시,화요일,강원도 춘천시 교동,중상사고,0,1,0,0,차대차 - 측면충돌,교차로운행방법위반,건조,맑음,교차로 - 교차로안,승용,남,79세,상해없음,승용,남,28세,중상
2022021500100093,2022년 2월 15일 10시,화요일,강원도 속초시 청학동,중상사고,0,1,0,0,차대차 - 기타,직진우회전진행방해,건조,맑음,교차로 - 교차로안,승용,여,30세,상해없음,이륜,여,58세,중상
2022021500100116,2022년 2월 15일 11시,화요일,강원도 춘천시 온의동,경상사고,0,0,1,0,차대차 - 추돌,안전운전불이행,건조,맑음,교차로 - 교차로부근,승용,여,60세,상해없음,승용,남,28세,경상
2022021500100141,2022년 2월 15일 12시,화요일,강원도 원주시 태장동,경상사고,0,0,2,0,차대차 - 측면충돌,안전거리미확보,건조,맑음,단일로 - 기타,승용,남,60세,상해없음,승용,남,72세,경상
2022021500100198,2022년 2월 15일 14시,화요일,강원도 원주시 단계동,경상사고,0,0,1,0,차대차 - 측면충돌,교차로운행방법위반,건조,흐림,교차로 - 교차로안,승용,여,45세,상해없음,승용,남,47세,경상
2022021500100199,2022년 2월 15일 14시,화요일,강원도 원주시 반곡동,경상사고,0,0,1,0,차대차 - 측면충돌,신호위반,건조,맑음,교차로 - 교차로안,승용,여,29세,상해없음,승용,여,71세,경상
2022021500100200,2022년 2월 15일 14시,화요일,강원도 철원군 갈말읍,경상사고,0,0,1,0,차량단독 - 전도전복 - 전도,안전운전불이행,건조,맑음,단일로 - 기타,사륜오토바이(ATV),남,86세,경상,,,,
2022021500100228,2022년 2월 15일 15시,화요일,강원도 강릉시 주문진읍,중상사고,0,1,0,0,차대사람 - 횡단중,안전운전불이행,건조,맑음,단일로 - 기타,승용,여,24세,상해없음,보행자,남,30세,중상
2022021500100229,2022년 2월 15일 15시,화요일,강원도 평창군 평창읍,경상사고,0,0,1,0,차대차 - 정면충돌,신호위반,건조,맑음,교차로 - 교차로안,승용,남,82세,상해없음,승용,여,66세,경상
2022021500100287,2022년 2월 15일 17시,화요일,강원도 속초시 교동,경상사고,0,0,1,0,차대차 - 추돌,안전운전불이행,건조,맑음,교차로 - 교차로부근,승용,남,62세,상해없음,이륜,남,56세,경상
2022021500100359,2022년 2월 15일 19시,화요일,강원도 원주시 태장동,경상사고,0,0,1,0,차대사람 - 차도통행중,안전운전불이행,건조,맑음,단일로 - 기타,승용,여,57세,상해없음,보행자,여,87세,경상
2022021500100392,2022년 2월 15일 20시,화요일,강원도 춘천시 퇴계동,경상사고,0,0,1,0,차대사람 - 횡단중,보행자보호의무위반,건조,맑음,교차로 - 교차로횡단보도내,승용,남,61세,상해없음,보행자,남,29세,경상
2022021600100092,2022년 2월 16일 10시,수요일,강원도 삼척시 오분동,경상사고,0,0,2,0,차대차 - 추돌,안전운전불이행,건조,맑음,교차로 - 교차로부근,승용,남,49세,상해없음,승용,남,59세,경상
2022021600100119,2022년 2월 16일 11시,수요일,강원도 원주시 판부면,경상사고,0,0,1,0,차대차 - 기타,안전운전불이행,건조,맑음,교차로 - 교차로안,승용,여,48세,상해없음,자전거,여,28세,경상
2022021600100139,2022년 2월 16일 12시,수요일,강원도 춘천시 효자동,중상사고,0,1,0,0,차대사람 - 차도통행중,안전운전불이행,건조,맑음,단일로 - 기타,이륜,남,52세,상해없음,보행자,남,83세,중상
2022021600100140,2022년 2월 16일 12시,수요일,강원도 영월군 주천면,경상사고,0,0,1,0,차대차 - 측면충돌,교차로운행방법위반,건조,맑음,교차로 - 교차로안,승용,남,35세,상해없음,승용,남,27세,경상
2022021600100195,2022년 2월 16일 14시,수요일,강원도 원주시 우산동,경상사고,0,0,2,0,차대차 - 기타,신호위반,건조,맑음,교차로 - 교차로안,화물,남,70세,상해없음,승용,남,29세,경상
2022021600100223,2022년 2월 16일 15시,수요일,강원도 강릉시 홍제동,경상사고,0,0,2,0,차대차 - 기타,안전운전불이행,건조,맑음,교차로 - 교차로안,승용,여,29세,상해없음,승용,남,30세,경상
2022021600100224,2022년 2월 16일 15시,수요일,강원도 강릉시 견소동,경상사고,0,0,1,0,차대차 - 기타,안전운전불이행,건조,맑음,교차로 - 교차로안,승용,여,37세,상해없음,승용,남,48세,경상
2022021600100248,2022년 2월 16일 16시,수요일,강원도 원주시 관설동,경상사고,0,0,2,0,차대차 - 측면충돌,안전운전불이행,건조,맑음,단일로 - 기타,승용,남,66세,상해없음,승용,기타불명,미분류,기타불명
2022021600100249,2022년 2월 16일 16시,수요일,강원도 원주시 단구동,경상사고,0,0,1,0,차대차 - 정면충돌,중앙선침범,건조,흐림,단일로 - 기타,화물,남,46세,상해없음,승용,남,36세,경상
2022021600100250,2022년 2월 16일 16시,수요일,강원도 정선군 정선읍,경상사고,0,0,1,0,차대사람 - 기타,안전운전불이행,건조,맑음,교차로 - 교차로안,승용,여,56세,상해없음,보행자,남,8세,경상
2022021600100281,2022년 2월 16일 17시,수요일,강원도 원주시 중앙동,경상사고,0,0,1,0,차대사람 - 길가장자리구역통행중,안전운전불이행,건조,맑음,단일로 - 기타,승용,여,38세,상해없음,보행자,남,71세,경상
2022021600100282,2022년 2월 16일 17시,수요일,강원도 인제군 인제읍,중상사고,0,1,0,0,차대차 - 측면충돌,안전운전불이행,건조,맑음,교차로 - 교차로부근,승용,남,37세,상해없음,화물,남,56세,중상
2022021600100314,2022년 2월 16일 18시,수요일,강원도 춘천시 삼천동,중상사고,0,1,2,0,차대차 - 정면충돌,중앙선침범,건조,맑음,단일로 - 기타,승용,여,40세,상해없음,승용,여,52세,경상
2022021600100394,2022년 2월 16일 20시,수요일,강원도 춘천시 온의동,중상사고,0,1,0,0,차대차 - 측면충돌,안전운전불이행,건조,맑음,교차로 - 교차로안,화물,남,60세,상해없음,이륜,남,42세,중상
2022021700100064,2022년 2월 17일 08시,목요일,강원도 춘천시 효자동,경상사고,0,0,1,0,차대차 - 측면충돌,안전운전불이행,건조,맑음,단일로 - 기타,승용,여,25세,상해없음,승용,여,39세,경상
2022021700100094,2022년 2월 17일 09시,목요일,강원도 홍천군 북방면,경상사고,0,0,1,0,차대차 - 추돌,안전운전불이행,건조,맑음,단일로 - 기타,승용,남,23세,상해없음,화물,남,63세,경상
2022021700100118,2022년 2월 17일 10시,목요일,강원도 춘천시 후평동,경상사고,0,0,1,0,차대사람 - 기타,안전운전불이행,건조,맑음,단일로 - 기타,승용,남,22세,상해없음,보행자,남,51세,경상
2022021700100119,2022년 2월 17일 10시,목요일,강원도 평창군 용평면,경상사고,0,0,1,0,차대차 - 측면충돌,안전운전불이행,서리/결빙,맑음,단일로 - 지하차도(도로)내,승용,남,63세,상해없음,화물,남,48세,경상
2022021700100120,2022년 2월 17일 10시,목요일,강원도 정선군 고한읍,중상사고,0,2,1,2,차대차 - 기타,신호위반,건조,맑음,교차로 - 교차로안,건설기계,남,51세,상해없음,화물,남,26세,중상
2022021700100152,2022년 2월 17일 11시,목요일,강원도 강릉시 포남동,경상사고,0,0,1,0,차대차 - 기타,안전운전불이행,건조,맑음,교차로 - 교차로안,승용,여,53세,상해없음,자전거,여,61세,경상
2022021700100153,2022년 2월 17일 11시,목요일,강원도 원주시 무실동,경상사고,0,0,1,0,차대차 - 기타,신호위반,건조,맑음,교차로 - 교차로안,승용,남,66세,상해없음,승용,여,33세,경상
2022021700100154,2022년 2월 17일 11시,목요일,강원도 홍천군 북방면,경상사고,0,0,1,0,차대차 - 추돌,안전거리미확보,건조,맑음,단일로 - 기타,화물,남,67세,상해없음,승합,남,46세,경상
2022021700100176,2022년 2월 17일 12시,목요일,강원도 춘천시 퇴계동,부상신고사고,0,0,0,1,차대차 - 기타,안전거리미확보,건조,맑음,단일로 - 기타,승용,남,76세,상해없음,이륜,남,39세,부상신고
2022021700100200,2022년 2월 17일 13시,목요일,강원도 강릉시 성남동,경상사고,0,0,1,0,차대사람 - 기타,안전운전불이행,건조,맑음,주차장 - 주차장,승용,남,73세,상해없음,보행자,남,63세,경상
2022021700100228,2022년 2월 17일 14시,목요일,강원도 영월군 영월읍,부상신고사고,0,0,0,1,차대차 - 측면충돌,직진우회전진행방해,건조,맑음,교차로 - 교차로안,승용,여,54세,상해없음,화물,남,60세,상해없음
2022021700100257,2022년 2월 17일 15시,목요일,강원도 춘천시 효자동,경상사고,0,0,1,0,차대사람 - 기타,보행자보호의무위반,건조,맑음,단일로 - 기타,승용,남,63세,상해없음,보행자,여,72세,경상
2022021700100315,2022년 2월 17일 17시,목요일,강원도 원주시 일산동,경상사고,0,0,1,0,차대사람 - 기타,안전운전불이행,건조,맑음,기타 - 기타,승용,여,42세,상해없음,보행자,남,59세,경상
2022021700100348,2022년 2월 17일 18시,목요일,강원도 태백시 황지동,경상사고,0,0,1,0,차대사람 - 기타,안전운전불이행,건조,맑음,교차로 - 교차로안,승용,여,41세,상해없음,보행자,남,64세,경상
2022021700100469,2022년 2월 17일 22시,목요일,강원도 원주시 단계동,경상사고,0,0,1,0,차대차 - 측면충돌,안전운전불이행,건조,맑음,교차로 - 교차로부근,승용,남,58세,상해없음,승용,여,50세,경상
2022021800100009,2022년 2월 18일 01시,금요일,강원도 고성군 거진읍,중상사고,0,1,0,0,차대차 - 측면충돌,안전운전불이행,건조,맑음,교차로 - 교차로안,승용,남,62세,상해없음,승용,남,64세,중상
2022021800100021,2022년 2월 18일 03시,금요일,강원도 춘천시 서면,경상사고,0,0,2,2,차량단독 - 공작물충돌,안전운전불이행,건조,맑음,단일로 - 기타,승용,남,23세,상해없음,,,,
2022021800100044,2022년 2월 18일 06시,금요일,강원도 원주시 개운동,경상사고,0,0,1,0,차대차 - 측면충돌,신호위반,건조,맑음,교차로 - 교차로안,승용,남,28세,상해없음,승용,남,54세,경상
2022021800100056,2022년 2월 18일 07시,금요일,강원도 원주시 문막읍,경상사고,0,0,2,0,차대차 - 추돌,신호위반,건조,맑음,기타 - 기타,화물,남,62세,상해없음,승합,남,48세,경상
2022021800100081,2022년 2월 18일 08시,금요일,강원도 강릉시 사천면,경상사고,0,0,1,0,차대사람 - 기타,안전운전불이행,건조,맑음,단일로 - 기타,건설기계,남,61세,상해없음,보행자,남,66세,경상
2022021800100082,2022년 2월 18일 08시,금요일,강원도 원주시 명륜동,경상사고,0,0,1,0,차대차 - 측면충돌,안전운전불이행,건조,맑음,단일로 - 기타,승용,남,64세,상해없음,승합,남,65세,경상
2022021800100106,2022년 2월 18일 09시,금요일,강원도 화천군 사내면,경상사고,0,0,4,0,차대차 - 측면충돌,교차로운행방법위반,건조,맑음,교차로 - 교차로안,승용,남,28세,상해없음,승합,여,44세,경상
2022021800100167,2022년 2월 18일 11시,금요일,강원도 원주시 단계동,경상사고,0,0,1,0,차대차 - 추돌,안전운전불이행,건조,맑음,교차로 - 교차로부근,승용,남,64세,상해없음,승용,여,64세,경상
2022021800100200,2022년 2월 18일 12시,금요일,강원도 홍천군 남면,경상사고,0,0,3,0,차대차 - 측면충돌,안전거리미확보,건조,맑음,단일로 - 기타,승용,남,73세,경상,화물,남,64세,경상
2022021800100201,2022년 2월 18일 12시,금요일,강원도 태백시 황지동,경상사고,0,0,1,0,차대차 - 측면충돌,안전운전불이행,건조,맑음,교차로 - 교차로안,승용,남,54세,상해없음,승용,남,72세,상해없음
2022021800100245,2022년 2월 18일 14시,금요일,강원도 속초시 동명동,경상사고,0,0,2,0,차대차 - 측면충돌,안전운전불이행,건조,맑음,단일로 - 기타,승용,여,63세,상해없음,승용,여,53세,경상
2022021800100279,2022년 2월 18일 15시,금요일,강원도 춘천시 후평동,경상사고,0,0,1,0,차대사람 - 횡단중,보행자보호의무위반,건조,맑음,교차로 - 교차로안,승용,여,26세,상해없음,보행자,여,79세,경상
2022021800100280,2022년 2월 18일 15시,금요일,강원도 원주시 단계동,경상사고,0,0,1,0,차대차 - 기타,안전운전불이행,건조,흐림,주차장 - 주차장,승용,남,56세,상해없음,승용,남,46세,경상
2022021800100310,2022년 2월 18일 16시,금요일,강원도 원주시 일산동,경상사고,0,0,2,0,차대차 - 기타,안전운전불이행,건조,맑음,교차로 - 교차로부근,승용,여,47세,상해없음,승용,여,48세,경상
2022021800100447,2022년 2월 18일 20시,금요일,강원도 춘천시 온의동,경상사고,0,0,1,0,차대사람 - 횡단중,안전운전불이행,건조,맑음,교차로 - 교차로횡단보도내,승용,여,41세,상해없음,보행자,남,73세,경상
2022021800100448,2022년 2월 18일 20시,금요일,강원도 원주시 단계동,경상사고,0,0,1,0,차대차 - 추돌,안전거리미확보,건조,맑음,교차로 - 교차로부근,승용,남,49세,상해없음,승용,남,55세,상해없음
2022021800100502,2022년 2월 18일 22시,금요일,강원도 인제군 인제읍,중상사고,0,1,0,0,차대차 - 정면충돌,안전운전불이행,건조,맑음,단일로 - 기타,승용,남,34세,상해없음,승용,여,29세,중상
2022021900100104,2022년 2월 19일 11시,토요일,강원도 삼척시 근덕면,경상사고,0,0,1,0,차대차 - 기타,안전운전불이행,건조,맑음,단일로 - 기타,화물,남,78세,상해없음,승용,여,50세,경상
2022021900100139,2022년 2월 19일 12시,토요일,강원도 춘천시 조양동,경상사고,0,0,1,0,차대차 - 측면충돌,안전거리미확보,건조,맑음,단일로 - 기타,승용,여,26세,상해없음,승용,남,55세,경상
2022021900100140,2022년 2월 19일 12시,토요일,강원도 원주시 명륜동,경상사고,0,0,1,1,차대차 - 측면충돌,신호위반,건조,맑음,교차로 - 교차로안,승용,여,39세,부상신고,화물,남,58세,경상
2022021900100276,2022년 2월 19일 17시,토요일,강원도 춘천시 후평동,경상사고,0,0,2,0,차대차 - 측면충돌,신호위반,건조,맑음,교차로 - 교차로안,승용,남,75세,상해없음,승용,남,50세,경상
2022021900100312,2022년 2월 19일 18시,토요일,강원도 춘천시 효자동,경상사고,0,0,1,0,차대차 - 측면충돌,신호위반,건조,맑음,교차로 - 교차로안,화물,남,65세,상해없음,승용,남,66세,경상
2022021900100313,2022년 2월 19일 18시,토요일,강원도 원주시 무실동,경상사고,0,0,1,0,차대차 - 추돌,안전운전불이행,건조,맑음,기타 - 기타,승합,남,33세,상해없음,승용,여,30세,경상
2022021900100314,2022년 2월 19일 18시,토요일,강원도 춘천시 남면,경상사고,0,0,4,0,차대차 - 추돌,안전거리미확보,건조,맑음,단일로 - 기타,승용,남,34세,경상,승용,남,43세,상해없음
2022021900100344,2022년 2월 19일 19시,토요일,강원도 춘천시 동내면,경상사고,0,0,1,0,차대사람 - 차도통행중,안전운전불이행,건조,맑음,교차로 - 교차로안,승합,남,46세,상해없음,보행자,여,61세,경상
2022021900100370,2022년 2월 19일 20시,토요일,강원도 춘천시 석사동,부상신고사고,0,0,0,1,차대차 - 기타,직진우회전진행방해,건조,맑음,교차로 - 교차로안,이륜,남,29세,상해없음,승용,남,47세,부상신고
2022021900100427,2022년 2월 19일 22시,토요일,강원도 춘천시 효자동,경상사고,0,0,1,0,차대차 - 기타,안전운전불이행,건조,맑음,교차로 - 교차로부근,승용,남,27세,상해없음,승용,남,59세,경상
2022022000100123,2022년 2월 20일 13시,일요일,강원도 원주시 문막읍,경상사고,0,0,1,0,차대차 - 측면충돌,안전거리미확보,건조,맑음,교차로 - 교차로부근,승합,남,68세,상해없음,승용,남,61세,상해없음
2022022000100124,2022년 2월 20일 13시,일요일,강원도 동해시 천곡동,중상사고,0,1,0,0,차대차 - 기타,안전운전불이행,건조,맑음,단일로 - 기타,승용,남,35세,상해없음,자전거,남,15세,중상
2022022000100151,2022년 2월 20일 14시,일요일,강원도 원주시 신림면,중상사고,0,2,3,0,차대차 - 정면충돌,중앙선침범,건조,맑음,단일로 - 기타,특수,남,28세,중상,특수,남,43세,중상
2022022000100203,2022년 2월 20일 16시,일요일,강원도 춘천시 남면,경상사고,0,0,5,0,차대차 - 추돌,안전운전불이행,건조,맑음,단일로 - 터널,승용,여,51세,상해없음,승용,남,42세,경상
2022022000100292,2022년 2월 20일 20시,일요일,강원도 춘천시 효자동,경상사고,0,0,1,0,차대사람 - 기타,보행자보호의무위반,건조,맑음,단일로 - 기타,승용,남,23세,기타불명,보행자,남,21세,경상
2022022100100033,2022년 2월 21일 06시,월요일,강원도 원주시 개운동,경상사고,0,0,1,0,차대차 - 측면충돌,신호위반,건조,맑음,교차로 - 교차로부근,승용,남,61세,상해없음,승용,남,55세,경상
2022022100100070,2022년 2월 21일 08시,월요일,강원도 원주시 원동,중상사고,0,2,0,0,차대차 - 측면충돌,직진우회전진행방해,건조,맑음,단일로 - 기타,승용,남,60세,상해없음,화물,남,75세,중상
2022022100100103,2022년 2월 21일 09시,월요일,강원도 원주시 명륜동,경상사고,0,0,2,0,차대차 - 추돌,안전거리미확보,건조,맑음,교차로 - 교차로부근,승합,남,59세,상해없음,승용,여,50세,경상
2022022100100125,2022년 2월 21일 10시,월요일,강원도 원주시 명륜동,중상사고,0,1,0,0,차대사람 - 횡단중,보행자보호의무위반,건조,맑음,교차로 - 교차로횡단보도내,화물,남,54세,상해없음,보행자,여,73세,중상
2022022100100154,2022년 2월 21일 11시,월요일,강원도 강릉시 홍제동,경상사고,0,0,1,0,차대차 - 측면충돌,안전운전불이행,건조,맑음,단일로 - 기타,승용,남,55세,상해없음,이륜,남,48세,경상
2022022100100221,2022년 2월 21일 13시,월요일,강원도 정선군 고한읍,경상사고,0,0,1,0,차대차 - 추돌,직진우회전진행방해,건조,맑음,교차로 - 교차로안,승용,남,80세,상해없음,승용,남,50세,경상
2022022100100291,2022년 2월 21일 15시,월요일,강원도 원주시 단구동,중상사고,0,1,0,0,차대사람 - 횡단중,신호위반,건조,맑음,교차로 - 교차로횡단보도내,승용,남,26세,상해없음,보행자,여,14세,중상