사고번호,사고일시,요일,시군구,사고내용,사망자수,중상자수,경상자수,부상신고자수,사고유형,법규위반,노면상태,기상상태,도로형태,가해운전자 차종,가해운전자 성별,가해운전자 연령,가해운전자 상해정도,피해운전자 차종,피해운전자 성별,피해운전자 연령,피해운전자 상해정도
2022033000100273,2022년 3월 30일 15시,수요일,강원도 원주시 태장동,경상사고,0,0,1,0,차대차 - 추돌,안전운전불이행,건조,맑음,단일로 - 기타,승용,여,63세,상해없음,승용,여,44세,경상
2022033000100293,2022년 3월 30일 16시,수요일,강원도 원주시 귀래면,경상사고,0,0,3,0,차대차 - 기타,안전운전불이행,젖음/습기,비,교차로 - 교차로안,승용,남,77세,기타불명,승용,여,48세,경상
2022033000100322,2022년 3월 30일 17시,수요일,강원도 속초시 조양동,경상사고,0,0,1,0,차대차 - 후진중충돌,안전운전불이행,젖음/습기,비,단일로 - 기타,건설기계,남,55세,상해없음,승용,여,42세,경상
2022033000100355,2022년 3월 30일 18시,수요일,강원도 태백시 황지동,경상사고,0,0,1,0,차대차 - 측면충돌,안전운전불이행,건조,맑음,단일로 - 기타,승용,남,61세,상해없음,승용,여,53세,경상
2022033000100395,2022년 3월 30일 19시,수요일,강원도 강릉시 교동,중상사고,0,1,1,0,차대차 - 측면충돌,신호위반,젖음/습기,비,교차로 - 교차로안,승용,남,41세,상해없음,승용,남,18세,경상
2022033000100463,2022년 3월 30일 22시,수요일,강원도 원주시 문막읍,경상사고,0,0,5,0,차대차 - 측면충돌,안전운전불이행,건조,맑음,단일로 - 기타,승용,남,40세,상해없음,승용,남,30세,경상
2022033100100036,2022년 3월 31일 06시,목요일,강원도 원주시 문막읍,중상사고,0,1,0,0,차대차 - 정면충돌,신호위반,건조,맑음,교차로 - 교차로안,승용,남,51세,중상,화물,남,61세,상해없음
2022033100100109,2022년 3월 31일 10시,목요일,강원도 춘천시 석사동,중상사고,0,1,1,0,차대차 - 기타,안전운전불이행,건조,맑음,교차로 - 교차로안,승용,여,48세,기타불명,승용,남,21세,중상
2022033100100163,2022년 3월 31일 12시,목요일,강원도 영월군 영월읍,경상사고,0,0,1,0,차대차 - 기타,교차로운행방법위반,건조,맑음,교차로 - 교차로안,이륜,남,24세,경상,승용,남,57세,상해없음
2022033100100187,2022년 3월 31일 13시,목요일,강원도 강릉시 초당동,경상사고,0,0,4,0,차대차 - 기타,안전운전불이행,건조,맑음,주차장 - 주차장,승용,남,21세,상해없음,승용,남,19세,경상
2022033100100220,2022년 3월 31일 14시,목요일,강원도 태백시 황지동,경상사고,0,0,1,0,차대차 - 기타,교차로운행방법위반,건조,흐림,교차로 - 교차로안,승용,남,21세,상해없음,이륜,남,50세,경상
2022033100100247,2022년 3월 31일 15시,목요일,강원도 춘천시 중앙로2가,경상사고,0,0,1,0,차대차 - 측면충돌,기타,건조,맑음,단일로 - 기타,승합,남,62세,상해없음,승용,여,54세,경상
2022033100100248,2022년 3월 31일 15시,목요일,강원도 고성군 간성읍,경상사고,0,0,1,0,차대사람 - 기타,안전운전불이행,건조,맑음,주차장 - 주차장,화물,남,75세,상해없음,보행자,남,28세,경상
2022033100100249,2022년 3월 31일 15시,목요일,강원도 동해시 효가동,경상사고,0,0,1,0,차대차 - 측면충돌,교차로운행방법위반,젖음/습기,비,단일로 - 기타,승용,남,52세,상해없음,이륜,남,16세,경상
2022033100100280,2022년 3월 31일 16시,목요일,강원도 춘천시 동내면,경상사고,0,0,1,0,차대차 - 기타,안전운전불이행,건조,맑음,단일로 - 기타,승용,여,60세,상해없음,자전거,여,22세,경상
2022033100100281,2022년 3월 31일 16시,목요일,강원도 원주시 소초면,경상사고,0,0,3,0,차대차 - 추돌,안전운전불이행,건조,맑음,교차로 - 교차로부근,승용,남,69세,상해없음,승용,남,40세,경상
2022033100100352,2022년 3월 31일 18시,목요일,강원도 춘천시 효자동,경상사고,0,0,1,0,차대차 - 측면충돌,직진우회전진행방해,건조,맑음,교차로 - 교차로안,승용,남,25세,상해없음,이륜,남,22세,경상
2022033100100419,2022년 3월 31일 20시,목요일,강원도 춘천시 퇴계동,경상사고,0,0,1,0,차대차 - 기타,안전운전불이행,건조,맑음,기타 - 기타,승용,여,25세,상해없음,자전거,여,18세,경상
2022040100100007,2022년 4월 1일 00시,금요일,강원도 정선군 사북읍,경상사고,0,0,2,0,차대차 - 기타,불법유턴,건조,맑음,단일로 - 기타,승용,남,73세,경상,화물,남,63세,경상
2022040100100045,2022년 4월 1일 07시,금요일,강원도 강릉시 금학동,경상사고,0,0,1,0,차대차 - 기타,안전운전불이행,젖음/습기,비,단일로 - 기타,승용,남,63세,상해없음,승용,남,62세,상해없음
2022040100100046,2022년 4월 1일 07시,금요일,강원도 홍천군 서석면,경상사고,0,0,1,0,차대차 - 측면충돌,중앙선침범,건조,맑음,단일로 - 지하차도(도로)내,승용,남,59세,상해없음,화물,남,67세,경상
2022040100100209,2022년 4월 1일 13시,금요일,강원도 원주시 흥업면,경상사고,0,0,1,0,차대차 - 정면충돌,중앙선침범,건조,맑음,단일로 - 기타,승용,여,48세,상해없음,화물,남,65세,경상
2022040100100230,2022년 4월 1일 14시,금요일,강원도 원주시 신림면,사망사고,2,1,0,0,차대차 - 기타,중앙선침범,건조,맑음,단일로 - 기타,승용,여,70세,사망,승용,남,82세,중상
2022040100100231,2022년 4월 1일 14시,금요일,강원도 평창군 진부면,경상사고,0,0,4,0,차대차 - 추돌,안전운전불이행,건조,맑음,단일로 - 지하차도(도로)내,화물,남,63세,상해없음,승용,남,36세,경상
2022040100100261,2022년 4월 1일 15시,금요일,강원도 삼척시 마달동,경상사고,0,0,2,0,차대차 - 측면충돌,안전운전불이행,건조,맑음,교차로 - 교차로안,승용,남,51세,상해없음,승합,남,52세,경상
2022040100100414,2022년 4월 1일 19시,금요일,강원도 평창군 대관령면,경상사고,0,0,2,0,차량단독 - 공작물충돌,안전운전불이행,건조,맑음,단일로 - 기타,승용,남,64세,경상,,,,
2022040100100454,2022년 4월 1일 20시,금요일,강원도 춘천시 운교동,부상신고사고,0,0,0,1,차대차 - 측면충돌,안전거리미확보,건조,맑음,교차로 - 교차로횡단보도내,승용,남,74세,상해없음,개인형이동수단(PM),여,13세,부상신고
2022040100100455,2022년 4월 1일 20시,금요일,강원도 춘천시 운교동,경상사고,0,0,2,1,차대차 - 측면충돌,신호위반,건조,맑음,교차로 - 교차로안,승용,남,47세,부상신고,승합,남,54세,경상
2022040100100456,2022년 4월 1일 20시,금요일,강원도 철원군 서면,경상사고,0,0,1,0,차대차 - 측면충돌,안전운전불이행,건조,맑음,단일로 - 기타,화물,남,75세,상해없음,승용,남,79세,경상
2022040100100520,2022년 4월 1일 22시,금요일,강원도 평창군 대관령면,사망사고,1,2,0,0,차대사람 - 기타,안전운전불이행,건조,맑음,단일로 - 지하차도(도로)내,화물,남,62세,상해없음,보행자,남,30세,사망
2022040100100544,2022년 4월 1일 23시,금요일,강원도 춘천시 퇴계동,경상사고,0,0,1,0,차대차 - 추돌,안전운전불이행,건조,맑음,기타 - 기타,승용,여,44세,상해없음,이륜,남,38세,경상
2022040200100084,2022년 4월 2일 09시,토요일,강원도 춘천시 퇴계동,경상사고,0,0,1,0,차대차 - 기타,신호위반,건조,맑음,교차로 - 교차로안,승용,남,61세,상해없음,이륜,남,62세,경상
2022040200100085,2022년 4월 2일 09시,토요일,강원도 원주시 우산동,경상사고,0,0,1,0,차대차 - 추돌,안전운전불이행,건조,맑음,교차로 - 교차로부근,승용,남,57세,상해없음,승용,남,39세,경상
2022040200100086,2022년 4월 2일 09시,토요일,강원도 홍천군 서면,중상사고,0,2,1,0,차대차 - 정면충돌,중앙선침범,건조,맑음,단일로 - 기타,승용,여,31세,경상,승용,남,52세,중상
2022040200100087,2022년 4월 2일 09시,토요일,강원도 평창군 진부면,경상사고,0,0,2,0,차대차 - 측면충돌,교차로운행방법위반,젖음/습기,안개,교차로 - 교차로부근,승용,여,46세,상해없음,화물,남,54세,경상
2022040200100116,2022년 4월 2일 10시,토요일,강원도 홍천군 홍천읍,중상사고,0,1,0,0,차대사람 - 횡단중,보행자보호의무위반,건조,맑음,교차로 - 교차로부근,승용,남,69세,상해없음,보행자,여,62세,중상
2022040200100147,2022년 4월 2일 11시,토요일,강원도 삼척시 우지동,경상사고,0,0,1,0,차대차 - 추돌,안전운전불이행,건조,맑음,교차로 - 교차로부근,승용,남,66세,상해없음,승용,남,52세,경상
2022040200100184,2022년 4월 2일 12시,토요일,강원도 원주시 일산동,중상사고,0,1,0,0,차대사람 - 기타,안전운전불이행,건조,맑음,단일로 - 기타,화물,남,30세,상해없음,보행자,남,65세,중상
2022040200100185,2022년 4월 2일 12시,토요일,강원도 삼척시 남양동,경상사고,0,0,1,0,차대사람 - 차도통행중,안전운전불이행,건조,맑음,교차로 - 교차로부근,승용,여,57세,상해없음,보행자,여,61세,경상
2022040200100261,2022년 4월 2일 14시,토요일,강원도 강릉시 옥천동,중상사고,0,1,0,0,차대차 - 추돌,안전운전불이행,건조,맑음,단일로 - 기타,승용,남,48세,기타불명,이륜,남,36세,중상
2022040200100295,2022년 4월 2일 15시,토요일,강원도 원주시 단계동,경상사고,0,0,2,0,차대차 - 측면충돌,안전운전불이행,건조,맑음,교차로 - 교차로부근,승용,남,30세,기타불명,승용,남,61세,경상
2022040200100344,2022년 4월 2일 16시,토요일,강원도 춘천시 석사동,경상사고,0,0,2,0,차대차 - 측면충돌,안전거리미확보,건조,맑음,단일로 - 기타,승용,남,20세,경상,승용,남,26세,상해없음
2022040200100381,2022년 4월 2일 17시,토요일,강원도 속초시 조양동,경상사고,0,0,1,0,차대차 - 측면충돌,안전운전불이행,건조,맑음,단일로 - 기타,특수,남,63세,상해없음,승용,남,22세,경상
2022040200100382,2022년 4월 2일 17시,토요일,강원도 평창군 평창읍,경상사고,0,0,2,0,차대차 - 측면충돌,직진우회전진행방해,건조,맑음,교차로 - 교차로부근,화물,남,65세,상해없음,승용,남,27세,경상
2022040200100418,2022년 4월 2일 18시,토요일,강원도 춘천시 신북읍,중상사고,0,1,0,0,차대차 - 기타,교차로운행방법위반,건조,맑음,교차로 - 교차로안,승용,남,73세,상해없음,자전거,남,67세,중상
2022040200100419,2022년 4월 2일 18시,토요일,강원도 삼척시 당저동,경상사고,0,0,1,0,차대차 - 측면충돌,안전운전불이행,건조,맑음,단일로 - 기타,승용,남,41세,상해없음,승용,남,53세,경상
2022040200100450,2022년 4월 2일 19시,토요일,강원도 춘천시 운교동,경상사고,0,0,1,0,차대차 - 측면충돌,교차로운행방법위반,건조,맑음,교차로 - 교차로안,승용,여,34세,상해없음,이륜,남,44세,경상
2022040200100451,2022년 4월 2일 19시,토요일,강원도 원주시 단계동,경상사고,0,0,1,0,차대차 - 측면충돌,안전운전불이행,건조,맑음,교차로 - 교차로안,승용,남,29세,상해없음,승용,남,31세,경상
2022040200100483,2022년 4월 2일 20시,토요일,강원도 춘천시 석사동,중상사고,0,1,0,0,차대사람 - 기타,보행자보호의무위반,건조,맑음,단일로 - 기타,승용,남,32세,상해없음,보행자,남,24세,중상
2022040200100516,2022년 4월 2일 22시,토요일,강원도 원주시 평원동,경상사고,0,0,1,0,차대차 - 측면충돌,신호위반,건조,맑음,교차로 - 교차로안,승용,남,57세,상해없음,승용,남,66세,경상
2022040200100517,2022년 4월 2일 22시,토요일,강원도 태백시 황지동,경상사고,0,0,1,0,차대차 - 추돌,안전운전불이행,건조,맑음,단일로 - 기타,승용,남,52세,상해없음,승용,남,47세,경상
2022040300100004,2022년 4월 3일 00시,일요일,강원도 고성군 토성면,경상사고,0,0,1,0,차대차 - 측면충돌,안전운전불이행,건조,맑음,교차로 - 교차로부근,승용,여,48세,상해없음,승용,남,53세,경상
2022040300100029,2022년 4월 3일 05시,일요일,강원도 원주시 명륜동,경상사고,0,0,2,0,차대차 - 추돌,안전운전불이행,건조,맑음,교차로 - 교차로부근,승용,남,56세,경상,승용,남,52세,경상
2022040300100061,2022년 4월 3일 10시,일요일,강원도 강릉시 포남동,경상사고,0,0,2,0,차대차 - 추돌,안전운전불이행,건조,맑음,기타 - 기타,승용,남,42세,상해없음,승용,남,51세,경상
2022040300100077,2022년 4월 3일 11시,일요일,강원도 원주시 무실동,경상사고,0,0,1,0,차대차 - 측면충돌,안전운전불이행,건조,맑음,교차로 - 교차로안,승용,여,59세,상해없음,승용,여,49세,경상
2022040300100078,2022년 4월 3일 11시,일요일,강원도 삼척시 남양동,중상사고,0,1,1,0,차대차 - 측면충돌,직진우회전진행방해,건조,맑음,교차로 - 교차로안,승용,여,51세,중상,승용,남,53세,경상
2022040300100103,2022년 4월 3일 12시,일요일,강원도 원주시 태장동,경상사고,0,0,1,0,차대차 - 측면충돌,안전운전불이행,건조,맑음,교차로 - 교차로부근,이륜,남,32세,기타불명,승용,여,52세,경상
2022040300100104,2022년 4월 3일 12시,일요일,강원도 원주시 판부면,경상사고,0,0,1,0,차대차 - 측면충돌,안전운전불이행,건조,맑음,교차로 - 교차로안,이륜,남,21세,상해없음,승용,남,24세,경상
2022040300100105,2022년 4월 3일 12시,일요일,강원도 횡성군 횡성읍,경상사고,0,0,3,0,차대차 - 측면충돌,직진우회전진행방해,건조,맑음,교차로 - 교차로안,승용,남,50세,경상,승용,남,29세,경상
2022040300100130,2022년 4월 3일 13시,일요일,강원도 원주시 반곡동,중상사고,0,1,1,0,차대차 - 기타,신호위반,건조,맑음,교차로 - 교차로안,승용,여,74세,상해없음,승용,여,46세,중상
2022040300100131,2022년 4월 3일 13시,일요일,강원도 원주시 단구동,경상사고,0,0,2,0,차대차 - 측면충돌,안전운전불이행,건조,맑음,교차로 - 교차로부근,승용,남,54세,상해없음,승용,남,31세,경상
2022040300100132,2022년 4월 3일 13시,일요일,강원도 동해시 천곡동,경상사고,0,0,2,0,차대차 - 기타,교차로운행방법위반,건조,맑음,교차로 - 교차로안,승용,남,57세,기타불명,승용,여,62세,경상
2022040300100172,2022년 4월 3일 14시,일요일,강원도 원주시 단계동,경상사고,0,0,2,0,차대차 - 측면충돌,직진우회전진행방해,건조,맑음,교차로 - 교차로안,이륜,남,28세,경상,승용,여,43세,경상
2022040300100203,2022년 4월 3일 15시,일요일,강원도 원주시 학성동,중상사고,0,1,0,0,차대사람 - 기타,안전운전불이행,건조,맑음,주차장 - 주차장,승용,남,63세,상해없음,보행자,여,52세,중상
2022040300100204,2022년 4월 3일 15시,일요일,강원도 홍천군 내촌면,경상사고,0,0,4,2,차대차 - 추돌,안전거리미확보,건조,맑음,단일로 - 기타,승용,남,50세,상해없음,승용,남,49세,경상
2022040300100276,2022년 4월 3일 17시,일요일,강원도 삼척시 남양동,중상사고,0,1,0,0,차대차 - 추돌,안전운전불이행,건조,맑음,단일로 - 지하차도(도로)내,승용,여,49세,상해없음,승용,기타불명,미분류,기타불명
2022040300100338,2022년 4월 3일 19시,일요일,강원도 강릉시 내곡동,경상사고,0,0,1,0,차대차 - 측면충돌,안전운전불이행,건조,맑음,교차로 - 교차로안,승용,남,42세,상해없음,이륜,여,43세,경상
2022040300100377,2022년 4월 3일 21시,일요일,강원도 원주시 단계동,경상사고,0,0,2,0,차대차 - 기타,안전운전불이행,건조,맑음,교차로 - 교차로안,승용,여,26세,상해없음,승용,남,50세,경상
2022040400100015,2022년 4월 4일 01시,월요일,강원도 원주시 단구동,경상사고,0,0,1,0,차대사람 - 차도통행중,안전운전불이행,건조,흐림,교차로 - 교차로안,화물,남,69세,상해없음,보행자,남,61세,경상
2022040400100097,2022년 4월 4일 08시,월요일,강원도 원주시 학성동,경상사고,0,0,3,0,차대차 - 추돌,안전운전불이행,건조,맑음,단일로 - 기타,승용,남,44세,상해없음,승용,여,44세,경상
2022040400100098,2022년 4월 4일 08시,월요일,강원도 원주시 개운동,경상사고,0,0,4,0,차대차 - 측면충돌,교차로운행방법위반,건조,흐림,교차로 - 교차로안,승용,여,34세,상해없음,승용,여,49세,경상
2022040400100099,2022년 4월 4일 08시,월요일,강원도 화천군 하남면,경상사고,0,0,1,1,차대차 - 측면충돌,교차로운행방법위반,건조,맑음,교차로 - 교차로안,승용,남,67세,부상신고,승용,여,63세,경상
2022040400100100,2022년 4월 4일 08시,월요일,강원도 횡성군 서원면,경상사고,0,0,2,0,차대차 - 기타,안전운전불이행,건조,맑음,단일로 - 기타,화물,남,24세,상해없음,승용,남,79세,경상
2022040400100137,2022년 4월 4일 09시,월요일,강원도 춘천시 후평동,부상신고사고,0,0,0,1,차대차 - 기타,불법유턴,건조,맑음,교차로 - 교차로부근,이륜,남,65세,부상신고,화물,남,45세,상해없음
2022040400100166,2022년 4월 4일 10시,월요일,강원도 춘천시 온의동,경상사고,0,0,1,0,차대사람 - 횡단중,안전운전불이행,건조,맑음,단일로 - 기타,승합,남,56세,상해없음,보행자,남,84세,경상
2022040400100167,2022년 4월 4일 10시,월요일,강원도 춘천시 후평동,경상사고,0,0,1,0,차대사람 - 기타,안전운전불이행,건조,맑음,단일로 - 기타,승용,여,33세,상해없음,보행자,남,30세,경상
2022040400100198,2022년 4월 4일 11시,월요일,강원도 춘천시 동산면,경상사고,0,0,1,0,차대사람 - 기타,안전운전불이행,건조,맑음,단일로 - 기타,승용,남,43세,상해없음,보행자,남,38세,경상
2022040400100199,2022년 4월 4일 11시,월요일,강원도 홍천군 두촌면,경상사고,0,0,1,0,차대차 - 정면충돌,중앙선침범,건조,맑음,단일로 - 기타,승용,남,80세,상해없음,이륜,남,63세,경상
2022040400100224,2022년 4월 4일 12시,월요일,강원도 동해시 용정동,부상신고사고,0,0,0,1,차대차 - 기타,안전운전불이행,건조,맑음,단일로 - 기타,자전거,여,37세,부상신고,승용,남,38세,상해없음
2022040400100253,2022년 4월 4일 13시,월요일,강원도 원주시 행구동,경상사고,0,0,2,0,차대차 - 측면충돌,교차로운행방법위반,건조,맑음,교차로 - 교차로안,승용,여,53세,상해없음,승용,여,47세,경상
2022040400100304,2022년 4월 4일 15시,월요일,강원도 원주시 명륜동,중상사고,0,1,0,0,차대차 - 측면충돌,안전운전불이행,건조,맑음,주차장 - 주차장,승용,여,61세,상해없음,승용,남,59세,중상
2022040400100342,2022년 4월 4일 16시,월요일,강원도 강릉시 옥천동,경상사고,0,0,1,0,차대차 - 기타,안전운전불이행,건조,맑음,교차로 - 교차로안,이륜,남,45세,기타불명,승용,남,26세,경상
2022040400100460,2022년 4월 4일 19시,월요일,강원도 강릉시 교동,중상사고,0,1,3,0,차대차 - 기타,신호위반,건조,맑음,교차로 - 교차로안,승용,여,54세,경상,이륜,남,40세,중상
2022040400100484,2022년 4월 4일 20시,월요일,강원도 춘천시 동내면,경상사고,0,0,1,0,차대차 - 측면충돌,차로위반,건조,맑음,교차로 - 교차로부근,승용,여,61세,상해없음,승용,여,54세,경상
2022040400100485,2022년 4월 4일 20시,월요일,강원도 원주시 태장동,경상사고,0,0,1,0,차대차 - 측면충돌,교차로운행방법위반,건조,맑음,교차로 - 교차로안,승용,남,58세,상해없음,승용,남,42세,상해없음
2022040400100534,2022년 4월 4일 23시,월요일,강원도 춘천시 교동,경상사고,0,0,1,0,차대차 - 측면충돌,안전운전불이행,건조,맑음,단일로 - 기타,이륜,남,57세,상해없음,이륜,남,20세,경상
2022040500100006,2022년 4월 5일 00시,화요일,강원도 원주시 단계동,경상사고,0,0,6,1,차대차 - 추돌,안전거리미확보,건조,기타,교차로 - 교차로부근,승용,남,61세,상해없음,승용,남,22세,경상
2022040500100030,2022년 4월 5일 05시,화요일,강원도 춘천시 남산면,경상사고,0,0,1,0,차대차 - 정면충돌,중앙선침범,건조,맑음,교차로 - 교차로부근,승용,여,40세,상해없음,승용,남,51세,경상
2022040500100053,2022년 4월 5일 07시,화요일,강원도 원주시 단계동,경상사고,0,0,1,0,차대사람 - 횡단중,신호위반,건조,맑음,교차로 - 교차로횡단보도내,승용,여,63세,상해없음,보행자,남,60세,경상
2022040500100120,2022년 4월 5일 09시,화요일,강원도 춘천시 동내면,경상사고,0,0,1,0,차대차 - 기타,중앙선침범,건조,맑음,단일로 - 기타,화물,남,61세,상해없음,화물,남,75세,경상
2022040500100121,2022년 4월 5일 09시,화요일,강원도 춘천시 동면,경상사고,0,0,1,0,차대차 - 측면충돌,신호위반,건조,맑음,교차로 - 교차로안,승용,남,75세,상해없음,승용,여,55세,경상
2022040500100150,2022년 4월 5일 10시,화요일,강원도 춘천시 후평동,경상사고,0,0,1,0,차대차 - 기타,안전거리미확보,건조,맑음,단일로 - 기타,이륜,남,75세,상해없음,승합,남,52세,상해없음
2022040500100151,2022년 4월 5일 10시,화요일,강원도 강릉시 노암동,경상사고,0,0,2,0,차대차 - 측면충돌,안전운전불이행,건조,맑음,교차로 - 교차로부근,승용,남,60세,상해없음,승용,여,26세,경상
2022040500100176,2022년 4월 5일 11시,화요일,강원도 춘천시 퇴계동,경상사고,0,0,1,0,차대차 - 기타,안전운전불이행,건조,맑음,단일로 - 기타,승용,여,61세,상해없음,이륜,남,43세,경상
2022040500100177,2022년 4월 5일 11시,화요일,강원도 원주시 인동,중상사고,0,1,0,0,차대사람 - 횡단중,보행자보호의무위반,건조,맑음,교차로 - 교차로안,승용,여,41세,상해없음,보행자,여,56세,중상
2022040500100178,2022년 4월 5일 11시,화요일,강원도 삼척시 남양동,경상사고,0,0,1,0,차대차 - 측면충돌,안전운전불이행,건조,맑음,교차로 - 교차로안,승용,남,77세,상해없음,승용,남,54세,경상
2022040500100285,2022년 4월 5일 14시,화요일,강원도 동해시 천곡동,경상사고,0,0,1,0,차대차 - 기타,신호위반,건조,맑음,교차로 - 교차로부근,화물,남,74세,상해없음,승용,남,58세,상해없음
2022040500100316,2022년 4월 5일 15시,화요일,강원도 양양군 강현면,중상사고,0,1,0,0,차대차 - 측면충돌,신호위반,건조,맑음,교차로 - 교차로안,승용,남,76세,상해없음,승용,여,52세,중상
2022040500100347,2022년 4월 5일 16시,화요일,강원도 정선군 정선읍,경상사고,0,0,1,0,차대차 - 기타,안전거리미확보,건조,맑음,단일로 - 기타,승용,남,63세,상해없음,승용,여,39세,경상
2022040500100378,2022년 4월 5일 17시,화요일,강원도 고성군 거진읍,경상사고,0,0,1,0,차대차 - 측면충돌,직진우회전진행방해,건조,맑음,교차로 - 교차로안,화물,남,60세,상해없음,화물,남,64세,경상
2022040500100414,2022년 4월 5일 18시,화요일,강원도 원주시 단계동,경상사고,0,0,1,0,차대차 - 측면충돌,안전거리미확보,건조,흐림,교차로 - 교차로안,승용,남,71세,상해없음,승용,남,22세,경상
2022040500100554,2022년 4월 5일 23시,화요일,강원도 속초시 조양동,경상사고,0,0,1,0,차대차 - 측면충돌,안전운전불이행,건조,맑음,교차로 - 교차로부근,승용,여,22세,상해없음,승용,남,27세,경상
2022040600100042,2022년 4월 6일 06시,수요일,강원도 속초시 조양동,중상사고,0,1,0,0,차대차 - 측면충돌,안전운전불이행,건조,맑음,교차로 - 교차로안,승합,남,38세,상해없음,승용,여,31세,중상
2022040600100053,2022년 4월 6일 07시,수요일,강원도 횡성군 횡성읍,중상사고,0,1,3,0,차대차 - 추돌,안전운전불이행,건조,맑음,단일로 - 기타,승용,남,45세,경상,승용,남,37세,상해없음
2022040600100082,2022년 4월 6일 08시,수요일,강원도 춘천시 후평동,경상사고,0,0,1,0,차대사람 - 횡단중,보행자보호의무위반,건조,맑음,교차로 - 교차로안,승용,남,53세,기타불명,보행자,남,17세,경상
2022040600100131,2022년 4월 6일 10시,수요일,강원도 춘천시 사농동,부상신고사고,0,0,0,1,차대차 - 정면충돌,안전운전불이행,건조,맑음,단일로 - 기타,자전거,남,55세,상해없음,자전거,남,62세,부상신고
2022040600100132,2022년 4월 6일 10시,수요일,강원도 원주시 원동,중상사고,0,1,0,0,차대사람 - 기타,안전운전불이행,건조,맑음,기타 - 기타,승용,남,77세,상해없음,보행자,남,84세,중상
2022040600100160,2022년 4월 6일 11시,수요일,강원도 춘천시 근화동,경상사고,0,0,1,0,차대차 - 기타,안전운전불이행,건조,맑음,기타 - 기타,화물,남,61세,상해없음,자전거,남,80세,경상
2022040600100161,2022년 4월 6일 11시,수요일,강원도 속초시 중앙동,중상사고,0,1,1,0,차대차 - 측면충돌,안전운전불이행,건조,맑음,교차로 - 교차로부근,승용,남,27세,상해없음,승용,남,74세,중상
2022040600100189,2022년 4월 6일 12시,수요일,강원도 정선군 사북읍,경상사고,0,0,1,0,차대사람 - 기타,안전운전불이행,건조,맑음,기타 - 기타,승용,남,46세,상해없음,보행자,남,48세,경상
2022040600100264,2022년 4월 6일 15시,수요일,강원도 강릉시 저동,경상사고,0,0,3,0,차대차 - 추돌,안전운전불이행,건조,맑음,단일로 - 기타,승용,남,36세,상해없음,승용,여,69세,경상
2022040600100265,2022년 4월 6일 15시,수요일,강원도 원주시 단계동,경상사고,0,0,1,0,차대차 - 측면충돌,신호위반,건조,맑음,교차로 - 교차로안,승용,여,26세,상해없음,이륜,남,52세,경상
2022040600100266,2022년 4월 6일 15시,수요일,강원도 철원군 근남면,경상사고,0,0,1,0,차대차 - 측면충돌,중앙선침범,건조,맑음,단일로 - 기타,승용,남,21세,상해없음,승용,남,21세,경상
2022040600100307,2022년 4월 6일 16시,수요일,강원도 원주시 단계동,경상사고,0,0,2,0,차대차 - 측면충돌,중앙선침범,건조,맑음,단일로 - 기타,이륜,남,14세,경상,이륜,남,24세,경상
2022040600100348,2022년 4월 6일 17시,수요일,강원도 원주시 호저면,경상사고,0,0,1,0,차대차 - 기타,신호위반,건조,맑음,교차로 - 교차로부근,화물,남,25세,상해없음,승용,남,44세,경상
2022040600100349,2022년 4월 6일 17시,수요일,강원도 원주시 단계동,경상사고,0,0,2,0,차대차 - 측면충돌,교차로운행방법위반,건조,맑음,교차로 - 교차로안,화물,남,75세,상해없음,승용,남,22세,경상
2022040600100350,2022년 4월 6일 17시,수요일,강원도 원주시 학성동,경상사고,0,0,1,0,차대사람 - 길가장자리구역통행중,안전운전불이행,건조,맑음,단일로 - 기타,승용,남,72세,상해없음,보행자,여,82세,경상
2022040600100396,2022년 4월 6일 18시,수요일,강원도 춘천시 후평동,중상사고,0,1,0,0,차대사람 - 기타,안전운전불이행,건조,맑음,단일로 - 기타,승용,남,72세,상해없음,보행자,남,60세,중상
2022040600100397,2022년 4월 6일 18시,수요일,강원도 삼척시 원덕읍,중상사고,0,2,0,0,차량단독 - 도로외이탈 - 추락,안전운전불이행,기타,맑음,기타 - 기타,승용,남,83세,중상,,,,
2022040700100014,2022년 4월 7일 00시,목요일,강원도 춘천시 석사동,중상사고,0,1,0,0,차대사람 - 기타,불법유턴,건조,맑음,단일로 - 기타,승용,남,35세,기타불명,보행자,남,29세,중상
2022040700100041,2022년 4월 7일 06시,목요일,강원도 홍천군 홍천읍,경상사고,0,0,2,0,차대차 - 측면충돌,직진우회전진행방해,건조,맑음,교차로 - 교차로안,화물,남,69세,경상,승용,남,68세,경상
2022040700100168,2022년 4월 7일 11시,목요일,강원도 원주시 중앙동,중상사고,0,1,1,0,차대사람 - 횡단중,안전운전불이행,건조,맑음,단일로 - 기타,승용,남,55세,상해없음,보행자,여,57세,중상
2022040700100202,2022년 4월 7일 12시,목요일,강원도 속초시 노학동,경상사고,0,0,1,0,차대차 - 측면충돌,안전운전불이행,건조,맑음,단일로 - 기타,이륜,남,54세,상해없음,이륜,남,28세,경상
2022040700100236,2022년 4월 7일 13시,목요일,강원도 강릉시 초당동,중상사고,0,1,0,0,차대사람 - 기타,안전운전불이행,건조,맑음,단일로 - 기타,승용,남,79세,상해없음,보행자,남,27세,중상