사고번호,사고일시,요일,시군구,사고내용,사망자수,중상자수,경상자수,부상신고자수,사고유형,법규위반,노면상태,기상상태,도로형태,가해운전자 차종,가해운전자 성별,가해운전자 연령,가해운전자 상해정도,피해운전자 차종,피해운전자 성별,피해운전자 연령,피해운전자 상해정도
2022042900100268,2022년 4월 29일 12시,금요일,강원도 동해시 평릉동,중상사고,0,1,0,0,차대차 - 측면충돌,안전운전불이행,건조,흐림,교차로 - 교차로안,승용,남,30세,상해없음,이륜,여,64세,중상
2022042900100307,2022년 4월 29일 13시,금요일,강원도 춘천시 동면,경상사고,0,0,2,0,차대차 - 기타,불법유턴,건조,맑음,단일로 - 기타,자전거,여,71세,경상,이륜,남,66세,경상
2022042900100308,2022년 4월 29일 13시,금요일,강원도 춘천시 온의동,경상사고,0,0,1,0,차대차 - 후진중충돌,안전운전불이행,건조,맑음,단일로 - 기타,승용,남,59세,상해없음,이륜,남,47세,경상
2022042900100309,2022년 4월 29일 13시,금요일,강원도 원주시 학성동,중상사고,0,1,0,0,차대차 - 측면충돌,안전운전불이행,건조,맑음,단일로 - 기타,승합,남,59세,상해없음,이륜,남,27세,중상
2022042900100310,2022년 4월 29일 13시,금요일,강원도 속초시 동명동,경상사고,0,0,2,0,차대차 - 측면충돌,신호위반,건조,맑음,교차로 - 교차로안,승용,여,66세,상해없음,승용,남,60세,상해없음
2022042900100341,2022년 4월 29일 14시,금요일,강원도 춘천시 후평동,경상사고,0,0,1,0,차대차 - 기타,안전운전불이행,건조,맑음,단일로 - 기타,승용,남,64세,상해없음,이륜,남,39세,경상
2022042900100371,2022년 4월 29일 15시,금요일,강원도 원주시 무실동,경상사고,0,0,3,0,차대차 - 추돌,안전운전불이행,건조,맑음,단일로 - 기타,승용,남,75세,상해없음,승용,여,23세,경상
2022042900100415,2022년 4월 29일 16시,금요일,강원도 춘천시 효자동,경상사고,0,0,1,1,차대차 - 기타,안전운전불이행,건조,맑음,교차로 - 교차로안,승용,여,68세,부상신고,승용,남,35세,경상
2022042900100444,2022년 4월 29일 17시,금요일,강원도 속초시 조양동,중상사고,0,1,1,0,차대차 - 측면충돌,직진우회전진행방해,건조,맑음,교차로 - 교차로안,승용,남,29세,상해없음,화물,남,53세,중상
2022042900100445,2022년 4월 29일 17시,금요일,강원도 정선군 화암면,경상사고,0,0,3,0,차대차 - 기타,안전운전불이행,건조,맑음,교차로 - 교차로부근,화물,남,73세,상해없음,승용,여,27세,경상
2022042900100493,2022년 4월 29일 18시,금요일,강원도 원주시 우산동,경상사고,0,0,1,0,차대차 - 측면충돌,불법유턴,건조,맑음,단일로 - 기타,승용,남,58세,상해없음,원동기,남,38세,경상
2022042900100494,2022년 4월 29일 18시,금요일,강원도 원주시 반곡동,경상사고,0,0,1,0,차대차 - 기타,교차로운행방법위반,건조,맑음,교차로 - 교차로안,승용,남,45세,상해없음,승용,여,39세,경상
2022042900100495,2022년 4월 29일 18시,금요일,강원도 원주시 개운동,경상사고,0,0,1,0,차대차 - 측면충돌,직진우회전진행방해,건조,맑음,교차로 - 교차로안,승용,남,69세,상해없음,승용,남,34세,경상
2022042900100530,2022년 4월 29일 19시,금요일,강원도 원주시 단계동,경상사고,0,0,2,0,차대차 - 추돌,안전거리미확보,건조,맑음,단일로 - 기타,화물,남,31세,상해없음,승용,여,39세,경상
2022042900100568,2022년 4월 29일 20시,금요일,강원도 춘천시 남면,경상사고,0,0,2,0,차대차 - 추돌,안전운전불이행,건조,맑음,단일로 - 기타,승용,남,33세,상해없음,승용,여,39세,상해없음
2022042900100598,2022년 4월 29일 21시,금요일,강원도 춘천시 동내면,경상사고,0,0,1,0,차대차 - 기타,신호위반,건조,흐림,기타 - 기타,승용,남,30세,상해없음,원동기,남,23세,경상
2022042900100599,2022년 4월 29일 21시,금요일,강원도 춘천시 동내면,경상사고,0,0,1,0,차대차 - 정면충돌,중앙선침범,건조,맑음,단일로 - 기타,승용,남,43세,상해없음,화물,남,33세,경상
2022042900100600,2022년 4월 29일 21시,금요일,강원도 강릉시 교동,경상사고,0,0,1,0,차대차 - 기타,안전운전불이행,젖음/습기,흐림,교차로 - 교차로안,승용,남,63세,상해없음,이륜,남,35세,경상
2022043000100022,2022년 4월 30일 01시,토요일,강원도 원주시 단계동,경상사고,0,0,1,0,차대차 - 측면충돌,안전운전불이행,건조,흐림,단일로 - 기타,승용,여,33세,상해없음,승용,남,66세,경상
2022043000100041,2022년 4월 30일 03시,토요일,강원도 태백시 문곡동,경상사고,0,0,2,0,차대차 - 측면충돌,안전운전불이행,건조,맑음,단일로 - 기타,승용,남,67세,상해없음,승용,남,68세,경상
2022043000100045,2022년 4월 30일 04시,토요일,강원도 원주시 단구동,경상사고,0,0,1,0,차량단독 - 공작물충돌,안전운전불이행,건조,맑음,단일로 - 기타,원동기,남,17세,경상,,,,
2022043000100058,2022년 4월 30일 06시,토요일,강원도 원주시 단계동,경상사고,0,0,1,0,차대차 - 측면충돌,기타,건조,맑음,단일로 - 기타,승용,남,28세,상해없음,이륜,남,70세,경상
2022043000100124,2022년 4월 30일 10시,토요일,강원도 원주시 단구동,경상사고,0,0,1,0,차대차 - 정면충돌,신호위반,건조,맑음,교차로 - 교차로안,승용,여,30세,경상,승용,남,27세,상해없음
2022043000100153,2022년 4월 30일 11시,토요일,강원도 강릉시 금학동,경상사고,0,0,1,0,차대사람 - 기타,안전운전불이행,건조,맑음,단일로 - 기타,이륜,남,69세,상해없음,보행자,여,9세,경상
2022043000100154,2022년 4월 30일 11시,토요일,강원도 속초시 조양동,부상신고사고,0,0,0,1,차대차 - 측면충돌,직진우회전진행방해,건조,맑음,교차로 - 교차로안,승용,남,34세,상해없음,이륜,남,30세,부상신고
2022043000100155,2022년 4월 30일 11시,토요일,강원도 철원군 동송읍,중상사고,0,1,0,0,차대사람 - 차도통행중,직진우회전진행방해,건조,맑음,교차로 - 교차로안,승합,남,60세,상해없음,보행자,여,76세,중상
2022043000100156,2022년 4월 30일 11시,토요일,강원도 양구군 양구읍,경상사고,0,0,1,0,차대차 - 측면충돌,직진우회전진행방해,건조,맑음,교차로 - 교차로안,승용,남,49세,기타불명,승용,남,27세,경상
2022043000100237,2022년 4월 30일 13시,토요일,강원도 춘천시 신동면,경상사고,0,0,1,0,차대차 - 추돌,안전거리미확보,건조,맑음,교차로 - 교차로부근,승용,남,69세,상해없음,승용,남,39세,경상
2022043000100238,2022년 4월 30일 13시,토요일,강원도 평창군 봉평면,경상사고,0,0,1,0,차대차 - 측면충돌,중앙선침범,건조,맑음,단일로 - 지하차도(도로)내,승용,남,35세,상해없음,이륜,남,54세,경상
2022043000100239,2022년 4월 30일 13시,토요일,강원도 평창군 대관령면,경상사고,0,0,2,0,차대차 - 측면충돌,직진우회전진행방해,건조,맑음,교차로 - 교차로부근,화물,남,51세,기타불명,승용,여,54세,경상
2022043000100240,2022년 4월 30일 13시,토요일,강원도 동해시 천곡동,경상사고,0,0,1,0,차대차 - 정면충돌,신호위반,건조,맑음,교차로 - 교차로안,승용,여,47세,상해없음,이륜,남,45세,경상
2022043000100280,2022년 4월 30일 14시,토요일,강원도 강릉시 견소동,중상사고,0,1,0,0,차대사람 - 기타,안전운전불이행,건조,맑음,단일로 - 기타,승용,남,38세,상해없음,보행자,남,56세,중상
2022043000100281,2022년 4월 30일 14시,토요일,강원도 원주시 소초면,경상사고,0,0,1,0,차대차 - 측면충돌,안전운전불이행,건조,맑음,교차로 - 교차로부근,승용,여,68세,상해없음,승용,남,39세,경상
2022043000100282,2022년 4월 30일 14시,토요일,강원도 속초시 동명동,경상사고,0,0,2,0,차대차 - 기타,안전거리미확보,건조,흐림,교차로 - 교차로안,승용,남,28세,상해없음,자전거,남,29세,경상
2022043000100283,2022년 4월 30일 14시,토요일,강원도 동해시 천곡동,경상사고,0,0,1,0,차대차 - 측면충돌,직진우회전진행방해,건조,맑음,교차로 - 교차로안,승용,남,63세,상해없음,승용,여,38세,상해없음
2022043000100284,2022년 4월 30일 14시,토요일,강원도 강릉시 왕산면,경상사고,0,0,5,1,차대차 - 추돌,안전거리미확보,건조,맑음,단일로 - 터널,승용,남,19세,상해없음,승용,여,55세,경상
2022043000100307,2022년 4월 30일 15시,토요일,강원도 원주시 단구동,경상사고,0,0,1,0,차대차 - 추돌,안전거리미확보,건조,흐림,단일로 - 기타,승용,남,47세,상해없음,승용,남,70세,경상
2022043000100308,2022년 4월 30일 15시,토요일,강원도 원주시 지정면,중상사고,0,1,0,0,차대차 - 기타,교차로운행방법위반,건조,맑음,교차로 - 교차로부근,승용,남,71세,상해없음,승용,여,24세,중상
2022043000100309,2022년 4월 30일 15시,토요일,강원도 인제군 북면,경상사고,0,0,4,0,차대차 - 측면충돌,신호위반,건조,맑음,교차로 - 교차로안,승용,여,54세,기타불명,승용,남,50세,경상
2022043000100310,2022년 4월 30일 15시,토요일,강원도 인제군 상남면,중상사고,0,2,1,1,차대차 - 추돌,안전거리미확보,건조,맑음,단일로 - 터널,화물,여,55세,중상,승용,남,61세,상해없음
2022043000100347,2022년 4월 30일 16시,토요일,강원도 속초시 금호동,경상사고,0,0,2,0,차대차 - 측면충돌,안전운전불이행,건조,맑음,교차로 - 교차로안,승용,여,38세,기타불명,승용,남,42세,경상
2022043000100348,2022년 4월 30일 16시,토요일,강원도 영월군 산솔면,경상사고,0,0,1,0,차대차 - 측면충돌,중앙선침범,건조,맑음,기타 - 기타,승용,남,65세,상해없음,승용,남,53세,경상
2022043000100380,2022년 4월 30일 17시,토요일,강원도 춘천시 효자동,부상신고사고,0,0,0,1,차대차 - 측면충돌,직진우회전진행방해,건조,맑음,교차로 - 교차로안,이륜,남,31세,상해없음,이륜,남,33세,부상신고
2022043000100381,2022년 4월 30일 17시,토요일,강원도 춘천시 후평동,경상사고,0,0,1,0,차대차 - 기타,안전운전불이행,건조,흐림,단일로 - 기타,승용,남,21세,상해없음,이륜,남,27세,경상
2022043000100382,2022년 4월 30일 17시,토요일,강원도 화천군 하남면,경상사고,0,0,2,0,차대차 - 정면충돌,중앙선침범,젖음/습기,비,단일로 - 교량,화물,남,53세,상해없음,승용,남,50세,경상
2022043000100417,2022년 4월 30일 18시,토요일,강원도 원주시 단계동,중상사고,0,1,0,0,차대차 - 측면충돌,차로위반,건조,맑음,교차로 - 교차로부근,승용,여,62세,상해없음,승용,여,70세,중상
2022043000100418,2022년 4월 30일 18시,토요일,강원도 원주시 봉산동,경상사고,0,0,1,0,차대차 - 기타,기타,건조,맑음,교차로 - 교차로안,승용,남,50세,상해없음,자전거,남,49세,경상
2022043000100453,2022년 4월 30일 19시,토요일,강원도 춘천시 중앙로2가,중상사고,0,1,5,0,차대차 - 기타,안전거리미확보,건조,맑음,단일로 - 기타,승용,남,23세,기타불명,승합,남,42세,상해없음
2022043000100475,2022년 4월 30일 20시,토요일,강원도 강릉시 강동면,경상사고,0,0,2,0,차대차 - 기타,중앙선침범,건조,맑음,단일로 - 기타,승용,여,58세,상해없음,승용,남,27세,경상
2022043000100547,2022년 4월 30일 23시,토요일,강원도 속초시 교동,경상사고,0,0,1,0,차대차 - 기타,신호위반,건조,맑음,교차로 - 교차로안,승용,남,43세,상해없음,이륜,남,26세,경상
2022050100100009,2022년 5월 1일 00시,일요일,강원도 양양군 양양읍,경상사고,0,0,1,0,차대차 - 기타,안전운전불이행,건조,맑음,교차로 - 교차로안,승용,여,39세,상해없음,승용,여,34세,경상
2022050100100071,2022년 5월 1일 08시,일요일,강원도 속초시 교동,중상사고,0,1,0,0,차대차 - 측면충돌,안전운전불이행,건조,맑음,교차로 - 교차로안,승용,여,62세,상해없음,이륜,남,57세,중상
2022050100100120,2022년 5월 1일 10시,일요일,강원도 춘천시 퇴계동,경상사고,0,0,2,0,차대차 - 추돌,안전운전불이행,건조,맑음,교차로 - 교차로부근,승용,여,58세,상해없음,승용,남,74세,경상
2022050100100121,2022년 5월 1일 10시,일요일,강원도 속초시 금호동,경상사고,0,0,1,0,차대차 - 측면충돌,교차로운행방법위반,건조,맑음,교차로 - 교차로안,승용,남,62세,상해없음,승용,남,52세,경상
2022050100100139,2022년 5월 1일 11시,일요일,강원도 삼척시 신기면,중상사고,0,3,2,0,차대차 - 정면충돌,중앙선침범,건조,맑음,단일로 - 기타,승합,남,58세,상해없음,승용,남,71세,경상
2022050100100194,2022년 5월 1일 13시,일요일,강원도 춘천시 소양로1가,중상사고,0,1,0,0,차대차 - 측면충돌,교차로운행방법위반,건조,맑음,교차로 - 교차로안,승용,여,60세,상해없음,이륜,남,42세,중상
2022050100100195,2022년 5월 1일 13시,일요일,강원도 춘천시 동면,경상사고,0,0,1,0,차대차 - 기타,직진우회전진행방해,건조,맑음,교차로 - 교차로안,승용,여,64세,상해없음,승용,여,37세,경상
2022050100100220,2022년 5월 1일 14시,일요일,강원도 춘천시 서면,경상사고,0,0,1,0,차대차 - 기타,차로위반,건조,맑음,단일로 - 기타,승용,여,55세,상해없음,자전거,남,49세,경상
2022050100100221,2022년 5월 1일 14시,일요일,강원도 홍천군 홍천읍,경상사고,0,0,1,0,차대차 - 측면충돌,안전운전불이행,건조,맑음,교차로 - 교차로횡단보도내,승용,남,68세,상해없음,승용,남,72세,경상
2022050100100251,2022년 5월 1일 15시,일요일,강원도 원주시 단구동,중상사고,0,1,0,0,차대사람 - 차도통행중,안전운전불이행,건조,맑음,교차로 - 교차로부근,승용,남,68세,상해없음,보행자,여,73세,중상
2022050100100252,2022년 5월 1일 15시,일요일,강원도 횡성군 둔내면,경상사고,0,0,1,0,차대사람 - 기타,안전운전불이행,건조,맑음,기타 - 기타,승용,여,39세,상해없음,보행자,남,21세,경상
2022050100100327,2022년 5월 1일 17시,일요일,강원도 원주시 단구동,경상사고,0,0,1,0,차대차 - 측면충돌,안전운전불이행,건조,맑음,단일로 - 기타,승용,남,41세,상해없음,승용,남,64세,경상
2022050100100328,2022년 5월 1일 17시,일요일,강원도 영월군 주천면,중상사고,0,1,0,0,차량단독 - 공작물충돌,안전운전불이행,건조,맑음,단일로 - 기타,승용,남,25세,상해없음,,,,
2022050100100442,2022년 5월 1일 22시,일요일,강원도 동해시 송정동,중상사고,0,2,1,0,차량단독 - 전도전복 - 전도,안전운전불이행,건조,맑음,교차로 - 교차로부근,승용,남,19세,상해없음,,,,
2022050200100059,2022년 5월 2일 07시,월요일,강원도 원주시 관설동,중상사고,0,1,0,0,차대차 - 기타,안전운전불이행,건조,맑음,단일로 - 기타,화물,남,60세,상해없음,자전거,여,55세,중상
2022050200100093,2022년 5월 2일 08시,월요일,강원도 춘천시 후평동,경상사고,0,0,1,0,차대차 - 측면충돌,안전운전불이행,건조,맑음,교차로 - 교차로횡단보도내,자전거,남,18세,경상,승용,남,67세,상해없음
2022050200100094,2022년 5월 2일 08시,월요일,강원도 원주시 우산동,경상사고,0,0,2,0,차대사람 - 기타,안전운전불이행,건조,흐림,단일로 - 기타,승합,남,56세,상해없음,보행자,여,48세,경상
2022050200100095,2022년 5월 2일 08시,월요일,강원도 원주시 반곡동,경상사고,0,0,1,0,차대차 - 측면충돌,교차로운행방법위반,건조,맑음,교차로 - 교차로부근,건설기계,남,64세,상해없음,승용,여,35세,경상
2022050200100204,2022년 5월 2일 11시,월요일,강원도 춘천시 효자동,경상사고,0,0,1,0,차대차 - 측면충돌,안전운전불이행,건조,맑음,단일로 - 기타,승용,여,48세,상해없음,승용,여,55세,경상
2022050200100244,2022년 5월 2일 12시,월요일,강원도 춘천시 근화동,경상사고,0,0,1,0,차대사람 - 횡단중,보행자보호의무위반,건조,맑음,교차로 - 교차로횡단보도내,승용,여,61세,상해없음,보행자,여,26세,경상
2022050200100245,2022년 5월 2일 12시,월요일,강원도 고성군 토성면,경상사고,0,0,6,0,차대차 - 추돌,안전운전불이행,건조,맑음,교차로 - 교차로안,화물,남,61세,상해없음,승용,여,37세,경상
2022050200100275,2022년 5월 2일 13시,월요일,강원도 속초시 교동,중상사고,0,1,0,0,차대차 - 측면충돌,안전운전불이행,건조,맑음,교차로 - 교차로안,승용,남,40세,상해없음,이륜,남,78세,중상
2022050200100296,2022년 5월 2일 14시,월요일,강원도 강릉시 교동,경상사고,0,0,1,0,차대차 - 기타,안전운전불이행,건조,맑음,주차장 - 주차장,승용,여,69세,상해없음,승합,여,37세,경상
2022050200100297,2022년 5월 2일 14시,월요일,강원도 동해시 천곡동,경상사고,0,0,1,0,차대사람 - 기타,안전운전불이행,건조,맑음,교차로 - 교차로안,승용,남,70세,상해없음,보행자,여,61세,경상
2022050200100339,2022년 5월 2일 15시,월요일,강원도 강릉시 교동,경상사고,0,0,1,0,차대차 - 측면충돌,신호위반,건조,맑음,교차로 - 교차로안,승용,여,26세,상해없음,승용,남,37세,경상
2022050200100340,2022년 5월 2일 15시,월요일,강원도 원주시 명륜동,경상사고,0,0,2,0,차대차 - 기타,교차로운행방법위반,건조,맑음,교차로 - 교차로부근,승용,여,47세,상해없음,승용,남,27세,경상
2022050200100341,2022년 5월 2일 15시,월요일,강원도 인제군 인제읍,경상사고,0,0,1,0,차대사람 - 횡단중,안전운전불이행,건조,맑음,교차로 - 교차로안,승용,여,62세,상해없음,보행자,여,43세,경상
2022050200100380,2022년 5월 2일 16시,월요일,강원도 원주시 무실동,경상사고,0,0,1,0,차대차 - 기타,안전운전불이행,건조,맑음,교차로 - 교차로부근,승합,남,24세,상해없음,승합,남,57세,경상
2022050200100381,2022년 5월 2일 16시,월요일,강원도 원주시 문막읍,경상사고,0,0,1,0,차대사람 - 기타,안전운전불이행,건조,맑음,기타 - 기타,승용,남,59세,상해없음,보행자,여,29세,경상
2022050200100433,2022년 5월 2일 17시,월요일,강원도 원주시 단계동,경상사고,0,0,1,0,차대사람 - 횡단중,보행자보호의무위반,건조,맑음,교차로 - 교차로안,승용,남,42세,상해없음,보행자,여,72세,경상
2022050200100505,2022년 5월 2일 19시,월요일,강원도 원주시 개운동,중상사고,0,2,0,0,차대차 - 측면충돌,신호위반,건조,맑음,교차로 - 교차로안,승용,남,55세,상해없음,이륜,남,16세,중상
2022050300100061,2022년 5월 3일 07시,화요일,강원도 춘천시 석사동,중상사고,0,1,1,0,차대차 - 측면충돌,신호위반,건조,맑음,교차로 - 교차로안,승합,남,51세,상해없음,승용,남,46세,중상
2022050300100139,2022년 5월 3일 09시,화요일,강원도 철원군 갈말읍,경상사고,0,0,1,0,차대차 - 측면충돌,직진우회전진행방해,건조,맑음,교차로 - 교차로안,승합,여,60세,상해없음,화물,남,56세,경상
2022050300100208,2022년 5월 3일 11시,화요일,강원도 원주시 단계동,경상사고,0,0,1,0,차대차 - 추돌,안전운전불이행,건조,맑음,단일로 - 기타,승용,남,45세,상해없음,승용,여,54세,경상
2022050300100270,2022년 5월 3일 13시,화요일,강원도 원주시 단구동,경상사고,0,0,1,0,차대차 - 측면충돌,직진우회전진행방해,건조,맑음,교차로 - 교차로안,화물,남,64세,상해없음,승용,여,42세,경상
2022050300100271,2022년 5월 3일 13시,화요일,강원도 원주시 단계동,경상사고,0,0,1,0,차대차 - 측면충돌,안전운전불이행,건조,맑음,교차로 - 교차로안,승용,남,51세,상해없음,자전거,여,49세,경상
2022050300100302,2022년 5월 3일 14시,화요일,강원도 춘천시 죽림동,중상사고,0,1,0,0,차량단독 - 기타,안전운전불이행,건조,맑음,단일로 - 기타,승합,남,49세,상해없음,,,,
2022050300100344,2022년 5월 3일 15시,화요일,강원도 강릉시 포남동,경상사고,0,0,1,0,차대차 - 추돌,안전운전불이행,건조,맑음,교차로 - 교차로부근,승용,남,64세,상해없음,승용,여,52세,경상
2022050300100387,2022년 5월 3일 16시,화요일,강원도 속초시 조양동,중상사고,0,2,0,0,차대차 - 측면충돌,안전운전불이행,건조,맑음,교차로 - 교차로부근,승용,남,33세,상해없음,승용,여,47세,중상
2022050300100433,2022년 5월 3일 17시,화요일,강원도 강릉시 주문진읍,경상사고,0,0,1,0,차대차 - 측면충돌,안전운전불이행,건조,맑음,단일로 - 기타,이륜,남,57세,기타불명,승용,여,55세,경상
2022050300100487,2022년 5월 3일 18시,화요일,강원도 원주시 무실동,경상사고,0,0,1,0,차대차 - 기타,신호위반,건조,맑음,기타 - 기타,승용,남,42세,상해없음,자전거,남,20세,경상
2022050300100597,2022년 5월 3일 22시,화요일,강원도 원주시 단계동,경상사고,0,0,1,0,차대차 - 기타,신호위반,건조,기타,교차로 - 교차로안,승용,여,21세,상해없음,승용,남,60세,경상
2022050400100079,2022년 5월 4일 07시,수요일,강원도 춘천시 사농동,경상사고,0,0,1,0,차대차 - 기타,안전운전불이행,건조,맑음,교차로 - 교차로부근,승용,여,49세,기타불명,승합,남,52세,상해없음
2022050400100080,2022년 5월 4일 07시,수요일,강원도 원주시 문막읍,경상사고,0,0,1,0,차대차 - 추돌,안전운전불이행,건조,맑음,교차로 - 교차로부근,승용,남,28세,상해없음,승용,남,66세,경상
2022050400100116,2022년 5월 4일 08시,수요일,강원도 춘천시 효자동,경상사고,0,0,1,0,차대차 - 기타,안전운전불이행,건조,맑음,단일로 - 기타,승용,남,74세,상해없음,자전거,남,53세,경상
2022050400100117,2022년 5월 4일 08시,수요일,강원도 원주시 단구동,경상사고,0,0,1,0,차대사람 - 기타,안전운전불이행,건조,맑음,주차장 - 주차장,승용,여,39세,상해없음,보행자,여,61세,경상
2022050400100118,2022년 5월 4일 08시,수요일,강원도 원주시 봉산동,경상사고,0,0,1,0,차대차 - 측면충돌,안전운전불이행,건조,맑음,교차로 - 교차로안,승용,남,76세,상해없음,승용,여,32세,경상
2022050400100119,2022년 5월 4일 08시,수요일,강원도 화천군 사내면,경상사고,0,0,1,0,차량단독 - 공작물충돌,안전운전불이행,건조,맑음,단일로 - 기타,승용,남,65세,경상,,,,
2022050400100120,2022년 5월 4일 08시,수요일,강원도 화천군 상서면,경상사고,0,0,2,3,차대차 - 기타,교차로운행방법위반,건조,맑음,교차로 - 교차로안,기타불명,남,20세,상해없음,승용,남,29세,부상신고
2022050400100180,2022년 5월 4일 09시,수요일,강원도 평창군 진부면,중상사고,0,1,0,0,차대차 - 측면충돌,안전운전불이행,건조,맑음,단일로 - 지하차도(도로)내,승용,남,56세,상해없음,건설기계,남,50세,중상
2022050400100258,2022년 5월 4일 11시,수요일,강원도 인제군 북면,경상사고,0,0,2,0,차대차 - 추돌,안전운전불이행,건조,맑음,교차로 - 교차로부근,승용,남,59세,상해없음,승용,남,40세,경상
2022050400100329,2022년 5월 4일 13시,수요일,강원도 속초시 조양동,경상사고,0,0,1,0,차대차 - 측면충돌,교차로운행방법위반,건조,맑음,교차로 - 교차로안,승합,여,50세,상해없음,승용,남,53세,경상
2022050400100330,2022년 5월 4일 13시,수요일,강원도 철원군 철원읍,경상사고,0,0,2,0,차대차 - 측면충돌,중앙선침범,건조,맑음,교차로 - 교차로안,농기계,남,67세,상해없음,승용,여,29세,경상
2022050400100393,2022년 5월 4일 15시,수요일,강원도 속초시 중앙동,부상신고사고,0,0,0,1,차대사람 - 길가장자리구역통행중,안전운전불이행,건조,맑음,단일로 - 기타,기타불명,기타불명,미분류,기타불명,보행자,남,21세,부상신고
2022050400100394,2022년 5월 4일 15시,수요일,강원도 철원군 동송읍,중상사고,0,1,2,0,차량단독 - 공작물충돌,안전운전불이행,건조,맑음,단일로 - 기타,승용,남,26세,경상,,,,
2022050400100427,2022년 5월 4일 16시,수요일,강원도 춘천시 근화동,중상사고,0,1,0,0,차대사람 - 횡단중,안전운전불이행,건조,맑음,교차로 - 교차로횡단보도내,승용,남,57세,상해없음,보행자,남,24세,중상
2022050400100428,2022년 5월 4일 16시,수요일,강원도 동해시 구미동,경상사고,0,0,1,0,차대사람 - 기타,안전운전불이행,건조,맑음,단일로 - 기타,승용,남,59세,상해없음,보행자,여,37세,경상
2022050400100477,2022년 5월 4일 17시,수요일,강원도 홍천군 홍천읍,부상신고사고,0,0,0,1,차대사람 - 횡단중,안전운전불이행,건조,맑음,단일로 - 기타,승용,여,50세,상해없음,보행자,남,6세,부상신고
2022050400100478,2022년 5월 4일 17시,수요일,강원도 철원군 김화읍,경상사고,0,0,1,0,차대차 - 측면충돌,중앙선침범,건조,맑음,교차로 - 교차로안,화물,남,25세,상해없음,승용,여,48세,경상
2022050400100479,2022년 5월 4일 17시,수요일,강원도 동해시 효가동,경상사고,0,0,1,0,차대차 - 기타,안전운전불이행,건조,맑음,교차로 - 교차로안,승용,남,47세,상해없음,이륜,남,19세,경상
2022050400100548,2022년 5월 4일 18시,수요일,강원도 원주시 단구동,경상사고,0,0,1,0,차대사람 - 기타,안전운전불이행,건조,맑음,단일로 - 기타,개인형이동수단(PM),여,13세,상해없음,보행자,여,44세,경상
2022050400100549,2022년 5월 4일 18시,수요일,강원도 속초시 동명동,경상사고,0,0,1,0,차대차 - 측면충돌,안전운전불이행,건조,맑음,교차로 - 교차로안,화물,남,63세,상해없음,승합,남,64세,상해없음
2022050400100606,2022년 5월 4일 19시,수요일,강원도 원주시 문막읍,경상사고,0,0,2,0,차대차 - 추돌,기타,건조,맑음,단일로 - 기타,승용,여,24세,경상,화물,남,43세,경상
2022050400100639,2022년 5월 4일 20시,수요일,강원도 강릉시 포남동,경상사고,0,0,1,0,차대차 - 기타,안전운전불이행,건조,맑음,기타 - 기타,승용,남,33세,경상,승용,남,55세,상해없음
2022050400100676,2022년 5월 4일 21시,수요일,강원도 원주시 봉산동,경상사고,0,0,1,0,차대사람 - 횡단중,안전운전불이행,건조,맑음,교차로 - 교차로부근,승용,남,58세,상해없음,보행자,남,46세,경상
2022050400100702,2022년 5월 4일 22시,수요일,강원도 강릉시 교동,경상사고,0,0,1,0,차대차 - 기타,안전운전불이행,건조,맑음,교차로 - 교차로안,승용,여,44세,상해없음,승합,남,65세,경상
2022050400100725,2022년 5월 4일 23시,수요일,강원도 삼척시 갈천동,경상사고,0,0,1,0,차대차 - 측면충돌,안전운전불이행,건조,맑음,교차로 - 교차로안,승용,남,23세,상해없음,승용,여,48세,경상
2022050500100026,2022년 5월 5일 01시,목요일,강원도 원주시 단계동,중상사고,0,1,0,0,차대차 - 측면충돌,직진우회전진행방해,건조,맑음,교차로 - 교차로안,승용,남,59세,상해없음,이륜,남,36세,중상
2022050500100052,2022년 5월 5일 04시,목요일,강원도 춘천시 요선동,부상신고사고,0,0,0,3,차대차 - 기타,직진우회전진행방해,건조,맑음,교차로 - 교차로안,화물,남,59세,상해없음,승용,남,27세,부상신고
2022050500100058,2022년 5월 5일 05시,목요일,강원도 춘천시 석사동,경상사고,0,0,1,0,차대차 - 측면충돌,신호위반,건조,맑음,교차로 - 교차로안,화물,남,61세,상해없음,화물,남,63세,경상
2022050500100074,2022년 5월 5일 07시,목요일,강원도 원주시 단계동,중상사고,0,2,0,0,차대차 - 추돌,안전운전불이행,건조,맑음,단일로 - 기타,승용,남,30세,상해없음,승용,여,71세,중상
2022050500100075,2022년 5월 5일 07시,목요일,강원도 평창군 대화면,경상사고,0,0,2,0,차대차 - 측면충돌,안전운전불이행,건조,맑음,교차로 - 교차로안,승용,남,81세,상해없음,화물,남,54세,상해없음
2022050500100103,2022년 5월 5일 09시,목요일,강원도 원주시 명륜동,중상사고,0,1,0,0,차대차 - 측면충돌,신호위반,건조,맑음,교차로 - 교차로안,승용,여,59세,상해없음,승용,여,33세,중상
2022050500100152,2022년 5월 5일 11시,목요일,강원도 홍천군 홍천읍,중상사고,0,1,0,0,차대차 - 정면충돌,안전운전불이행,건조,맑음,단일로 - 기타,화물,남,63세,상해없음,자전거,남,16세,중상