사고번호,사고일시,요일,시군구,사고내용,사망자수,중상자수,경상자수,부상신고자수,사고유형,법규위반,노면상태,기상상태,도로형태,가해운전자 차종,가해운전자 성별,가해운전자 연령,가해운전자 상해정도,피해운전자 차종,피해운전자 성별,피해운전자 연령,피해운전자 상해정도
2022050500100186,2022년 5월 5일 12시,목요일,강원도 춘천시 삼천동,경상사고,0,0,2,1,차대차 - 측면충돌,차로위반,건조,맑음,교차로 - 교차로안,승용,남,65세,부상신고,승용,남,20세,경상
2022050500100218,2022년 5월 5일 13시,목요일,강원도 춘천시 후평동,경상사고,0,0,2,0,차대차 - 측면충돌,직진우회전진행방해,건조,맑음,교차로 - 교차로안,승용,여,38세,상해없음,승용,남,28세,경상
2022050500100263,2022년 5월 5일 14시,목요일,강원도 속초시 조양동,경상사고,0,0,1,0,차대차 - 측면충돌,신호위반,건조,맑음,교차로 - 교차로안,승용,남,32세,상해없음,승용,여,41세,경상
2022050500100374,2022년 5월 5일 17시,목요일,강원도 홍천군 홍천읍,경상사고,0,0,1,0,차대차 - 후진중충돌,안전운전불이행,건조,맑음,단일로 - 기타,승용,남,61세,상해없음,이륜,남,34세,경상
2022050500100375,2022년 5월 5일 17시,목요일,강원도 정선군 여량면,경상사고,0,0,1,0,차대사람 - 기타,안전운전불이행,건조,맑음,주차장 - 주차장,승용,여,73세,상해없음,보행자,여,75세,경상
2022050500100410,2022년 5월 5일 18시,목요일,강원도 원주시 무실동,경상사고,0,0,1,0,차대차 - 측면충돌,안전운전불이행,건조,맑음,교차로 - 교차로안,승용,여,36세,상해없음,승용,여,48세,경상
2022050500100411,2022년 5월 5일 18시,목요일,강원도 영월군 영월읍,경상사고,0,0,1,0,차대차 - 후진중충돌,안전운전불이행,건조,맑음,단일로 - 기타,승용,남,73세,기타불명,승용,여,49세,경상
2022050500100444,2022년 5월 5일 19시,목요일,강원도 횡성군 우천면,경상사고,0,0,2,0,차대차 - 추돌,안전운전불이행,건조,맑음,기타 - 기타,승용,남,74세,상해없음,승용,남,61세,경상
2022050500100520,2022년 5월 5일 22시,목요일,강원도 원주시 무실동,경상사고,0,0,1,0,차대차 - 정면충돌,신호위반,건조,흐림,교차로 - 교차로안,승용,여,22세,상해없음,승용,남,30세,경상
2022050500100537,2022년 5월 5일 23시,목요일,강원도 춘천시 효자동,경상사고,0,0,1,0,차대차 - 측면충돌,신호위반,건조,맑음,교차로 - 교차로횡단보도내,승용,여,56세,상해없음,개인형이동수단(PM),여,20세,경상
2022050600100039,2022년 5월 6일 06시,금요일,강원도 홍천군 홍천읍,경상사고,0,0,1,0,차대사람 - 횡단중,보행자보호의무위반,건조,맑음,교차로 - 교차로횡단보도내,화물,남,69세,상해없음,보행자,남,41세,경상
2022050600100053,2022년 5월 6일 07시,금요일,강원도 춘천시 근화동,경상사고,0,0,1,0,차대차 - 측면충돌,안전거리미확보,건조,맑음,교차로 - 교차로부근,화물,남,58세,상해없음,승용,남,32세,경상
2022050600100077,2022년 5월 6일 08시,금요일,강원도 원주시 단계동,경상사고,0,0,1,0,차대차 - 기타,안전거리미확보,건조,맑음,교차로 - 교차로부근,승용,남,59세,상해없음,승용,남,58세,경상
2022050600100143,2022년 5월 6일 10시,금요일,강원도 춘천시 근화동,경상사고,0,0,1,0,차대차 - 기타,중앙선침범,건조,맑음,단일로 - 기타,승합,남,75세,상해없음,승용,남,63세,경상
2022050600100144,2022년 5월 6일 10시,금요일,강원도 속초시 금호동,경상사고,0,0,1,0,차대사람 - 횡단중,안전운전불이행,건조,맑음,주차장 - 주차장,승용,여,40세,상해없음,보행자,여,75세,경상
2022050600100185,2022년 5월 6일 11시,금요일,강원도 고성군 토성면,중상사고,0,1,1,0,차대차 - 측면충돌,신호위반,건조,맑음,교차로 - 교차로부근,승용,남,55세,상해없음,화물,남,64세,경상
2022050600100232,2022년 5월 6일 12시,금요일,강원도 속초시 청호동,경상사고,0,0,5,0,차대차 - 후진중충돌,안전운전불이행,건조,맑음,교차로 - 교차로부근,승용,남,57세,상해없음,승용,남,49세,경상
2022050600100233,2022년 5월 6일 12시,금요일,강원도 정선군 정선읍,중상사고,0,1,1,0,차대차 - 기타,안전운전불이행,건조,맑음,기타 - 기타,승용,남,55세,상해없음,승용,남,27세,경상
2022050600100268,2022년 5월 6일 13시,금요일,강원도 춘천시 우두동,중상사고,0,1,0,0,차대차 - 측면충돌,안전거리미확보,건조,맑음,단일로 - 기타,승용,남,74세,상해없음,승용,남,63세,중상
2022050600100312,2022년 5월 6일 14시,금요일,강원도 원주시 단계동,경상사고,0,0,2,0,차대차 - 측면충돌,불법유턴,건조,맑음,교차로 - 교차로부근,승용,남,68세,상해없음,승용,여,36세,경상
2022050600100313,2022년 5월 6일 14시,금요일,강원도 횡성군 횡성읍,중상사고,0,1,0,0,차대사람 - 횡단중,안전운전불이행,건조,맑음,교차로 - 교차로안,화물,남,57세,상해없음,보행자,여,72세,중상
2022050600100365,2022년 5월 6일 15시,금요일,강원도 평창군 용평면,경상사고,0,0,3,0,차대차 - 측면충돌,안전운전불이행,건조,맑음,단일로 - 기타,승용,여,66세,상해없음,승용,남,57세,경상
2022050600100409,2022년 5월 6일 16시,금요일,강원도 춘천시 후평동,경상사고,0,0,1,0,차대차 - 측면충돌,신호위반,건조,맑음,교차로 - 교차로안,승용,여,58세,상해없음,승용,여,36세,경상
2022050600100410,2022년 5월 6일 16시,금요일,강원도 태백시 철암동,경상사고,0,0,1,0,차대사람 - 기타,안전운전불이행,건조,맑음,단일로 - 기타,화물,남,68세,상해없음,보행자,남,69세,경상
2022050600100454,2022년 5월 6일 17시,금요일,강원도 춘천시 동산면,경상사고,0,0,2,0,차대차 - 추돌,안전운전불이행,건조,맑음,단일로 - 기타,특수,남,32세,경상,화물,남,41세,경상
2022050600100514,2022년 5월 6일 18시,금요일,강원도 삼척시 남양동,경상사고,0,0,2,0,차대차 - 추돌,불법유턴,건조,맑음,단일로 - 지하차도(도로)내,화물,남,59세,상해없음,승용,남,38세,경상
2022050600100559,2022년 5월 6일 19시,금요일,강원도 춘천시 효자동,부상신고사고,0,0,0,1,차대사람 - 기타,안전운전불이행,건조,맑음,교차로 - 교차로안,승용,남,58세,상해없음,보행자,여,52세,부상신고
2022050600100560,2022년 5월 6일 19시,금요일,강원도 원주시 호저면,경상사고,0,0,1,0,차대차 - 추돌,안전거리미확보,건조,맑음,단일로 - 기타,화물,남,67세,상해없음,승용,여,59세,경상
2022050600100561,2022년 5월 6일 19시,금요일,강원도 정선군 정선읍,중상사고,0,1,0,0,차대차 - 기타,기타,건조,맑음,단일로 - 기타,자전거,남,59세,상해없음,이륜,남,68세,중상
2022050600100589,2022년 5월 6일 20시,금요일,강원도 강릉시 교동,경상사고,0,0,1,0,차대차 - 측면충돌,안전운전불이행,건조,맑음,교차로 - 교차로부근,승용,남,81세,상해없음,승용,남,54세,상해없음
2022050600100661,2022년 5월 6일 23시,금요일,강원도 춘천시 효자동,경상사고,0,0,1,1,차대사람 - 횡단중,안전운전불이행,건조,맑음,교차로 - 교차로횡단보도내,이륜,남,18세,부상신고,보행자,남,25세,경상
2022050700100020,2022년 5월 7일 02시,토요일,강원도 원주시 단구동,경상사고,0,0,1,0,차대차 - 측면충돌,신호위반,건조,맑음,교차로 - 교차로안,승용,남,34세,상해없음,승용,남,27세,경상
2022050700100083,2022년 5월 7일 09시,토요일,강원도 춘천시 근화동,경상사고,0,0,1,0,차대차 - 기타,안전운전불이행,건조,맑음,교차로 - 교차로부근,승용,남,66세,기타불명,승용,여,42세,경상
2022050700100084,2022년 5월 7일 09시,토요일,강원도 원주시 태장동,중상사고,0,1,0,0,차대차 - 측면충돌,교차로운행방법위반,건조,흐림,교차로 - 교차로안,승용,여,39세,상해없음,이륜,남,27세,중상
2022050700100085,2022년 5월 7일 09시,토요일,강원도 동해시 망상동,경상사고,0,0,1,0,차대차 - 측면충돌,안전운전불이행,젖음/습기,비,단일로 - 기타,승용,남,80세,상해없음,승용,남,48세,경상
2022050700100110,2022년 5월 7일 10시,토요일,강원도 원주시 지정면,경상사고,0,0,1,0,차대차 - 추돌,안전거리미확보,건조,맑음,단일로 - 터널,승용,남,51세,상해없음,승용,남,47세,경상
2022050700100265,2022년 5월 7일 14시,토요일,강원도 강릉시 포남동,경상사고,0,0,1,0,차대차 - 측면충돌,신호위반,건조,맑음,교차로 - 교차로안,승합,여,51세,상해없음,이륜,남,22세,경상
2022050700100305,2022년 5월 7일 15시,토요일,강원도 고성군 토성면,경상사고,0,0,2,0,차대차 - 측면충돌,교차로운행방법위반,건조,맑음,교차로 - 교차로안,화물,남,60세,상해없음,승용,남,29세,경상
2022050700100339,2022년 5월 7일 16시,토요일,강원도 춘천시 운교동,경상사고,0,0,1,0,차대차 - 측면충돌,차로위반,건조,맑음,교차로 - 교차로부근,승용,여,42세,상해없음,승용,남,59세,경상
2022050700100340,2022년 5월 7일 16시,토요일,강원도 원주시 명륜동,경상사고,0,0,2,0,차대차 - 추돌,안전운전불이행,건조,맑음,교차로 - 교차로부근,승용,여,60세,상해없음,승용,남,69세,경상
2022050700100341,2022년 5월 7일 16시,토요일,강원도 원주시 명륜동,경상사고,0,0,2,0,차대차 - 측면충돌,안전거리미확보,건조,맑음,단일로 - 기타,화물,남,24세,상해없음,승용,여,51세,경상
2022050700100379,2022년 5월 7일 17시,토요일,강원도 원주시 단구동,중상사고,0,1,0,0,차대사람 - 기타,안전운전불이행,건조,흐림,단일로 - 기타,이륜,남,21세,상해없음,보행자,남,56세,중상
2022050700100380,2022년 5월 7일 17시,토요일,강원도 영월군 영월읍,중상사고,0,5,0,0,차대차 - 측면충돌,중앙선침범,건조,맑음,단일로 - 기타,화물,여,72세,중상,승용,남,32세,중상
2022050700100448,2022년 5월 7일 19시,토요일,강원도 강릉시 교동,경상사고,0,0,1,0,차대사람 - 횡단중,보행자보호의무위반,건조,맑음,단일로 - 기타,승용,여,45세,상해없음,보행자,남,47세,경상
2022050700100449,2022년 5월 7일 19시,토요일,강원도 원주시 무실동,경상사고,0,0,2,0,차대차 - 추돌,안전거리미확보,건조,흐림,단일로 - 기타,승용,남,70세,상해없음,승용,여,62세,경상
2022050700100450,2022년 5월 7일 19시,토요일,강원도 원주시 무실동,중상사고,0,1,3,0,차대차 - 정면충돌,신호위반,건조,맑음,교차로 - 교차로안,이륜,남,30세,중상,승용,남,45세,경상
2022050700100479,2022년 5월 7일 20시,토요일,강원도 춘천시 효자동,부상신고사고,0,0,0,1,차대사람 - 기타,보행자보호의무위반,건조,맑음,단일로 - 기타,기타불명,기타불명,미분류,기타불명,보행자,남,25세,부상신고
2022050800100043,2022년 5월 8일 04시,일요일,강원도 춘천시 효자동,경상사고,0,0,1,0,차대차 - 기타,신호위반,건조,맑음,교차로 - 교차로횡단보도내,승용,남,62세,상해없음,승용,여,74세,경상
2022050800100066,2022년 5월 8일 08시,일요일,강원도 원주시 개운동,중상사고,0,1,2,0,차대차 - 측면충돌,직진우회전진행방해,건조,맑음,교차로 - 교차로안,승용,남,24세,상해없음,승용,남,67세,경상
2022050800100119,2022년 5월 8일 11시,일요일,강원도 속초시 교동,경상사고,0,0,4,0,차대차 - 측면충돌,신호위반,건조,맑음,교차로 - 교차로안,이륜,남,29세,상해없음,승용,남,65세,경상
2022050800100150,2022년 5월 8일 12시,일요일,강원도 화천군 사내면,경상사고,0,0,2,0,차대차 - 측면충돌,교차로운행방법위반,건조,맑음,교차로 - 교차로안,승용,남,81세,상해없음,승용,여,33세,경상
2022050800100188,2022년 5월 8일 13시,일요일,강원도 원주시 소초면,경상사고,0,0,2,0,차대차 - 측면충돌,안전운전불이행,건조,맑음,교차로 - 교차로안,승용,여,55세,상해없음,승용,남,80세,경상
2022050800100189,2022년 5월 8일 13시,일요일,강원도 속초시 교동,경상사고,0,0,2,0,차대차 - 추돌,안전거리미확보,건조,맑음,교차로 - 교차로안,승용,여,63세,상해없음,승용,남,66세,상해없음
2022050800100190,2022년 5월 8일 13시,일요일,강원도 원주시 지정면,경상사고,0,0,5,0,차대차 - 추돌,안전거리미확보,건조,맑음,단일로 - 터널,승용,남,41세,상해없음,승용,남,42세,경상
2022050800100225,2022년 5월 8일 14시,일요일,강원도 강릉시 옥천동,경상사고,0,0,1,0,차대차 - 측면충돌,안전운전불이행,건조,맑음,교차로 - 교차로안,승용,남,43세,상해없음,이륜,남,17세,경상
2022050800100226,2022년 5월 8일 14시,일요일,강원도 철원군 갈말읍,경상사고,0,0,5,0,차대차 - 추돌,안전운전불이행,건조,맑음,교차로 - 교차로부근,건설기계,남,43세,상해없음,승용,여,37세,경상
2022050800100321,2022년 5월 8일 17시,일요일,강원도 춘천시 사북면,중상사고,0,1,0,0,차대차 - 측면충돌,중앙선침범,젖음/습기,비,단일로 - 기타,승용,남,61세,상해없음,승용,여,55세,중상
2022050800100322,2022년 5월 8일 17시,일요일,강원도 춘천시 근화동,경상사고,0,0,1,0,차대차 - 정면충돌,신호위반,건조,맑음,교차로 - 교차로안,승용,여,34세,상해없음,승합,남,51세,경상
2022050800100323,2022년 5월 8일 17시,일요일,강원도 양양군 강현면,경상사고,0,0,1,0,차대사람 - 길가장자리구역통행중,안전운전불이행,건조,맑음,단일로 - 기타,승용,남,59세,상해없음,보행자,남,65세,경상
2022050800100445,2022년 5월 8일 21시,일요일,강원도 원주시 평원동,경상사고,0,0,2,0,차대차 - 측면충돌,교차로운행방법위반,젖음/습기,비,교차로 - 교차로안,승용,남,62세,기타불명,승용,여,60세,경상
2022050800100446,2022년 5월 8일 21시,일요일,강원도 홍천군 홍천읍,경상사고,0,0,3,0,차대차 - 측면충돌,안전운전불이행,젖음/습기,비,교차로 - 교차로안,승용,여,49세,경상,승용,여,46세,경상
2022050800100447,2022년 5월 8일 21시,일요일,강원도 횡성군 우천면,부상신고사고,0,0,0,2,차대차 - 측면충돌,직진우회전진행방해,젖음/습기,비,교차로 - 교차로안,승합,남,66세,상해없음,승용,남,42세,부상신고
2022050800100471,2022년 5월 8일 22시,일요일,강원도 강릉시 교동,중상사고,0,1,0,0,차대사람 - 횡단중,보행자보호의무위반,건조,맑음,기타 - 기타,이륜,남,32세,상해없음,보행자,여,64세,중상
2022050900100018,2022년 5월 9일 01시,월요일,강원도 원주시 단구동,경상사고,0,0,1,0,차대차 - 측면충돌,안전운전불이행,젖음/습기,비,단일로 - 기타,승용,여,56세,상해없음,승용,남,39세,상해없음
2022050900100019,2022년 5월 9일 01시,월요일,강원도 원주시 인동,경상사고,0,0,1,0,차대차 - 측면충돌,안전거리미확보,젖음/습기,흐림,교차로 - 교차로안,특수,남,29세,상해없음,승용,남,70세,상해없음
2022050900100026,2022년 5월 9일 03시,월요일,강원도 영월군 영월읍,부상신고사고,0,0,0,1,차대차 - 측면충돌,안전운전불이행,건조,맑음,단일로 - 기타,화물,남,77세,기타불명,자전거,남,9세,부상신고
2022050900100027,2022년 5월 9일 03시,월요일,강원도 태백시 황지동,경상사고,0,0,1,0,차대차 - 기타,교차로운행방법위반,젖음/습기,비,교차로 - 교차로안,승용,남,44세,상해없음,승용,남,53세,경상
2022050900100068,2022년 5월 9일 07시,월요일,강원도 춘천시 신북읍,경상사고,0,0,2,0,차대차 - 추돌,안전거리미확보,건조,맑음,교차로 - 교차로부근,승용,남,68세,상해없음,승용,여,48세,경상
2022050900100098,2022년 5월 9일 08시,월요일,강원도 원주시 관설동,경상사고,0,0,1,0,차대차 - 측면충돌,안전거리미확보,건조,맑음,단일로 - 기타,승용,여,51세,상해없음,승용,여,59세,경상
2022050900100099,2022년 5월 9일 08시,월요일,강원도 삼척시 남양동,경상사고,0,0,1,0,차대차 - 측면충돌,교차로운행방법위반,건조,맑음,교차로 - 교차로안,승용,여,65세,상해없음,이륜,남,43세,경상
2022050900100100,2022년 5월 9일 08시,월요일,강원도 동해시 평릉동,경상사고,0,0,2,0,차대차 - 측면충돌,안전운전불이행,건조,맑음,단일로 - 기타,승용,남,62세,상해없음,승용,남,43세,경상
2022050900100101,2022년 5월 9일 08시,월요일,강원도 동해시 천곡동,경상사고,0,0,2,0,차대사람 - 횡단중,보행자보호의무위반,건조,맑음,단일로 - 기타,승용,여,43세,경상,보행자,여,79세,경상
2022050900100202,2022년 5월 9일 11시,월요일,강원도 태백시 황지동,경상사고,0,0,2,0,차대차 - 측면충돌,안전운전불이행,건조,맑음,교차로 - 교차로부근,승용,남,73세,상해없음,건설기계,남,39세,경상
2022050900100237,2022년 5월 9일 12시,월요일,강원도 강릉시 두산동,경상사고,0,0,1,0,차대차 - 측면충돌,안전운전불이행,건조,맑음,교차로 - 교차로안,승용,남,82세,상해없음,승용,여,51세,경상
2022050900100267,2022년 5월 9일 13시,월요일,강원도 속초시 노학동,경상사고,0,0,1,0,차대차 - 측면충돌,안전운전불이행,건조,맑음,교차로 - 교차로부근,승용,여,50세,상해없음,승용,여,28세,경상
2022050900100268,2022년 5월 9일 13시,월요일,강원도 동해시 단봉동,중상사고,0,1,1,0,차대차 - 정면충돌,중앙선침범,건조,맑음,단일로 - 고가도로위,승용,남,77세,상해없음,건설기계,남,39세,경상
2022050900100315,2022년 5월 9일 14시,월요일,강원도 횡성군 공근면,경상사고,0,0,2,0,차대차 - 추돌,안전운전불이행,건조,맑음,단일로 - 기타,화물,남,38세,상해없음,승용,여,68세,경상
2022050900100359,2022년 5월 9일 15시,월요일,강원도 춘천시 사북면,중상사고,0,1,1,0,차대차 - 정면충돌,중앙선침범,건조,맑음,단일로 - 기타,승용,여,57세,중상,승용,남,55세,경상
2022050900100401,2022년 5월 9일 16시,월요일,강원도 춘천시 사농동,경상사고,0,0,1,0,차대차 - 측면충돌,직진우회전진행방해,건조,맑음,교차로 - 교차로안,화물,남,57세,상해없음,승용,여,63세,경상
2022050900100402,2022년 5월 9일 16시,월요일,강원도 동해시 천곡동,중상사고,0,1,0,0,차대차 - 측면충돌,교차로운행방법위반,건조,맑음,교차로 - 교차로안,승용,남,62세,상해없음,이륜,남,69세,중상
2022050900100441,2022년 5월 9일 17시,월요일,강원도 춘천시 석사동,경상사고,0,0,3,1,차대차 - 측면충돌,직진우회전진행방해,건조,맑음,교차로 - 교차로안,승용,여,52세,부상신고,승용,여,50세,경상
2022050900100442,2022년 5월 9일 17시,월요일,강원도 속초시 조양동,경상사고,0,0,3,0,차대차 - 추돌,안전운전불이행,건조,맑음,교차로 - 교차로부근,승용,남,27세,상해없음,승용,남,24세,경상
2022050900100443,2022년 5월 9일 17시,월요일,강원도 동해시 이도동,중상사고,0,1,0,0,차대차 - 기타,안전운전불이행,건조,맑음,교차로 - 교차로부근,화물,여,62세,상해없음,자전거,남,85세,중상
2022050900100595,2022년 5월 9일 22시,월요일,강원도 춘천시 퇴계동,경상사고,0,0,1,0,차대차 - 기타,중앙선침범,건조,맑음,교차로 - 교차로부근,승용,남,40세,상해없음,승용,여,54세,경상
2022050900100596,2022년 5월 9일 22시,월요일,강원도 양구군 해안면,경상사고,0,0,1,0,차량단독 - 전도전복 - 전도,기타,건조,맑음,단일로 - 기타,개인형이동수단(PM),남,56세,경상,,,,
2022051000100038,2022년 5월 10일 05시,화요일,강원도 원주시 우산동,중상사고,0,1,6,0,차대차 - 기타,신호위반,건조,맑음,교차로 - 교차로안,승용,남,69세,상해없음,승합,남,57세,경상
2022051000100062,2022년 5월 10일 07시,화요일,강원도 원주시 단계동,경상사고,0,0,1,0,차대차 - 추돌,안전거리미확보,건조,맑음,단일로 - 기타,승용,남,62세,상해없음,승용,남,36세,경상
2022051000100100,2022년 5월 10일 08시,화요일,강원도 원주시 흥업면,중상사고,0,1,1,0,차대차 - 기타,교차로운행방법위반,건조,맑음,교차로 - 교차로안,승용,여,41세,상해없음,승합,남,45세,상해없음
2022051000100101,2022년 5월 10일 08시,화요일,강원도 양양군 양양읍,경상사고,0,0,1,0,차대차 - 측면충돌,신호위반,건조,맑음,교차로 - 교차로안,화물,남,31세,상해없음,승용,여,63세,경상
2022051000100153,2022년 5월 10일 09시,화요일,강원도 인제군 인제읍,경상사고,0,0,1,0,차대차 - 측면충돌,중앙선침범,건조,맑음,단일로 - 기타,승용,여,67세,상해없음,승용,여,63세,경상
2022051000100188,2022년 5월 10일 10시,화요일,강원도 원주시 일산동,경상사고,0,0,2,0,차대차 - 후진중충돌,안전운전불이행,건조,맑음,단일로 - 기타,승용,남,45세,상해없음,승용,여,58세,경상
2022051000100215,2022년 5월 10일 11시,화요일,강원도 동해시 천곡동,경상사고,0,0,1,0,차대차 - 기타,교차로운행방법위반,건조,맑음,단일로 - 기타,승용,남,50세,상해없음,승합,남,53세,상해없음
2022051000100254,2022년 5월 10일 12시,화요일,강원도 삼척시 자원동,중상사고,0,1,0,0,차대차 - 측면충돌,직진우회전진행방해,건조,맑음,교차로 - 교차로안,승용,여,48세,상해없음,이륜,남,42세,중상
2022051000100255,2022년 5월 10일 12시,화요일,강원도 태백시 화전동,중상사고,0,1,0,0,차대사람 - 기타,안전운전불이행,건조,맑음,주차장 - 주차장,승용,여,32세,상해없음,보행자,여,67세,중상
2022051000100328,2022년 5월 10일 14시,화요일,강원도 춘천시 후평동,경상사고,0,0,2,0,차대차 - 측면충돌,차로위반,건조,맑음,교차로 - 교차로부근,승용,남,81세,경상,승합,남,60세,상해없음
2022051000100357,2022년 5월 10일 15시,화요일,강원도 춘천시 소양로2가,중상사고,0,1,0,0,차량단독 - 기타,안전운전불이행,건조,맑음,교차로 - 교차로부근,승합,남,51세,상해없음,,,,
2022051000100358,2022년 5월 10일 15시,화요일,강원도 원주시 문막읍,경상사고,0,0,1,0,차대사람 - 기타,안전운전불이행,건조,흐림,단일로 - 기타,화물,남,57세,상해없음,보행자,남,57세,경상
2022051000100359,2022년 5월 10일 15시,화요일,강원도 동해시 천곡동,경상사고,0,0,1,0,차대차 - 측면충돌,교차로운행방법위반,건조,맑음,교차로 - 교차로안,승용,여,60세,상해없음,승용,남,43세,경상
2022051000100450,2022년 5월 10일 17시,화요일,강원도 춘천시 석사동,경상사고,0,0,1,0,차대사람 - 횡단중,보행자보호의무위반,건조,맑음,교차로 - 교차로안,승용,여,62세,상해없음,보행자,남,10세,경상
2022051000100451,2022년 5월 10일 17시,화요일,강원도 춘천시 후평동,경상사고,0,0,3,0,차대차 - 추돌,안전운전불이행,건조,맑음,단일로 - 기타,승용,여,47세,상해없음,승용,여,37세,경상
2022051000100452,2022년 5월 10일 17시,화요일,강원도 홍천군 홍천읍,사망사고,1,0,0,0,차대차 - 측면충돌,안전운전불이행,건조,맑음,교차로 - 교차로안,승합,남,63세,상해없음,이륜,남,53세,사망
2022051000100453,2022년 5월 10일 17시,화요일,강원도 평창군 용평면,경상사고,0,0,2,0,차대차 - 추돌,안전거리미확보,건조,맑음,단일로 - 지하차도(도로)내,화물,남,64세,상해없음,화물,남,66세,경상
2022051000100522,2022년 5월 10일 19시,화요일,강원도 강릉시 홍제동,경상사고,0,0,1,0,차대사람 - 보도통행중,기타,건조,맑음,기타 - 기타,화물,남,61세,상해없음,보행자,남,27세,경상
2022051000100595,2022년 5월 10일 22시,화요일,강원도 춘천시 퇴계동,경상사고,0,0,2,0,차대차 - 기타,안전운전불이행,건조,맑음,단일로 - 기타,승용,여,28세,상해없음,승용,남,63세,경상
2022051100100011,2022년 5월 11일 01시,수요일,강원도 춘천시 북산면,경상사고,0,0,1,0,차대차 - 정면충돌,중앙선침범,건조,맑음,단일로 - 기타,승용,남,59세,상해없음,승용,여,26세,경상
2022051100100043,2022년 5월 11일 06시,수요일,강원도 정선군 고한읍,경상사고,0,0,4,0,차대차 - 기타,기타,건조,맑음,기타 - 기타,승용,남,61세,경상,승용,여,60세,경상
2022051100100059,2022년 5월 11일 07시,수요일,강원도 철원군 갈말읍,경상사고,0,0,2,0,차대차 - 측면충돌,신호위반,건조,맑음,교차로 - 교차로안,건설기계,남,50세,상해없음,승용,여,64세,경상
2022051100100060,2022년 5월 11일 07시,수요일,강원도 춘천시 남면,경상사고,0,0,1,0,차대차 - 추돌,안전거리미확보,건조,맑음,단일로 - 기타,화물,남,48세,상해없음,승용,남,40세,경상
2022051100100210,2022년 5월 11일 12시,수요일,강원도 춘천시 서면,경상사고,0,0,1,0,차대차 - 후진중충돌,안전운전불이행,건조,맑음,기타 - 기타,화물,남,23세,기타불명,승용,남,40세,경상
2022051100100241,2022년 5월 11일 13시,수요일,강원도 화천군 화천읍,경상사고,0,0,1,0,차대차 - 기타,기타,건조,맑음,단일로 - 터널,화물,남,63세,상해없음,승용,여,38세,경상
2022051100100242,2022년 5월 11일 13시,수요일,강원도 정선군 고한읍,경상사고,0,0,1,0,차대사람 - 기타,보행자보호의무위반,건조,맑음,교차로 - 교차로횡단보도내,승용,남,44세,상해없음,보행자,남,79세,경상
2022051100100243,2022년 5월 11일 13시,수요일,강원도 고성군 거진읍,중상사고,0,1,3,0,차대차 - 추돌,기타,건조,맑음,교차로 - 교차로부근,승용,여,32세,상해없음,화물,남,48세,경상
2022051100100271,2022년 5월 11일 14시,수요일,강원도 태백시 장성동,경상사고,0,0,1,0,차대차 - 추돌,기타,건조,맑음,교차로 - 교차로안,화물,여,68세,상해없음,승용,남,60세,경상
2022051100100438,2022년 5월 11일 18시,수요일,강원도 춘천시 온의동,부상신고사고,0,0,0,1,차대사람 - 횡단중,안전운전불이행,건조,맑음,단일로 - 기타,승용,여,48세,상해없음,보행자,여,29세,부상신고
2022051100100557,2022년 5월 11일 22시,수요일,강원도 원주시 관설동,경상사고,0,0,1,0,차대차 - 기타,안전운전불이행,건조,맑음,교차로 - 교차로안,승용,여,31세,상해없음,승용,남,23세,경상
2022051200100106,2022년 5월 12일 08시,목요일,강원도 강릉시 포남동,경상사고,0,0,1,0,차대사람 - 보도통행중,보행자보호의무위반,건조,맑음,교차로 - 교차로횡단보도내,화물,남,64세,상해없음,보행자,여,37세,경상
2022051200100107,2022년 5월 12일 08시,목요일,강원도 원주시 명륜동,경상사고,0,0,1,0,차대사람 - 횡단중,교차로운행방법위반,건조,맑음,교차로 - 교차로안,승용,남,46세,상해없음,보행자,여,13세,경상
2022051200100174,2022년 5월 12일 10시,목요일,강원도 원주시 단계동,경상사고,0,0,1,0,차대차 - 측면충돌,안전운전불이행,건조,맑음,단일로 - 기타,화물,남,56세,상해없음,자전거,남,32세,경상
2022051200100175,2022년 5월 12일 10시,목요일,강원도 원주시 무실동,경상사고,0,0,1,0,차대차 - 측면충돌,안전운전불이행,건조,맑음,교차로 - 교차로부근,화물,남,34세,상해없음,승용,남,42세,경상
2022051200100197,2022년 5월 12일 11시,목요일,강원도 춘천시 후평동,부상신고사고,0,0,0,1,차대차 - 기타,교차로운행방법위반,건조,맑음,교차로 - 교차로안,승용,남,79세,상해없음,자전거,남,51세,부상신고
2022051200100198,2022년 5월 12일 11시,목요일,강원도 춘천시 동산면,중상사고,0,1,1,0,차대차 - 측면충돌,안전운전불이행,건조,맑음,단일로 - 기타,승용,남,28세,상해없음,승용,남,81세,경상
2022051200100227,2022년 5월 12일 12시,목요일,강원도 춘천시 사농동,경상사고,0,0,1,0,차대사람 - 기타,안전운전불이행,건조,맑음,단일로 - 기타,자전거,남,64세,상해없음,보행자,여,45세,경상
2022051200100228,2022년 5월 12일 12시,목요일,강원도 춘천시 교동,경상사고,0,0,1,2,차대차 - 측면충돌,안전운전불이행,건조,맑음,교차로 - 교차로안,승용,여,63세,부상신고,승용,남,44세,경상
2022051200100257,2022년 5월 12일 13시,목요일,강원도 춘천시 온의동,경상사고,0,0,1,2,차대차 - 기타,신호위반,건조,맑음,교차로 - 교차로부근,승용,여,21세,상해없음,승용,남,70세,경상