사고번호,사고일시,요일,시군구,사고내용,사망자수,중상자수,경상자수,부상신고자수,사고유형,법규위반,노면상태,기상상태,도로형태,가해운전자 차종,가해운전자 성별,가해운전자 연령,가해운전자 상해정도,피해운전자 차종,피해운전자 성별,피해운전자 연령,피해운전자 상해정도
2022051200100258,2022년 5월 12일 13시,목요일,강원도 강릉시 사천면,중상사고,0,1,4,0,차대차 - 추돌,안전운전불이행,건조,맑음,단일로 - 기타,승용,남,26세,상해없음,승용,남,43세,경상
2022051200100259,2022년 5월 12일 13시,목요일,강원도 영월군 남면,경상사고,0,0,2,0,차대차 - 측면충돌,중앙선침범,건조,맑음,단일로 - 기타,승합,남,31세,기타불명,승용,남,66세,경상
2022051200100292,2022년 5월 12일 14시,목요일,강원도 춘천시 동면,경상사고,0,0,2,0,차대차 - 기타,차로위반,건조,맑음,단일로 - 기타,승용,남,84세,상해없음,승용,여,37세,경상
2022051200100293,2022년 5월 12일 14시,목요일,강원도 고성군 토성면,중상사고,0,1,0,0,차대차 - 추돌,안전운전불이행,건조,맑음,단일로 - 기타,승용,남,75세,상해없음,승용,여,28세,중상
2022051200100325,2022년 5월 12일 15시,목요일,강원도 춘천시 퇴계동,경상사고,0,0,2,0,차대차 - 후진중충돌,안전운전불이행,건조,맑음,단일로 - 기타,승용,여,44세,상해없음,승용,남,38세,경상
2022051200100326,2022년 5월 12일 15시,목요일,강원도 원주시 중앙동,중상사고,0,1,0,0,차대차 - 기타,신호위반,건조,맑음,교차로 - 교차로안,승용,여,45세,상해없음,원동기,남,31세,중상
2022051200100371,2022년 5월 12일 16시,목요일,강원도 원주시 단계동,경상사고,0,0,1,0,차대차 - 후진중충돌,안전운전불이행,건조,맑음,단일로 - 기타,승용,남,65세,상해없음,승용,여,28세,경상
2022051200100372,2022년 5월 12일 16시,목요일,강원도 철원군 철원읍,경상사고,0,0,1,0,차대사람 - 횡단중,안전운전불이행,건조,맑음,단일로 - 기타,승용,여,27세,상해없음,보행자,남,12세,경상
2022051200100502,2022년 5월 12일 19시,목요일,강원도 강릉시 교동,중상사고,0,1,0,0,차대차 - 측면충돌,안전운전불이행,건조,맑음,교차로 - 교차로안,이륜,남,42세,상해없음,원동기,남,16세,중상
2022051200100539,2022년 5월 12일 20시,목요일,강원도 강릉시 지변동,경상사고,0,0,1,0,차대사람 - 보도통행중,보행자보호의무위반,건조,맑음,교차로 - 교차로횡단보도내,승용,남,49세,상해없음,보행자,남,23세,경상
2022051200100558,2022년 5월 12일 21시,목요일,강원도 춘천시 효자동,경상사고,0,0,1,0,차대사람 - 횡단중,보행자보호의무위반,건조,맑음,단일로 - 기타,이륜,남,27세,상해없음,보행자,여,28세,경상
2022051200100582,2022년 5월 12일 22시,목요일,강원도 원주시 반곡동,중상사고,0,1,0,0,차대차 - 기타,안전운전불이행,건조,맑음,단일로 - 기타,승용,여,30세,상해없음,승용,여,63세,중상
2022051300100030,2022년 5월 13일 04시,금요일,강원도 강릉시 옥천동,중상사고,0,1,0,0,차대사람 - 횡단중,보행자보호의무위반,건조,맑음,기타 - 기타,승용,여,33세,상해없음,보행자,남,82세,중상
2022051300100064,2022년 5월 13일 07시,금요일,강원도 춘천시 남산면,부상신고사고,0,0,0,1,차대사람 - 기타,안전운전불이행,건조,맑음,교차로 - 교차로횡단보도내,승용,남,31세,상해없음,보행자,남,56세,부상신고
2022051300100065,2022년 5월 13일 07시,금요일,강원도 강릉시 성산면,경상사고,0,0,1,0,차대차 - 측면충돌,신호위반,건조,맑음,교차로 - 교차로안,승용,여,60세,기타불명,승용,남,77세,경상
2022051300100101,2022년 5월 13일 08시,금요일,강원도 원주시 지정면,경상사고,0,0,2,0,차대차 - 추돌,안전거리미확보,건조,맑음,단일로 - 기타,승용,남,28세,상해없음,승용,여,38세,경상
2022051300100102,2022년 5월 13일 08시,금요일,강원도 인제군 인제읍,중상사고,0,1,0,0,차대사람 - 보도통행중,신호위반,건조,맑음,교차로 - 교차로안,승용,남,77세,상해없음,보행자,남,10세,중상
2022051300100214,2022년 5월 13일 11시,금요일,강원도 평창군 봉평면,경상사고,0,0,2,0,차대차 - 측면충돌,신호위반,건조,맑음,단일로 - 터널,건설기계,남,58세,상해없음,승용,남,32세,경상
2022051300100256,2022년 5월 13일 12시,금요일,강원도 원주시 무실동,경상사고,0,0,2,0,차대차 - 측면충돌,교차로운행방법위반,건조,맑음,교차로 - 교차로안,승용,남,33세,상해없음,특수,남,35세,상해없음
2022051300100289,2022년 5월 13일 13시,금요일,강원도 춘천시 서면,중상사고,0,1,0,0,차대차 - 정면충돌,안전운전불이행,건조,맑음,단일로 - 기타,자전거,남,55세,상해없음,자전거,남,42세,중상
2022051300100324,2022년 5월 13일 14시,금요일,강원도 원주시 판부면,중상사고,0,1,0,0,차대차 - 추돌,중앙선침범,젖음/습기,비,단일로 - 기타,건설기계,남,62세,상해없음,화물,남,53세,중상
2022051300100357,2022년 5월 13일 15시,금요일,강원도 영월군 영월읍,중상사고,0,1,0,0,차대차 - 측면충돌,신호위반,젖음/습기,비,교차로 - 교차로안,승용,여,63세,상해없음,이륜,남,19세,중상
2022051300100428,2022년 5월 13일 17시,금요일,강원도 속초시 조양동,경상사고,0,0,1,0,차대사람 - 차도통행중,안전운전불이행,건조,맑음,단일로 - 기타,승용,남,37세,상해없음,보행자,여,9세,경상
2022051300100429,2022년 5월 13일 17시,금요일,강원도 철원군 갈말읍,경상사고,0,0,1,0,차대차 - 측면충돌,안전운전불이행,건조,맑음,교차로 - 교차로안,승용,남,67세,상해없음,자전거,남,33세,경상
2022051300100483,2022년 5월 13일 18시,금요일,강원도 춘천시 퇴계동,부상신고사고,0,0,0,3,차대차 - 측면충돌,안전운전불이행,건조,흐림,단일로 - 기타,승용,남,57세,상해없음,승용,여,41세,부상신고
2022051300100541,2022년 5월 13일 19시,금요일,강원도 춘천시 근화동,경상사고,0,0,1,0,차량단독 - 기타,안전운전불이행,건조,맑음,기타 - 기타,승용,여,63세,상해없음,,,,
2022051300100649,2022년 5월 13일 22시,금요일,강원도 원주시 단계동,경상사고,0,0,1,0,차대사람 - 차도통행중,안전운전불이행,건조,맑음,교차로 - 교차로안,승용,남,28세,상해없음,보행자,여,28세,경상
2022051300100670,2022년 5월 13일 23시,금요일,강원도 정선군 남면,중상사고,0,1,0,0,차대사람 - 기타,안전운전불이행,건조,맑음,기타 - 기타,승용,여,48세,기타불명,보행자,남,54세,중상
2022051400100033,2022년 5월 14일 02시,토요일,강원도 춘천시 삼천동,경상사고,0,0,2,0,차대차 - 후진중충돌,안전운전불이행,건조,맑음,단일로 - 기타,승용,남,26세,상해없음,승용,여,59세,경상
2022051400100034,2022년 5월 14일 02시,토요일,강원도 동해시 부곡동,경상사고,0,0,1,0,차대사람 - 기타,안전운전불이행,건조,맑음,교차로 - 교차로부근,승용,남,29세,상해없음,보행자,여,37세,경상
2022051400100078,2022년 5월 14일 06시,토요일,강원도 춘천시 동내면,경상사고,0,0,1,0,차대차 - 측면충돌,안전거리미확보,건조,맑음,교차로 - 교차로안,승합,남,62세,기타불명,화물,남,51세,경상
2022051400100090,2022년 5월 14일 07시,토요일,강원도 태백시 황지동,경상사고,0,0,1,0,차대차 - 기타,안전운전불이행,건조,맑음,교차로 - 교차로안,승용,남,53세,기타불명,승합,남,59세,상해없음
2022051400100106,2022년 5월 14일 08시,토요일,강원도 원주시 문막읍,중상사고,0,1,3,0,차대차 - 측면충돌,안전운전불이행,건조,맑음,단일로 - 기타,승용,남,64세,상해없음,승합,남,28세,중상
2022051400100130,2022년 5월 14일 09시,토요일,강원도 양구군 양구읍,경상사고,0,0,1,0,차대차 - 측면충돌,차로위반,건조,맑음,교차로 - 교차로안,건설기계,남,47세,상해없음,승용,여,58세,경상
2022051400100232,2022년 5월 14일 12시,토요일,강원도 원주시 태장동,경상사고,0,0,2,2,차대차 - 기타,안전운전불이행,건조,맑음,교차로 - 교차로부근,화물,남,70세,상해없음,승용,남,37세,경상
2022051400100233,2022년 5월 14일 12시,토요일,강원도 태백시 황지동,경상사고,0,0,1,0,차대차 - 후진중충돌,안전운전불이행,건조,맑음,교차로 - 교차로안,승용,여,53세,상해없음,승용,남,20세,경상
2022051400100269,2022년 5월 14일 13시,토요일,강원도 춘천시 동내면,경상사고,0,0,1,0,차대차 - 후진중충돌,안전운전불이행,건조,맑음,주차장 - 주차장,승용,여,59세,상해없음,승용,남,62세,경상
2022051400100409,2022년 5월 14일 16시,토요일,강원도 원주시 개운동,경상사고,0,0,1,0,차대차 - 측면충돌,중앙선침범,건조,맑음,단일로 - 기타,승용,남,71세,상해없음,이륜,남,37세,경상
2022051400100458,2022년 5월 14일 17시,토요일,강원도 속초시 조양동,경상사고,0,0,2,0,차대차 - 측면충돌,안전운전불이행,건조,맑음,교차로 - 교차로안,승용,남,70세,상해없음,승용,남,47세,경상
2022051400100459,2022년 5월 14일 17시,토요일,강원도 홍천군 서석면,부상신고사고,0,0,0,1,차량단독 - 전도전복 - 전도,안전운전불이행,건조,맑음,단일로 - 기타,자전거,남,26세,부상신고,,,,
2022051400100496,2022년 5월 14일 18시,토요일,강원도 춘천시 동내면,경상사고,0,0,3,0,차대차 - 추돌,안전운전불이행,건조,맑음,교차로 - 교차로부근,승용,여,37세,상해없음,승용,남,64세,경상
2022051400100498,2022년 5월 14일 18시,토요일,강원도 원주시 학성동,경상사고,0,0,1,0,차대차 - 측면충돌,교차로운행방법위반,건조,맑음,교차로 - 교차로안,승합,남,33세,상해없음,승용,여,53세,경상
2022051400100499,2022년 5월 14일 18시,토요일,강원도 양구군 국토정중앙면,사망사고,1,0,4,0,차대차 - 추돌,중앙선침범,건조,맑음,기타 - 기타,화물,남,60세,사망,화물,남,56세,경상
2022051400100601,2022년 5월 14일 21시,토요일,강원도 원주시 태장동,중상사고,0,1,0,0,차대사람 - 기타,안전운전불이행,건조,맑음,주차장 - 주차장,승용,남,55세,상해없음,보행자,여,52세,중상
2022051400100602,2022년 5월 14일 21시,토요일,강원도 인제군 서화면,경상사고,0,0,2,0,차량단독 - 공작물충돌,안전운전불이행,건조,맑음,단일로 - 기타,승용,남,27세,상해없음,,,,
2022051400100622,2022년 5월 14일 22시,토요일,강원도 속초시 조양동,중상사고,0,1,0,0,차대사람 - 보도통행중,보행자보호의무위반,건조,맑음,단일로 - 기타,승용,남,60세,상해없음,보행자,여,23세,중상
2022051400100645,2022년 5월 14일 23시,토요일,강원도 원주시 단계동,부상신고사고,0,0,0,2,차대사람 - 횡단중,안전운전불이행,건조,맑음,단일로 - 기타,승용,남,52세,상해없음,보행자,남,25세,부상신고
2022051500100040,2022년 5월 15일 02시,일요일,강원도 원주시 단계동,중상사고,0,2,0,0,차대사람 - 횡단중,신호위반,건조,맑음,단일로 - 기타,이륜,남,37세,상해없음,보행자,남,21세,중상
2022051500100103,2022년 5월 15일 08시,일요일,강원도 강릉시 성남동,중상사고,0,1,0,0,차대사람 - 횡단중,보행자보호의무위반,건조,맑음,기타 - 기타,화물,남,63세,상해없음,보행자,남,70세,중상
2022051500100104,2022년 5월 15일 08시,일요일,강원도 원주시 단계동,경상사고,0,0,1,0,차대사람 - 보도통행중,보행자보호의무위반,건조,맑음,교차로 - 교차로횡단보도내,승용,남,48세,상해없음,보행자,여,54세,경상
2022051500100105,2022년 5월 15일 08시,일요일,강원도 고성군 간성읍,중상사고,0,1,0,0,차대차 - 측면충돌,안전운전불이행,건조,맑음,기타 - 기타,농기계,남,60세,상해없음,승용,여,61세,중상
2022051500100165,2022년 5월 15일 11시,일요일,강원도 춘천시 효자동,경상사고,0,0,1,0,차대차 - 측면충돌,직진우회전진행방해,건조,맑음,교차로 - 교차로안,승용,남,27세,상해없음,승용,남,32세,경상
2022051500100166,2022년 5월 15일 11시,일요일,강원도 태백시 황지동,중상사고,0,1,0,0,차대차 - 추돌,안전운전불이행,건조,맑음,단일로 - 기타,이륜,남,66세,상해없음,이륜,남,60세,상해없음
2022051500100196,2022년 5월 15일 12시,일요일,강원도 강릉시 교동,중상사고,0,1,0,0,차대차 - 추돌,신호위반,건조,맑음,단일로 - 기타,승용,남,79세,기타불명,자전거,남,77세,중상
2022051500100197,2022년 5월 15일 12시,일요일,강원도 원주시 일산동,경상사고,0,0,1,0,차대차 - 추돌,안전거리미확보,건조,맑음,교차로 - 교차로안,승용,남,63세,상해없음,승용,여,45세,경상
2022051500100225,2022년 5월 15일 13시,일요일,강원도 인제군 남면,중상사고,0,1,0,0,차대차 - 측면충돌,안전운전불이행,건조,맑음,단일로 - 교량,자전거,여,49세,중상,승용,남,46세,기타불명
2022051500100256,2022년 5월 15일 14시,일요일,강원도 원주시 지정면,경상사고,0,0,2,0,차대차 - 측면충돌,교차로운행방법위반,건조,맑음,교차로 - 교차로안,승용,여,35세,상해없음,승용,여,32세,경상
2022051500100257,2022년 5월 15일 14시,일요일,강원도 속초시 교동,중상사고,0,1,1,0,차대차 - 측면충돌,교차로운행방법위반,건조,맑음,교차로 - 교차로안,승용,남,24세,상해없음,승용,남,37세,중상
2022051500100258,2022년 5월 15일 14시,일요일,강원도 양양군 현북면,경상사고,0,0,3,0,차대차 - 후진중충돌,안전운전불이행,건조,맑음,교차로 - 교차로안,승용,남,76세,상해없음,승용,남,40세,경상
2022051500100363,2022년 5월 15일 17시,일요일,강원도 강릉시 안현동,경상사고,0,0,1,0,차대사람 - 기타,안전운전불이행,건조,맑음,기타 - 기타,승용,남,53세,상해없음,보행자,여,22세,경상
2022051500100364,2022년 5월 15일 17시,일요일,강원도 고성군 토성면,경상사고,0,0,2,0,차대차 - 추돌,안전운전불이행,건조,맑음,교차로 - 교차로부근,화물,남,74세,기타불명,승용,남,47세,경상
2022051500100399,2022년 5월 15일 18시,일요일,강원도 춘천시 조양동,경상사고,0,0,2,0,차대차 - 측면충돌,직진우회전진행방해,건조,맑음,단일로 - 기타,승용,남,26세,상해없음,승용,여,59세,경상
2022051500100400,2022년 5월 15일 18시,일요일,강원도 원주시 반곡동,중상사고,0,1,0,0,차대차 - 기타,안전거리미확보,건조,맑음,기타 - 기타,이륜,남,15세,상해없음,승용,남,27세,상해없음
2022051500100401,2022년 5월 15일 18시,일요일,강원도 원주시 일산동,경상사고,0,0,1,0,차대차 - 추돌,안전운전불이행,건조,맑음,교차로 - 교차로안,승용,여,53세,상해없음,이륜,남,41세,경상
2022051500100499,2022년 5월 15일 23시,일요일,강원도 속초시 교동,경상사고,0,0,1,0,차대차 - 측면충돌,안전운전불이행,건조,맑음,교차로 - 교차로안,승용,남,61세,상해없음,승용,여,48세,경상
2022051600100029,2022년 5월 16일 05시,월요일,강원도 삼척시 남양동,경상사고,0,0,3,0,차대차 - 측면충돌,신호위반,건조,맑음,교차로 - 교차로안,승용,남,65세,경상,승용,남,62세,경상
2022051600100040,2022년 5월 16일 06시,월요일,강원도 강릉시 난곡동,중상사고,0,1,0,0,차대차 - 정면충돌,안전운전불이행,건조,맑음,교차로 - 교차로안,승용,여,26세,상해없음,승용,남,67세,상해없음
2022051600100146,2022년 5월 16일 09시,월요일,강원도 춘천시 온의동,경상사고,0,0,1,0,차대차 - 측면충돌,안전운전불이행,건조,맑음,교차로 - 교차로부근,승용,여,60세,상해없음,승용,여,37세,경상
2022051600100283,2022년 5월 16일 13시,월요일,강원도 속초시 중앙동,경상사고,0,0,1,0,차대사람 - 길가장자리구역통행중,안전운전불이행,건조,맑음,교차로 - 교차로부근,승용,남,57세,상해없음,보행자,여,42세,경상
2022051600100284,2022년 5월 16일 13시,월요일,강원도 화천군 상서면,중상사고,0,1,2,0,차대차 - 측면충돌,교차로운행방법위반,건조,맑음,교차로 - 교차로안,화물,남,26세,상해없음,승용,남,20세,경상
2022051600100312,2022년 5월 16일 14시,월요일,강원도 태백시 황지동,경상사고,0,0,1,0,차대차 - 측면충돌,안전운전불이행,건조,맑음,단일로 - 기타,화물,남,61세,상해없음,승용,남,57세,경상
2022051600100356,2022년 5월 16일 15시,월요일,강원도 태백시 황지동,경상사고,0,0,2,0,차대차 - 기타,교차로운행방법위반,건조,맑음,교차로 - 교차로안,승용,남,79세,상해없음,승용,남,66세,경상
2022051600100391,2022년 5월 16일 16시,월요일,강원도 삼척시 남양동,경상사고,0,0,1,0,차대차 - 측면충돌,안전거리미확보,건조,맑음,교차로 - 교차로안,승용,남,52세,상해없음,화물,남,28세,경상
2022051600100523,2022년 5월 16일 19시,월요일,강원도 인제군 인제읍,경상사고,0,0,1,0,차대사람 - 기타,안전운전불이행,건조,맑음,단일로 - 기타,승용,남,25세,상해없음,보행자,남,61세,경상
2022051600100615,2022년 5월 16일 23시,월요일,강원도 춘천시 동면,부상신고사고,0,0,0,2,차대차 - 측면충돌,직진우회전진행방해,건조,맑음,교차로 - 교차로안,화물,남,53세,상해없음,화물,남,59세,부상신고
2022051700100090,2022년 5월 17일 08시,화요일,강원도 강릉시 왕산면,중상사고,0,1,2,0,차대차 - 기타,중앙선침범,건조,맑음,기타 - 기타,승용,남,48세,상해없음,승용,여,48세,경상
2022051700100091,2022년 5월 17일 08시,화요일,강원도 원주시 명륜동,경상사고,0,0,1,0,차대사람 - 횡단중,보행자보호의무위반,건조,맑음,단일로 - 기타,승용,남,46세,상해없음,보행자,남,24세,경상
2022051700100092,2022년 5월 17일 08시,화요일,강원도 평창군 진부면,경상사고,0,0,1,0,차대차 - 후진중충돌,안전운전불이행,건조,맑음,단일로 - 지하차도(도로)내,화물,남,68세,상해없음,화물,남,56세,경상
2022051700100195,2022년 5월 17일 11시,화요일,강원도 춘천시 서면,경상사고,0,0,1,0,차대차 - 기타,안전거리미확보,건조,맑음,단일로 - 기타,승용,남,50세,상해없음,승용,여,41세,경상
2022051700100196,2022년 5월 17일 11시,화요일,강원도 횡성군 안흥면,중상사고,0,1,0,0,차대사람 - 횡단중,안전운전불이행,건조,맑음,단일로 - 기타,승용,남,77세,상해없음,보행자,여,91세,중상
2022051700100298,2022년 5월 17일 14시,화요일,강원도 춘천시 석사동,경상사고,0,0,2,0,차대차 - 측면충돌,안전운전불이행,건조,맑음,교차로 - 교차로안,화물,남,59세,상해없음,승용,남,44세,경상
2022051700100299,2022년 5월 17일 14시,화요일,강원도 원주시 단구동,경상사고,0,0,1,0,차대사람 - 횡단중,안전운전불이행,건조,맑음,기타 - 기타,승용,여,69세,상해없음,보행자,남,24세,경상
2022051700100300,2022년 5월 17일 14시,화요일,강원도 속초시 조양동,중상사고,0,1,0,0,차대차 - 측면충돌,안전운전불이행,건조,맑음,단일로 - 기타,승용,여,48세,상해없음,이륜,남,61세,중상
2022051700100334,2022년 5월 17일 15시,화요일,강원도 태백시 황지동,경상사고,0,0,1,0,차대차 - 측면충돌,안전운전불이행,건조,맑음,교차로 - 교차로안,승용,남,59세,상해없음,승용,남,29세,경상
2022051700100413,2022년 5월 17일 17시,화요일,강원도 평창군 대화면,경상사고,0,0,2,0,차대차 - 정면충돌,중앙선침범,건조,맑음,단일로 - 지하차도(도로)내,승용,남,60세,상해없음,승용,남,29세,경상
2022051700100414,2022년 5월 17일 17시,화요일,강원도 태백시 황지동,경상사고,0,0,1,0,차대차 - 측면충돌,안전운전불이행,건조,맑음,단일로 - 기타,승용,남,75세,상해없음,승용,남,33세,경상
2022051700100584,2022년 5월 17일 22시,화요일,강원도 원주시 단계동,경상사고,0,0,1,0,차대사람 - 기타,안전운전불이행,건조,맑음,단일로 - 기타,승용,남,18세,상해없음,보행자,남,50세,경상
2022051800100073,2022년 5월 18일 07시,수요일,강원도 원주시 개운동,경상사고,0,0,4,0,차대차 - 추돌,안전거리미확보,건조,흐림,단일로 - 기타,승용,남,24세,상해없음,승용,남,38세,경상
2022051800100221,2022년 5월 18일 12시,수요일,강원도 춘천시 퇴계동,경상사고,0,0,1,0,차대차 - 측면충돌,안전운전불이행,건조,맑음,교차로 - 교차로안,기타불명,기타불명,미분류,기타불명,승합,남,44세,경상
2022051800100222,2022년 5월 18일 12시,수요일,강원도 태백시 황지동,경상사고,0,0,1,0,차대차 - 측면충돌,교차로운행방법위반,건조,맑음,교차로 - 교차로안,승용,남,60세,상해없음,승용,여,45세,경상
2022051800100339,2022년 5월 18일 15시,수요일,강원도 원주시 반곡동,경상사고,0,0,1,0,차대차 - 기타,안전운전불이행,건조,맑음,주차장 - 주차장,승용,남,69세,상해없음,승용,여,49세,경상
2022051800100381,2022년 5월 18일 16시,수요일,강원도 정선군 남면,경상사고,0,0,1,0,차대차 - 기타,중앙선침범,건조,맑음,단일로 - 기타,승용,남,55세,상해없음,승용,남,59세,경상
2022051800100426,2022년 5월 18일 17시,수요일,강원도 춘천시 석사동,경상사고,0,0,1,0,차대차 - 추돌,안전운전불이행,건조,맑음,교차로 - 교차로부근,건설기계,남,52세,상해없음,승용,여,54세,경상
2022051800100427,2022년 5월 18일 17시,수요일,강원도 원주시 소초면,경상사고,0,0,1,0,차대차 - 추돌,안전운전불이행,건조,맑음,단일로 - 기타,화물,남,46세,상해없음,승용,여,39세,경상
2022051800100428,2022년 5월 18일 17시,수요일,강원도 평창군 봉평면,경상사고,0,0,1,0,차대차 - 정면충돌,신호위반,건조,맑음,교차로 - 교차로안,승용,여,53세,상해없음,이륜,여,53세,경상
2022051800100544,2022년 5월 18일 20시,수요일,강원도 홍천군 홍천읍,중상사고,0,1,0,0,차대차 - 측면충돌,직진우회전진행방해,건조,맑음,교차로 - 교차로안,화물,남,72세,상해없음,이륜,남,32세,중상
2022051800100570,2022년 5월 18일 21시,수요일,강원도 강릉시 포남동,중상사고,0,1,0,0,차대사람 - 기타,안전운전불이행,건조,맑음,주차장 - 주차장,승용,여,58세,상해없음,보행자,여,38세,중상
2022051800100571,2022년 5월 18일 21시,수요일,강원도 원주시 지정면,중상사고,0,1,0,0,차대차 - 측면충돌,안전운전불이행,건조,맑음,단일로 - 기타,승용,여,47세,기타불명,승용,여,64세,중상
2022051900100050,2022년 5월 19일 06시,목요일,강원도 춘천시 동산면,중상사고,0,1,0,0,차대차 - 정면충돌,중앙선침범,건조,맑음,단일로 - 기타,승용,남,54세,상해없음,화물,남,52세,중상
2022051900100051,2022년 5월 19일 06시,목요일,강원도 강릉시 옥천동,경상사고,0,0,1,0,차대차 - 측면충돌,신호위반,건조,맑음,교차로 - 교차로안,화물,남,50세,상해없음,승용,남,54세,경상
2022051900100081,2022년 5월 19일 07시,목요일,강원도 동해시 효가동,경상사고,0,0,1,0,차대차 - 정면충돌,신호위반,건조,맑음,교차로 - 교차로안,화물,남,48세,상해없음,화물,남,55세,경상
2022051900100110,2022년 5월 19일 08시,목요일,강원도 원주시 봉산동,경상사고,0,0,1,0,차대차 - 기타,중앙선침범,건조,맑음,교차로 - 교차로부근,승용,남,49세,상해없음,승용,남,47세,경상
2022051900100111,2022년 5월 19일 08시,목요일,강원도 화천군 화천읍,경상사고,0,0,1,0,차대차 - 추돌,안전거리미확보,건조,맑음,교차로 - 교차로안,승용,남,65세,상해없음,화물,남,60세,상해없음
2022051900100176,2022년 5월 19일 10시,목요일,강원도 정선군 사북읍,경상사고,0,0,1,0,차대차 - 기타,안전운전불이행,건조,맑음,단일로 - 기타,승용,남,32세,상해없음,승용,남,39세,경상
2022051900100210,2022년 5월 19일 11시,목요일,강원도 춘천시 소양로1가,경상사고,0,0,2,0,차대차 - 정면충돌,안전운전불이행,건조,맑음,교차로 - 교차로부근,화물,남,44세,경상,승용,여,50세,경상
2022051900100211,2022년 5월 19일 11시,목요일,강원도 춘천시 우두동,경상사고,0,0,1,0,차대차 - 측면충돌,안전거리미확보,건조,맑음,단일로 - 교량,승용,남,69세,상해없음,승용,남,51세,경상
2022051900100233,2022년 5월 19일 12시,목요일,강원도 강릉시 입암동,경상사고,0,0,1,0,차대사람 - 횡단중,안전운전불이행,건조,맑음,기타 - 기타,승용,여,55세,상해없음,보행자,여,71세,경상
2022051900100264,2022년 5월 19일 13시,목요일,강원도 원주시 반곡동,중상사고,0,1,0,0,차대차 - 기타,안전운전불이행,건조,맑음,교차로 - 교차로안,승용,여,63세,상해없음,자전거,남,65세,중상
2022051900100265,2022년 5월 19일 13시,목요일,강원도 정선군 정선읍,경상사고,0,0,1,0,차대차 - 기타,안전운전불이행,건조,맑음,교차로 - 교차로안,승용,남,54세,기타불명,승용,여,57세,경상
2022051900100315,2022년 5월 19일 15시,목요일,강원도 춘천시 후평동,경상사고,0,0,3,0,차대차 - 측면충돌,기타,건조,맑음,단일로 - 기타,화물,남,45세,상해없음,승용,여,43세,상해없음
2022051900100343,2022년 5월 19일 16시,목요일,강원도 춘천시 석사동,부상신고사고,0,0,0,1,차대차 - 후진중충돌,안전운전불이행,건조,맑음,단일로 - 기타,화물,남,65세,상해없음,자전거,남,52세,부상신고
2022051900100344,2022년 5월 19일 16시,목요일,강원도 춘천시 석사동,부상신고사고,0,0,0,1,차대사람 - 횡단중,안전운전불이행,건조,맑음,단일로 - 기타,화물,남,26세,상해없음,보행자,여,68세,부상신고
2022051900100345,2022년 5월 19일 16시,목요일,강원도 강릉시 홍제동,중상사고,0,1,0,0,차대사람 - 기타,보행자보호의무위반,건조,맑음,기타 - 기타,승용,남,55세,상해없음,보행자,여,8세,중상
2022051900100346,2022년 5월 19일 16시,목요일,강원도 홍천군 서면,중상사고,0,1,0,0,차대차 - 정면충돌,중앙선침범,건조,맑음,단일로 - 기타,승용,남,23세,상해없음,자전거,남,56세,중상
2022051900100347,2022년 5월 19일 16시,목요일,강원도 철원군 갈말읍,경상사고,0,0,2,0,차대차 - 추돌,안전운전불이행,건조,맑음,단일로 - 기타,건설기계,남,52세,상해없음,화물,남,54세,경상
2022051900100398,2022년 5월 19일 17시,목요일,강원도 춘천시 동내면,경상사고,0,0,4,0,차대차 - 기타,중앙선침범,건조,맑음,단일로 - 기타,승용,여,57세,상해없음,화물,남,39세,경상
2022051900100399,2022년 5월 19일 17시,목요일,강원도 춘천시 근화동,경상사고,0,0,3,0,차대차 - 정면충돌,중앙선침범,건조,맑음,교차로 - 교차로안,승용,남,79세,상해없음,승용,여,45세,경상
2022051900100400,2022년 5월 19일 17시,목요일,강원도 원주시 학성동,경상사고,0,0,2,0,차대차 - 측면충돌,안전거리미확보,건조,맑음,단일로 - 기타,승용,남,45세,상해없음,승용,여,54세,경상
2022051900100402,2022년 5월 19일 17시,목요일,강원도 속초시 조양동,경상사고,0,0,1,0,차대사람 - 길가장자리구역통행중,안전운전불이행,건조,맑음,단일로 - 지하차도(도로)내,승용,여,64세,상해없음,보행자,남,48세,경상
2022051900100403,2022년 5월 19일 17시,목요일,강원도 화천군 상서면,중상사고,0,1,0,0,차대사람 - 횡단중,중앙선침범,건조,맑음,단일로 - 기타,승용,남,26세,상해없음,보행자,남,85세,중상
2022051900100439,2022년 5월 19일 18시,목요일,강원도 강릉시 입암동,경상사고,0,0,1,0,차대차 - 측면충돌,안전운전불이행,건조,맑음,교차로 - 교차로안,승용,여,29세,상해없음,승용,여,33세,경상
2022051900100440,2022년 5월 19일 18시,목요일,강원도 삼척시 사직동,중상사고,0,2,1,0,차대차 - 기타,안전운전불이행,건조,맑음,교차로 - 교차로안,화물,남,67세,상해없음,승용,남,31세,중상
2022051900100441,2022년 5월 19일 18시,목요일,강원도 화천군 간동면,경상사고,0,0,2,0,차대차 - 측면충돌,중앙선침범,건조,맑음,단일로 - 기타,화물,남,76세,상해없음,승합,남,66세,경상
2022051900100442,2022년 5월 19일 18시,목요일,강원도 고성군 토성면,경상사고,0,0,2,0,차대차 - 추돌,안전운전불이행,건조,맑음,교차로 - 교차로부근,승용,여,26세,상해없음,승용,남,58세,경상