사고번호,사고일시,요일,시군구,사고내용,사망자수,중상자수,경상자수,부상신고자수,사고유형,법규위반,노면상태,기상상태,도로형태,가해운전자 차종,가해운전자 성별,가해운전자 연령,가해운전자 상해정도,피해운전자 차종,피해운전자 성별,피해운전자 연령,피해운전자 상해정도
2022060200100116,2022년 6월 2일 09시,목요일,강원도 원주시 무실동,경상사고,0,0,1,0,차대차 - 정면충돌,신호위반,건조,맑음,교차로 - 교차로안,승용,여,64세,상해없음,승용,여,50세,경상
2022060200100117,2022년 6월 2일 09시,목요일,강원도 원주시 중앙동,경상사고,0,0,2,0,차대차 - 측면충돌,안전운전불이행,건조,맑음,단일로 - 기타,승용,남,57세,상해없음,승용,남,60세,경상
2022060200100118,2022년 6월 2일 09시,목요일,강원도 철원군 갈말읍,경상사고,0,0,3,0,차대차 - 기타,안전운전불이행,건조,맑음,교차로 - 교차로부근,승용,여,61세,상해없음,승용,여,45세,경상
2022060200100145,2022년 6월 2일 10시,목요일,강원도 춘천시 효자동,경상사고,0,0,1,0,차대차 - 측면충돌,안전운전불이행,건조,맑음,교차로 - 교차로부근,승용,남,58세,상해없음,승용,여,26세,경상
2022060200100146,2022년 6월 2일 10시,목요일,강원도 영월군 남면,사망사고,1,0,0,0,차량단독 - 공작물충돌,안전운전불이행,건조,맑음,단일로 - 기타,이륜,남,77세,사망,,,,
2022060200100147,2022년 6월 2일 10시,목요일,강원도 횡성군 횡성읍,중상사고,0,1,0,0,차대사람 - 기타,안전운전불이행,건조,맑음,교차로 - 교차로안,승용,남,78세,상해없음,보행자,남,46세,중상
2022060200100148,2022년 6월 2일 10시,목요일,강원도 양구군 양구읍,경상사고,0,0,1,0,차대차 - 측면충돌,안전운전불이행,건조,맑음,교차로 - 교차로안,이륜,남,55세,경상,승용,여,56세,상해없음
2022060200100179,2022년 6월 2일 11시,목요일,강원도 강릉시 포남동,경상사고,0,0,1,0,차대차 - 기타,안전운전불이행,건조,맑음,주차장 - 주차장,승용,남,34세,상해없음,승용,여,29세,경상
2022060200100209,2022년 6월 2일 12시,목요일,강원도 고성군 거진읍,경상사고,0,0,1,0,차대차 - 추돌,안전운전불이행,건조,맑음,교차로 - 교차로부근,승합,남,41세,상해없음,이륜,남,34세,경상
2022060200100241,2022년 6월 2일 13시,목요일,강원도 동해시 추암동,경상사고,0,0,1,0,차대차 - 측면충돌,직진우회전진행방해,건조,맑음,교차로 - 교차로안,승용,남,56세,상해없음,승용,남,66세,경상
2022060200100274,2022년 6월 2일 14시,목요일,강원도 고성군 토성면,경상사고,0,0,1,0,차대사람 - 기타,안전운전불이행,건조,맑음,주차장 - 주차장,승용,남,25세,상해없음,보행자,남,56세,경상
2022060200100355,2022년 6월 2일 16시,목요일,강원도 양양군 현북면,경상사고,0,0,1,0,차대사람 - 횡단중,안전운전불이행,건조,맑음,교차로 - 교차로부근,승용,남,50세,상해없음,보행자,남,11세,경상
2022060200100394,2022년 6월 2일 17시,목요일,강원도 강릉시 임당동,경상사고,0,0,1,0,차대사람 - 횡단중,보행자보호의무위반,건조,맑음,교차로 - 교차로부근,개인형이동수단(PM),남,14세,상해없음,보행자,여,26세,경상
2022060200100395,2022년 6월 2일 17시,목요일,강원도 강릉시 죽헌동,경상사고,0,0,1,0,차대차 - 기타,안전운전불이행,건조,맑음,기타 - 기타,승용,남,46세,상해없음,이륜,여,44세,경상
2022060200100445,2022년 6월 2일 18시,목요일,강원도 원주시 문막읍,경상사고,0,0,1,0,차대차 - 측면충돌,기타,건조,맑음,단일로 - 기타,승용,여,29세,상해없음,승용,남,25세,경상
2022060200100551,2022년 6월 2일 21시,목요일,강원도 춘천시 근화동,경상사고,0,0,1,0,차대사람 - 기타,안전운전불이행,건조,맑음,교차로 - 교차로부근,승용,남,23세,상해없음,보행자,남,61세,경상
2022060200100552,2022년 6월 2일 21시,목요일,강원도 춘천시 동내면,경상사고,0,0,1,0,차대차 - 기타,신호위반,건조,맑음,교차로 - 교차로안,승용,여,33세,상해없음,승용,남,43세,경상
2022060200100553,2022년 6월 2일 21시,목요일,강원도 정선군 정선읍,경상사고,0,0,1,0,차대차 - 측면충돌,차로위반,건조,맑음,단일로 - 기타,화물,남,61세,상해없음,이륜,남,21세,경상
2022060300100091,2022년 6월 3일 08시,금요일,강원도 춘천시 운교동,경상사고,0,0,1,0,차대차 - 기타,안전운전불이행,건조,맑음,교차로 - 교차로횡단보도내,승용,여,47세,상해없음,자전거,남,32세,경상
2022060300100128,2022년 6월 3일 09시,금요일,강원도 원주시 명륜동,경상사고,0,0,2,0,차대차 - 기타,차로위반,건조,맑음,단일로 - 기타,승용,남,29세,상해없음,승합,남,59세,상해없음
2022060300100129,2022년 6월 3일 09시,금요일,강원도 정선군 북평면,중상사고,0,1,0,0,차대차 - 기타,교차로운행방법위반,건조,맑음,교차로 - 교차로안,승용,여,35세,중상,화물,여,69세,상해없음
2022060300100130,2022년 6월 3일 09시,금요일,강원도 철원군 철원읍,중상사고,0,1,0,0,차대차 - 측면충돌,직진우회전진행방해,건조,맑음,교차로 - 교차로안,개인형이동수단(PM),남,18세,중상,승용,여,44세,상해없음
2022060300100170,2022년 6월 3일 10시,금요일,강원도 철원군 서면,중상사고,0,1,0,0,차대차 - 측면충돌,직진우회전진행방해,건조,맑음,교차로 - 교차로부근,원동기,남,82세,중상,승용,여,64세,상해없음
2022060300100222,2022년 6월 3일 11시,금요일,강원도 춘천시 온의동,중상사고,0,1,1,3,차대차 - 기타,신호위반,건조,맑음,교차로 - 교차로부근,승용,여,70세,상해없음,승용,남,29세,경상
2022060300100223,2022년 6월 3일 11시,금요일,강원도 춘천시 효자동,중상사고,0,1,1,0,차량단독 - 기타,안전운전불이행,건조,맑음,단일로 - 기타,승합,남,49세,상해없음,,,,
2022060300100257,2022년 6월 3일 12시,금요일,강원도 원주시 관설동,경상사고,0,0,1,0,차대차 - 측면충돌,안전운전불이행,건조,맑음,단일로 - 기타,화물,남,62세,상해없음,승용,남,25세,경상
2022060300100258,2022년 6월 3일 12시,금요일,강원도 홍천군 남면,중상사고,0,1,1,0,차량단독 - 도로외이탈 - 기타,안전운전불이행,건조,맑음,단일로 - 기타,승용,남,65세,경상,,,,
2022060300100278,2022년 6월 3일 13시,금요일,강원도 원주시 학성동,중상사고,0,1,0,0,차대차 - 추돌,안전운전불이행,건조,맑음,교차로 - 교차로부근,승용,남,55세,상해없음,승용,남,61세,중상
2022060300100314,2022년 6월 3일 14시,금요일,강원도 정선군 남면,중상사고,0,1,0,0,차대차 - 추돌,안전거리미확보,건조,맑음,단일로 - 기타,건설기계,남,41세,상해없음,승용,남,54세,중상
2022060300100315,2022년 6월 3일 14시,금요일,강원도 춘천시 남면,경상사고,0,0,3,2,차대차 - 추돌,안전거리미확보,건조,맑음,단일로 - 터널,화물,남,31세,상해없음,승용,남,44세,경상
2022060300100349,2022년 6월 3일 15시,금요일,강원도 강릉시 노암동,경상사고,0,0,2,0,차대차 - 추돌,안전운전불이행,건조,맑음,단일로 - 기타,승용,여,59세,상해없음,승용,여,37세,경상
2022060300100350,2022년 6월 3일 15시,금요일,강원도 강릉시 옥천동,경상사고,0,0,3,0,차대차 - 측면충돌,안전운전불이행,건조,맑음,교차로 - 교차로안,승용,여,53세,상해없음,승용,여,62세,경상
2022060300100351,2022년 6월 3일 15시,금요일,강원도 동해시 평릉동,경상사고,0,0,1,0,차대차 - 추돌,안전거리미확보,건조,맑음,교차로 - 교차로부근,건설기계,남,64세,상해없음,승용,여,57세,경상
2022060300100382,2022년 6월 3일 16시,금요일,강원도 춘천시 효자동,중상사고,0,1,0,0,차대차 - 기타,신호위반,건조,맑음,교차로 - 교차로안,승용,남,87세,상해없음,이륜,남,56세,중상
2022060300100383,2022년 6월 3일 16시,금요일,강원도 원주시 명륜동,경상사고,0,0,1,0,차대차 - 측면충돌,교차로운행방법위반,건조,맑음,교차로 - 교차로안,승용,남,54세,상해없음,승용,남,31세,경상
2022060300100384,2022년 6월 3일 16시,금요일,강원도 원주시 호저면,경상사고,0,0,1,0,차대차 - 측면충돌,안전운전불이행,건조,맑음,교차로 - 교차로부근,승용,남,61세,경상,승용,남,57세,상해없음
2022060300100385,2022년 6월 3일 16시,금요일,강원도 인제군 인제읍,중상사고,0,1,0,0,차량단독 - 도로외이탈 - 기타,안전운전불이행,건조,맑음,단일로 - 기타,승용,남,19세,상해없음,,,,
2022060300100430,2022년 6월 3일 17시,금요일,강원도 원주시 일산동,경상사고,0,0,1,1,차대차 - 측면충돌,안전운전불이행,건조,맑음,교차로 - 교차로안,승용,여,45세,부상신고,승용,남,38세,경상
2022060300100431,2022년 6월 3일 17시,금요일,강원도 고성군 거진읍,경상사고,0,0,1,0,차대사람 - 기타,안전운전불이행,건조,맑음,주차장 - 주차장,승용,남,61세,상해없음,보행자,여,54세,경상
2022060300100480,2022년 6월 3일 18시,금요일,강원도 춘천시 소양로1가,경상사고,0,0,1,0,차대사람 - 기타,보행자보호의무위반,건조,맑음,교차로 - 교차로횡단보도내,승용,남,58세,상해없음,보행자,여,29세,경상
2022060300100521,2022년 6월 3일 19시,금요일,강원도 춘천시 석사동,경상사고,0,0,1,0,차대차 - 기타,안전운전불이행,건조,맑음,교차로 - 교차로부근,화물,남,59세,상해없음,이륜,남,50세,경상
2022060300100522,2022년 6월 3일 19시,금요일,강원도 춘천시 후평동,경상사고,0,0,2,0,차대차 - 측면충돌,차로위반,건조,맑음,교차로 - 교차로부근,승용,남,48세,상해없음,승용,여,29세,경상
2022060300100554,2022년 6월 3일 20시,금요일,강원도 강릉시 성남동,경상사고,0,0,2,0,차대차 - 기타,안전운전불이행,건조,맑음,기타 - 기타,승용,여,68세,상해없음,승용,남,27세,경상
2022060300100584,2022년 6월 3일 21시,금요일,강원도 원주시 단계동,경상사고,0,0,1,0,차대사람 - 차도통행중,안전운전불이행,건조,맑음,단일로 - 기타,승합,남,68세,상해없음,보행자,여,26세,경상
2022060300100616,2022년 6월 3일 22시,금요일,강원도 원주시 우산동,경상사고,0,0,1,0,차대차 - 추돌,안전운전불이행,건조,맑음,교차로 - 교차로안,승용,남,58세,상해없음,승용,여,49세,경상
2022060300100617,2022년 6월 3일 22시,금요일,강원도 홍천군 홍천읍,중상사고,0,1,1,0,차대사람 - 횡단중,안전운전불이행,건조,맑음,교차로 - 교차로부근,승용,여,48세,상해없음,보행자,남,40세,중상
2022060400100007,2022년 6월 4일 00시,토요일,강원도 춘천시 석사동,경상사고,0,0,2,0,차대차 - 측면충돌,신호위반,건조,맑음,교차로 - 교차로안,승용,남,30세,상해없음,승용,남,44세,경상
2022060400100032,2022년 6월 4일 01시,토요일,강원도 원주시 단계동,경상사고,0,0,2,0,차대차 - 정면충돌,신호위반,건조,맑음,교차로 - 교차로안,승용,여,36세,기타불명,승용,남,61세,경상
2022060400100081,2022년 6월 4일 06시,토요일,강원도 강릉시 성내동,경상사고,0,0,1,0,차대차 - 정면충돌,중앙선침범,건조,맑음,교차로 - 교차로부근,승용,남,41세,상해없음,화물,남,57세,경상
2022060400100161,2022년 6월 4일 10시,토요일,강원도 원주시 행구동,중상사고,0,1,0,0,차대사람 - 차도통행중,중앙선침범,건조,맑음,단일로 - 기타,승용,여,26세,상해없음,보행자,여,64세,중상
2022060400100162,2022년 6월 4일 10시,토요일,강원도 원주시 호저면,부상신고사고,0,0,0,1,차대차 - 추돌,안전거리미확보,건조,맑음,단일로 - 기타,승용,남,73세,상해없음,승용,여,54세,부상신고
2022060400100213,2022년 6월 4일 11시,토요일,강원도 강릉시 교동,경상사고,0,0,1,0,차대차 - 정면충돌,신호위반,건조,맑음,교차로 - 교차로안,승용,남,51세,상해없음,승용,여,22세,경상
2022060400100214,2022년 6월 4일 11시,토요일,강원도 속초시 금호동,중상사고,0,1,0,0,차대차 - 측면충돌,안전운전불이행,건조,맑음,교차로 - 교차로부근,승용,남,38세,상해없음,이륜,남,49세,중상
2022060400100249,2022년 6월 4일 12시,토요일,강원도 춘천시 퇴계동,경상사고,0,0,1,0,차대사람 - 횡단중,보행자보호의무위반,건조,맑음,교차로 - 교차로횡단보도내,승용,남,38세,상해없음,보행자,남,24세,경상
2022060400100250,2022년 6월 4일 12시,토요일,강원도 강릉시 교동,경상사고,0,0,1,0,차대차 - 측면충돌,안전운전불이행,건조,맑음,교차로 - 교차로안,승용,여,66세,상해없음,이륜,남,20세,경상
2022060400100251,2022년 6월 4일 12시,토요일,강원도 원주시 태장동,경상사고,0,0,2,0,차대차 - 기타,안전거리미확보,건조,맑음,교차로 - 교차로안,승용,남,66세,상해없음,승용,여,51세,경상
2022060400100286,2022년 6월 4일 13시,토요일,강원도 춘천시 퇴계동,부상신고사고,0,0,0,2,차대차 - 기타,안전거리미확보,건조,맑음,교차로 - 교차로부근,승용,남,44세,상해없음,승용,남,59세,부상신고
2022060400100287,2022년 6월 4일 13시,토요일,강원도 철원군 갈말읍,중상사고,0,1,1,0,차대차 - 측면충돌,신호위반,건조,맑음,교차로 - 교차로안,승용,여,32세,상해없음,승용,남,26세,경상
2022060400100356,2022년 6월 4일 15시,토요일,강원도 원주시 지정면,경상사고,0,0,1,0,차대차 - 기타,안전운전불이행,건조,맑음,기타 - 기타,승용,남,62세,상해없음,화물,남,43세,경상
2022060400100357,2022년 6월 4일 15시,토요일,강원도 평창군 대화면,경상사고,0,0,2,0,차대차 - 정면충돌,중앙선침범,건조,맑음,단일로 - 지하차도(도로)내,승용,남,43세,상해없음,승용,남,29세,경상
2022060400100382,2022년 6월 4일 16시,토요일,강원도 강릉시 남문동,경상사고,0,0,2,0,차대차 - 추돌,안전운전불이행,건조,맑음,기타 - 기타,승용,남,71세,기타불명,승용,남,70세,상해없음
2022060400100383,2022년 6월 4일 16시,토요일,강원도 인제군 인제읍,경상사고,0,0,1,0,차대차 - 측면충돌,안전운전불이행,건조,맑음,단일로 - 터널,승용,남,70세,상해없음,자전거,남,61세,경상
2022060400100384,2022년 6월 4일 16시,토요일,강원도 춘천시 남산면,경상사고,0,0,6,0,차대차 - 추돌,안전거리미확보,건조,맑음,단일로 - 터널,승용,남,32세,경상,승용,남,30세,경상
2022060400100418,2022년 6월 4일 17시,토요일,강원도 동해시 효가동,경상사고,0,0,2,1,차대차 - 추돌,안전운전불이행,건조,맑음,단일로 - 기타,화물,남,53세,상해없음,승용,남,39세,상해없음
2022060400100529,2022년 6월 4일 21시,토요일,강원도 원주시 문막읍,경상사고,0,0,1,0,차대차 - 측면충돌,신호위반,건조,흐림,교차로 - 교차로안,승용,여,29세,상해없음,승용,남,64세,경상
2022060400100582,2022년 6월 4일 23시,토요일,강원도 강릉시 옥천동,경상사고,0,0,1,0,차대사람 - 차도통행중,안전운전불이행,건조,맑음,단일로 - 기타,승용,남,32세,상해없음,보행자,여,59세,경상
2022060400100583,2022년 6월 4일 23시,토요일,강원도 정선군 임계면,경상사고,0,0,2,0,차대차 - 추돌,안전운전불이행,건조,맑음,단일로 - 교량,화물,남,19세,상해없음,승용,남,52세,경상
2022060500100026,2022년 6월 5일 02시,일요일,강원도 속초시 조양동,중상사고,0,1,1,0,차대차 - 측면충돌,안전운전불이행,젖음/습기,흐림,단일로 - 지하차도(도로)내,승용,남,37세,상해없음,승합,남,49세,중상
2022060500100072,2022년 6월 5일 08시,일요일,강원도 춘천시 우두동,경상사고,0,0,1,0,차대차 - 측면충돌,신호위반,건조,맑음,교차로 - 교차로안,승용,여,27세,상해없음,승용,여,52세,경상
2022060500100102,2022년 6월 5일 10시,일요일,강원도 춘천시 동면,경상사고,0,0,2,0,차대차 - 기타,교차로운행방법위반,건조,맑음,교차로 - 교차로안,승용,여,72세,상해없음,승용,남,40세,경상
2022060500100118,2022년 6월 5일 11시,일요일,강원도 속초시 조양동,경상사고,0,0,2,0,차대차 - 추돌,안전운전불이행,건조,맑음,교차로 - 교차로부근,이륜,남,58세,상해없음,승용,남,59세,상해없음
2022060500100119,2022년 6월 5일 11시,일요일,강원도 양양군 양양읍,사망사고,1,0,0,0,차대차 - 측면충돌,안전운전불이행,건조,흐림,단일로 - 기타,승용,남,75세,상해없음,원동기,남,83세,사망
2022060500100143,2022년 6월 5일 12시,일요일,강원도 속초시 도문동,중상사고,0,1,0,0,차대차 - 측면충돌,직진우회전진행방해,건조,맑음,교차로 - 교차로안,화물,남,23세,상해없음,이륜,남,85세,중상
2022060500100144,2022년 6월 5일 12시,일요일,강원도 평창군 봉평면,중상사고,0,4,0,2,차대차 - 추돌,안전거리미확보,건조,맑음,단일로 - 터널,승용,남,54세,상해없음,승용,남,61세,중상
2022060500100175,2022년 6월 5일 13시,일요일,강원도 평창군 용평면,경상사고,0,0,2,0,차대차 - 후진중충돌,안전운전불이행,건조,맑음,기타 - 기타,승용,남,50세,상해없음,승용,여,26세,경상
2022060500100207,2022년 6월 5일 14시,일요일,강원도 정선군 사북읍,중상사고,0,1,1,0,차대차 - 기타,직진우회전진행방해,건조,맑음,교차로 - 교차로안,승용,남,61세,중상,승용,남,42세,경상
2022060500100208,2022년 6월 5일 14시,일요일,강원도 고성군 거진읍,경상사고,0,0,2,0,차대차 - 측면충돌,중앙선침범,건조,맑음,교차로 - 교차로부근,승용,남,43세,상해없음,승용,여,37세,경상
2022060500100233,2022년 6월 5일 15시,일요일,강원도 원주시 단구동,경상사고,0,0,1,0,차대차 - 측면충돌,중앙선침범,건조,맑음,단일로 - 기타,승용,여,46세,상해없음,개인형이동수단(PM),남,50세,경상
2022060500100234,2022년 6월 5일 15시,일요일,강원도 평창군 봉평면,중상사고,0,1,8,2,차대차 - 추돌,안전거리미확보,건조,맑음,단일로 - 터널,승용,남,53세,경상,승용,여,48세,경상
2022060500100282,2022년 6월 5일 17시,일요일,강원도 춘천시 우두동,경상사고,0,0,1,0,차대차 - 측면충돌,기타,건조,맑음,단일로 - 기타,승용,남,30세,상해없음,화물,남,57세,경상
2022060500100283,2022년 6월 5일 17시,일요일,강원도 춘천시 남산면,경상사고,0,0,1,0,차량단독 - 전도전복 - 전복,안전운전불이행,건조,맑음,기타 - 기타,사륜오토바이(ATV),남,23세,경상,,,,
2022060500100309,2022년 6월 5일 18시,일요일,강원도 강릉시 박월동,경상사고,0,0,2,0,차대차 - 추돌,안전운전불이행,젖음/습기,비,교차로 - 교차로부근,승용,여,40세,기타불명,승용,남,43세,경상
2022060500100340,2022년 6월 5일 19시,일요일,강원도 원주시 명륜동,경상사고,0,0,1,0,차대차 - 측면충돌,직진우회전진행방해,건조,맑음,교차로 - 교차로안,승용,남,41세,경상,승합,남,55세,상해없음
2022060500100437,2022년 6월 5일 23시,일요일,강원도 강릉시 성남동,경상사고,0,0,1,0,차대사람 - 기타,안전운전불이행,건조,흐림,기타 - 기타,승용,남,21세,상해없음,보행자,여,27세,경상
2022060600100041,2022년 6월 6일 03시,월요일,강원도 삼척시 도계읍,경상사고,0,0,1,0,차대사람 - 차도통행중,안전운전불이행,젖음/습기,비,단일로 - 기타,승용,남,40세,상해없음,보행자,여,65세,경상
2022060600100067,2022년 6월 6일 07시,월요일,강원도 화천군 화천읍,경상사고,0,0,1,0,차대차 - 측면충돌,교차로운행방법위반,건조,맑음,교차로 - 교차로안,승용,남,60세,상해없음,승용,여,42세,경상
2022060600100078,2022년 6월 6일 08시,월요일,강원도 원주시 귀래면,경상사고,0,0,2,0,차대차 - 추돌,안전거리미확보,젖음/습기,비,단일로 - 기타,승용,여,31세,상해없음,승용,남,25세,경상
2022060600100101,2022년 6월 6일 09시,월요일,강원도 원주시 단계동,경상사고,0,0,3,0,차대차 - 정면충돌,중앙선침범,건조,맑음,교차로 - 교차로부근,승용,여,52세,상해없음,승용,남,56세,경상
2022060600100117,2022년 6월 6일 10시,월요일,강원도 춘천시 석사동,중상사고,0,1,0,0,차대차 - 추돌,안전운전불이행,건조,맑음,교차로 - 교차로부근,승용,남,60세,상해없음,화물,남,60세,중상
2022060600100118,2022년 6월 6일 10시,월요일,강원도 강릉시 교동,경상사고,0,0,1,0,차대차 - 후진중충돌,안전운전불이행,건조,맑음,기타 - 기타,승용,남,79세,상해없음,승용,남,47세,경상
2022060600100119,2022년 6월 6일 10시,월요일,강원도 속초시 도문동,경상사고,0,0,1,0,차대차 - 측면충돌,안전운전불이행,젖음/습기,비,교차로 - 교차로안,승용,남,28세,상해없음,승용,여,70세,경상
2022060600100157,2022년 6월 6일 12시,월요일,강원도 원주시 단계동,중상사고,0,1,1,0,차대차 - 기타,직진우회전진행방해,건조,맑음,교차로 - 교차로안,승용,여,48세,상해없음,승용,여,43세,중상
2022060600100158,2022년 6월 6일 12시,월요일,강원도 태백시 화전동,경상사고,0,0,5,0,차대차 - 기타,직진우회전진행방해,젖음/습기,비,교차로 - 교차로안,승용,남,40세,상해없음,승용,남,37세,경상
2022060600100159,2022년 6월 6일 12시,월요일,강원도 횡성군 둔내면,경상사고,0,0,4,0,차대차 - 추돌,안전운전불이행,건조,흐림,단일로 - 기타,승용,기타불명,미분류,기타불명,승용,남,35세,경상
2022060600100188,2022년 6월 6일 13시,월요일,강원도 춘천시 퇴계동,경상사고,0,0,1,0,차대사람 - 기타,안전운전불이행,건조,맑음,단일로 - 기타,승용,남,32세,상해없음,보행자,남,36세,경상
2022060600100189,2022년 6월 6일 13시,월요일,강원도 동해시 이도동,경상사고,0,0,1,0,차대차 - 측면충돌,안전운전불이행,건조,맑음,단일로 - 기타,승용,여,25세,상해없음,승용,남,62세,경상
2022060600100222,2022년 6월 6일 14시,월요일,강원도 양양군 현남면,경상사고,0,0,3,0,차대차 - 측면충돌,신호위반,젖음/습기,흐림,교차로 - 교차로안,화물,남,63세,상해없음,승용,여,29세,경상
2022060600100256,2022년 6월 6일 15시,월요일,강원도 영월군 무릉도원면,중상사고,0,1,0,0,차대차 - 측면충돌,중앙선침범,건조,맑음,단일로 - 기타,승용,여,67세,상해없음,이륜,남,67세,중상
2022060600100257,2022년 6월 6일 15시,월요일,강원도 횡성군 안흥면,경상사고,0,0,2,0,차대차 - 기타,중앙선침범,건조,맑음,단일로 - 기타,승용,남,36세,상해없음,승용,남,28세,경상
2022060600100358,2022년 6월 6일 18시,월요일,강원도 속초시 조양동,경상사고,0,0,1,0,차대차 - 추돌,안전운전불이행,젖음/습기,비,교차로 - 교차로부근,승용,남,51세,상해없음,승용,남,51세,경상
2022060600100385,2022년 6월 6일 19시,월요일,강원도 원주시 단계동,경상사고,0,0,1,0,차대사람 - 횡단중,보행자보호의무위반,건조,맑음,교차로 - 교차로횡단보도내,승용,여,28세,상해없음,보행자,남,69세,경상
2022060600100411,2022년 6월 6일 20시,월요일,강원도 동해시 천곡동,경상사고,0,0,5,0,차대차 - 기타,교차로운행방법위반,젖음/습기,비,교차로 - 교차로안,승용,여,49세,경상,승용,남,46세,경상
2022060600100463,2022년 6월 6일 22시,월요일,강원도 원주시 단구동,중상사고,0,1,0,0,차대차 - 측면충돌,신호위반,건조,흐림,교차로 - 교차로안,승용,여,44세,상해없음,승용,남,65세,중상
2022060600100479,2022년 6월 6일 23시,월요일,강원도 동해시 발한동,경상사고,0,0,3,0,차대차 - 측면충돌,안전운전불이행,젖음/습기,비,단일로 - 교량,승용,남,28세,상해없음,승합,남,38세,경상
2022060700100031,2022년 6월 7일 06시,화요일,강원도 춘천시 신동면,중상사고,0,2,0,0,차대차 - 정면충돌,교차로운행방법위반,건조,맑음,교차로 - 교차로안,승용,남,45세,상해없음,승용,남,62세,중상
2022060700100101,2022년 6월 7일 08시,화요일,강원도 춘천시 낙원동,경상사고,0,0,2,0,차대차 - 측면충돌,안전운전불이행,건조,맑음,교차로 - 교차로안,승용,남,75세,경상,승용,여,47세,경상
2022060700100102,2022년 6월 7일 08시,화요일,강원도 춘천시 근화동,중상사고,0,1,0,0,차대차 - 기타,안전운전불이행,건조,맑음,교차로 - 교차로안,승용,여,29세,상해없음,승용,남,28세,중상
2022060700100103,2022년 6월 7일 08시,화요일,강원도 춘천시 온의동,경상사고,0,0,1,0,차대사람 - 횡단중,보행자보호의무위반,건조,맑음,교차로 - 교차로횡단보도내,승용,여,51세,상해없음,보행자,여,61세,경상
2022060700100140,2022년 6월 7일 09시,화요일,강원도 춘천시 석사동,경상사고,0,0,2,1,차대차 - 측면충돌,기타,건조,맑음,단일로 - 기타,건설기계,남,64세,상해없음,승용,남,64세,경상
2022060700100141,2022년 6월 7일 09시,화요일,강원도 고성군 간성읍,경상사고,0,0,1,0,차대차 - 측면충돌,직진우회전진행방해,건조,맑음,교차로 - 교차로안,승합,남,69세,상해없음,승용,남,28세,경상
2022060700100172,2022년 6월 7일 10시,화요일,강원도 홍천군 화촌면,부상신고사고,0,0,0,1,차량단독 - 전도전복 - 전도,안전운전불이행,건조,맑음,단일로 - 기타,자전거,여,37세,부상신고,,,,
2022060700100203,2022년 6월 7일 11시,화요일,강원도 속초시 대포동,경상사고,0,0,4,0,차대차 - 추돌,안전거리미확보,젖음/습기,비,단일로 - 기타,승용,남,42세,상해없음,승용,남,37세,경상
2022060700100225,2022년 6월 7일 12시,화요일,강원도 삼척시 성북동,경상사고,0,0,2,0,차대차 - 추돌,안전운전불이행,기타,맑음,단일로 - 기타,승용,여,28세,상해없음,승용,남,69세,경상
2022060700100281,2022년 6월 7일 14시,화요일,강원도 원주시 태장동,중상사고,0,1,0,0,차대차 - 추돌,안전운전불이행,건조,맑음,단일로 - 기타,화물,남,61세,상해없음,승용,남,39세,중상
2022060700100346,2022년 6월 7일 16시,화요일,강원도 춘천시 석사동,중상사고,0,1,0,0,차대차 - 기타,신호위반,건조,맑음,교차로 - 교차로안,승용,남,50세,상해없음,원동기,남,64세,중상
2022060700100347,2022년 6월 7일 16시,화요일,강원도 정선군 정선읍,중상사고,0,1,1,0,차대차 - 기타,중앙선침범,건조,맑음,단일로 - 기타,화물,남,46세,상해없음,승합,남,52세,상해없음
2022060700100395,2022년 6월 7일 17시,화요일,강원도 강릉시 홍제동,경상사고,0,0,2,0,차대차 - 기타,안전운전불이행,건조,맑음,교차로 - 교차로안,승용,여,47세,경상,승용,남,28세,경상
2022060700100396,2022년 6월 7일 17시,화요일,강원도 원주시 태장동,경상사고,0,0,1,0,차대차 - 정면충돌,안전운전불이행,건조,맑음,단일로 - 기타,화물,남,61세,상해없음,승용,남,51세,경상
2022060700100456,2022년 6월 7일 19시,화요일,강원도 춘천시 석사동,부상신고사고,0,0,0,1,차대사람 - 기타,안전운전불이행,건조,맑음,단일로 - 기타,승용,여,50세,기타불명,보행자,여,13세,부상신고
2022060700100457,2022년 6월 7일 19시,화요일,강원도 강릉시 죽헌동,중상사고,0,1,0,0,차대차 - 측면충돌,안전운전불이행,건조,맑음,단일로 - 기타,승용,남,33세,상해없음,승용,남,26세,중상
2022060700100458,2022년 6월 7일 19시,화요일,강원도 원주시 흥업면,중상사고,0,1,0,0,차대차 - 측면충돌,안전거리미확보,건조,맑음,단일로 - 기타,화물,남,53세,상해없음,이륜,남,61세,중상
2022060700100574,2022년 6월 7일 23시,화요일,강원도 춘천시 효자동,경상사고,0,0,1,0,차대차 - 기타,안전운전불이행,건조,맑음,단일로 - 기타,승용,남,49세,상해없음,승용,남,33세,경상
2022060800100043,2022년 6월 8일 05시,수요일,강원도 속초시 교동,사망사고,1,1,0,0,차량단독 - 기타,안전운전불이행,건조,맑음,단일로 - 기타,이륜,남,17세,사망,,,,
2022060800100096,2022년 6월 8일 08시,수요일,강원도 춘천시 효자동,경상사고,0,0,1,0,차대사람 - 횡단중,보행자보호의무위반,건조,맑음,단일로 - 기타,기타불명,기타불명,미분류,기타불명,보행자,여,20세,경상
2022060800100249,2022년 6월 8일 13시,수요일,강원도 삼척시 교동,경상사고,0,0,2,0,차대차 - 측면충돌,안전거리미확보,건조,맑음,단일로 - 기타,화물,남,69세,상해없음,승용,남,38세,경상