사고번호,사고일시,요일,시군구,사고내용,사망자수,중상자수,경상자수,부상신고자수,사고유형,법규위반,노면상태,기상상태,도로형태,가해운전자 차종,가해운전자 성별,가해운전자 연령,가해운전자 상해정도,피해운전자 차종,피해운전자 성별,피해운전자 연령,피해운전자 상해정도
2022062100100423,2022년 6월 21일 17시,화요일,강원도 속초시 교동,경상사고,0,0,1,0,차대차 - 측면충돌,신호위반,건조,맑음,교차로 - 교차로안,화물,남,59세,상해없음,이륜,남,30세,경상
2022062100100424,2022년 6월 21일 17시,화요일,강원도 횡성군 횡성읍,경상사고,0,0,1,0,차대사람 - 차도통행중,안전운전불이행,건조,맑음,단일로 - 기타,이륜,남,20세,상해없음,보행자,여,9세,경상
2022062100100470,2022년 6월 21일 18시,화요일,강원도 춘천시 동내면,경상사고,0,0,1,0,차대차 - 측면충돌,직진우회전진행방해,건조,맑음,교차로 - 교차로안,승용,남,61세,상해없음,자전거,남,70세,경상
2022062100100605,2022년 6월 21일 23시,화요일,강원도 원주시 일산동,경상사고,0,0,1,0,차대차 - 측면충돌,교차로운행방법위반,건조,맑음,교차로 - 교차로안,원동기,남,41세,상해없음,승용,여,30세,경상
2022062200100021,2022년 6월 22일 02시,수요일,강원도 강릉시 옥천동,경상사고,0,0,1,0,차대차 - 정면충돌,안전운전불이행,건조,맑음,교차로 - 교차로안,승용,남,22세,상해없음,승용,남,20세,경상
2022062200100103,2022년 6월 22일 08시,수요일,강원도 강릉시 홍제동,경상사고,0,0,1,0,차대차 - 측면충돌,안전운전불이행,건조,맑음,교차로 - 교차로안,승용,여,52세,상해없음,승용,여,57세,경상
2022062200100104,2022년 6월 22일 08시,수요일,강원도 원주시 태장동,경상사고,0,0,2,0,차대차 - 측면충돌,교차로운행방법위반,건조,맑음,교차로 - 교차로안,승용,남,71세,기타불명,승용,여,42세,경상
2022062200100105,2022년 6월 22일 08시,수요일,강원도 홍천군 북방면,경상사고,0,0,1,1,차대차 - 정면충돌,안전운전불이행,건조,맑음,주차장 - 주차장,승용,여,29세,부상신고,승용,남,50세,경상
2022062200100106,2022년 6월 22일 08시,수요일,강원도 철원군 갈말읍,경상사고,0,0,2,0,차대차 - 측면충돌,직진우회전진행방해,건조,맑음,교차로 - 교차로안,승용,여,59세,경상,승용,여,64세,경상
2022062200100184,2022년 6월 22일 10시,수요일,강원도 원주시 명륜동,경상사고,0,0,3,0,차대차 - 추돌,안전거리미확보,건조,맑음,교차로 - 교차로부근,승용,남,37세,상해없음,승용,남,45세,경상
2022062200100211,2022년 6월 22일 11시,수요일,강원도 원주시 관설동,경상사고,0,0,2,0,차대차 - 측면충돌,직진우회전진행방해,건조,맑음,교차로 - 교차로안,화물,남,37세,기타불명,승용,남,48세,경상
2022062200100271,2022년 6월 22일 13시,수요일,강원도 춘천시 남산면,경상사고,0,0,1,0,차대차 - 기타,안전운전불이행,건조,맑음,미분류 - 미분류,기타불명,기타불명,미분류,기타불명,이륜,여,70세,경상
2022062200100385,2022년 6월 22일 16시,수요일,강원도 강릉시 교동,중상사고,0,1,0,0,차대차 - 측면충돌,안전운전불이행,건조,맑음,기타 - 기타,승용,여,62세,상해없음,화물,남,50세,중상
2022062200100386,2022년 6월 22일 16시,수요일,강원도 평창군 평창읍,중상사고,0,1,0,0,차대사람 - 길가장자리구역통행중,안전운전불이행,건조,맑음,주차장 - 주차장,화물,남,59세,상해없음,보행자,여,78세,중상
2022062200100431,2022년 6월 22일 17시,수요일,강원도 강릉시 유천동,경상사고,0,0,1,0,차대차 - 측면충돌,안전운전불이행,건조,맑음,교차로 - 교차로안,승용,남,71세,상해없음,승용,여,32세,경상
2022062200100432,2022년 6월 22일 17시,수요일,강원도 원주시 단구동,중상사고,0,1,0,0,차대사람 - 기타,안전운전불이행,건조,맑음,기타 - 기타,개인형이동수단(PM),남,14세,상해없음,보행자,여,9세,중상
2022062200100433,2022년 6월 22일 17시,수요일,강원도 태백시 황지동,경상사고,0,0,1,0,차대차 - 측면충돌,교차로운행방법위반,건조,맑음,교차로 - 교차로안,승용,여,50세,상해없음,승용,여,56세,경상
2022062200100434,2022년 6월 22일 17시,수요일,강원도 인제군 인제읍,중상사고,0,1,1,0,차대차 - 측면충돌,안전운전불이행,건조,맑음,교차로 - 교차로안,승용,남,50세,상해없음,화물,남,51세,중상
2022062200100490,2022년 6월 22일 18시,수요일,강원도 춘천시 죽림동,중상사고,0,1,0,0,차대차 - 후진중충돌,안전운전불이행,건조,맑음,기타 - 기타,화물,남,69세,상해없음,화물,여,48세,중상
2022062200100491,2022년 6월 22일 18시,수요일,강원도 원주시 태장동,경상사고,0,0,1,0,차대차 - 기타,교차로운행방법위반,건조,맑음,교차로 - 교차로안,승용,여,32세,상해없음,승용,남,65세,경상
2022062200100528,2022년 6월 22일 19시,수요일,강원도 인제군 상남면,경상사고,0,0,1,0,차량단독 - 공작물충돌,안전운전불이행,건조,맑음,단일로 - 기타,이륜,남,64세,경상,,,,
2022062200100584,2022년 6월 22일 21시,수요일,강원도 영월군 영월읍,경상사고,0,0,1,0,차대차 - 측면충돌,교차로운행방법위반,건조,맑음,교차로 - 교차로안,승용,여,52세,상해없음,승용,여,33세,경상
2022062200100585,2022년 6월 22일 21시,수요일,강원도 홍천군 홍천읍,경상사고,0,0,1,0,차대차 - 측면충돌,안전운전불이행,건조,맑음,교차로 - 교차로안,원동기,남,64세,경상,화물,남,47세,상해없음
2022062300100005,2022년 6월 23일 00시,목요일,강원도 강릉시 강문동,경상사고,0,0,5,0,차대차 - 측면충돌,신호위반,건조,흐림,교차로 - 교차로안,승용,여,24세,상해없음,승용,남,24세,경상
2022062300100119,2022년 6월 23일 08시,목요일,강원도 춘천시 우두동,경상사고,0,0,1,0,차대차 - 기타,안전운전불이행,젖음/습기,비,단일로 - 기타,승용,남,36세,상해없음,자전거,남,62세,경상
2022062300100120,2022년 6월 23일 08시,목요일,강원도 인제군 남면,경상사고,0,0,2,0,차대차 - 측면충돌,안전운전불이행,건조,맑음,단일로 - 기타,화물,남,58세,상해없음,승용,여,47세,경상
2022062300100203,2022년 6월 23일 11시,목요일,강원도 영월군 무릉도원면,중상사고,0,1,1,0,차대차 - 측면충돌,교차로운행방법위반,건조,맑음,교차로 - 교차로안,승용,남,74세,상해없음,승용,남,79세,중상
2022062300100233,2022년 6월 23일 12시,목요일,강원도 평창군 방림면,경상사고,0,0,2,0,차대차 - 측면충돌,기타,건조,맑음,교차로 - 교차로안,승용,남,32세,경상,화물,여,60세,경상
2022062300100269,2022년 6월 23일 13시,목요일,강원도 원주시 문막읍,중상사고,0,1,1,0,차대차 - 측면충돌,안전운전불이행,젖음/습기,비,교차로 - 교차로안,화물,남,59세,상해없음,화물,남,58세,경상
2022062300100270,2022년 6월 23일 13시,목요일,강원도 원주시 관설동,경상사고,0,0,1,0,차량단독 - 기타,기타,건조,맑음,교차로 - 교차로안,승합,남,61세,상해없음,,,,
2022062300100357,2022년 6월 23일 16시,목요일,강원도 원주시 반곡동,경상사고,0,0,2,0,차대차 - 측면충돌,직진우회전진행방해,건조,맑음,교차로 - 교차로안,승용,여,48세,경상,화물,남,44세,경상
2022062300100358,2022년 6월 23일 16시,목요일,강원도 속초시 교동,중상사고,0,1,0,0,차대사람 - 횡단중,보행자보호의무위반,젖음/습기,비,단일로 - 기타,승합,여,50세,상해없음,보행자,남,11세,중상
2022062300100359,2022년 6월 23일 16시,목요일,강원도 속초시 교동,경상사고,0,0,1,0,차대사람 - 차도통행중,안전운전불이행,젖음/습기,비,주차장 - 주차장,승용,남,56세,상해없음,보행자,여,15세,경상
2022062300100396,2022년 6월 23일 17시,목요일,강원도 춘천시 운교동,부상신고사고,0,0,0,1,차대차 - 측면충돌,교차로운행방법위반,건조,맑음,교차로 - 교차로안,승용,남,26세,상해없음,승용,여,56세,부상신고
2022062300100397,2022년 6월 23일 17시,목요일,강원도 춘천시 퇴계동,경상사고,0,0,1,0,차대차 - 측면충돌,안전운전불이행,건조,맑음,교차로 - 교차로안,승용,남,24세,상해없음,승용,남,25세,경상
2022062300100398,2022년 6월 23일 17시,목요일,강원도 양양군 양양읍,사망사고,2,0,0,0,차대차 - 측면충돌,신호위반,젖음/습기,비,교차로 - 교차로부근,승합,남,54세,상해없음,화물,남,48세,사망
2022062300100445,2022년 6월 23일 18시,목요일,강원도 춘천시 사농동,부상신고사고,0,0,0,1,차대차 - 추돌,안전거리미확보,건조,맑음,단일로 - 기타,승용,남,40세,상해없음,승용,여,49세,상해없음
2022062300100446,2022년 6월 23일 18시,목요일,강원도 원주시 단구동,경상사고,0,0,1,0,차대차 - 측면충돌,안전운전불이행,젖음/습기,흐림,단일로 - 기타,승용,여,54세,상해없음,이륜,남,17세,경상
2022062300100497,2022년 6월 23일 19시,목요일,강원도 춘천시 효자동,경상사고,0,0,3,0,차대차 - 기타,신호위반,건조,맑음,교차로 - 교차로안,승용,남,63세,상해없음,승용,여,46세,경상
2022062300100536,2022년 6월 23일 20시,목요일,강원도 춘천시 효자동,중상사고,0,1,0,0,차대차 - 측면충돌,안전운전불이행,젖음/습기,비,교차로 - 교차로부근,승용,남,61세,중상,승용,남,35세,상해없음
2022062300100537,2022년 6월 23일 20시,목요일,강원도 춘천시 효자동,경상사고,0,0,1,0,차대사람 - 횡단중,보행자보호의무위반,젖음/습기,비,교차로 - 교차로횡단보도내,화물,남,63세,상해없음,보행자,남,51세,경상
2022062300100538,2022년 6월 23일 20시,목요일,강원도 춘천시 온의동,중상사고,0,1,0,0,차대사람 - 횡단중,신호위반,젖음/습기,비,교차로 - 교차로안,이륜,남,43세,상해없음,보행자,남,34세,중상
2022062300100617,2022년 6월 23일 22시,목요일,강원도 춘천시 효자동,경상사고,0,0,1,0,차대차 - 측면충돌,신호위반,건조,맑음,교차로 - 교차로안,승용,여,66세,상해없음,승용,남,29세,경상
2022062300100618,2022년 6월 23일 22시,목요일,강원도 춘천시 온의동,경상사고,0,0,2,0,차대차 - 측면충돌,신호위반,젖음/습기,비,교차로 - 교차로안,승용,여,48세,상해없음,승용,남,72세,경상
2022062300100619,2022년 6월 23일 22시,목요일,강원도 속초시 교동,중상사고,0,1,2,0,차대차 - 정면충돌,신호위반,젖음/습기,비,교차로 - 교차로안,승용,남,32세,상해없음,승용,여,55세,중상
2022062300100649,2022년 6월 23일 23시,목요일,강원도 춘천시 퇴계동,경상사고,0,0,2,0,차대차 - 기타,신호위반,젖음/습기,비,교차로 - 교차로안,승용,여,36세,상해없음,승용,여,31세,경상
2022062400100014,2022년 6월 24일 00시,금요일,강원도 평창군 진부면,경상사고,0,0,2,0,차대차 - 추돌,안전운전불이행,젖음/습기,비,교차로 - 교차로부근,승용,남,59세,상해없음,승용,남,47세,경상
2022062400100028,2022년 6월 24일 01시,금요일,강원도 춘천시 석사동,경상사고,0,0,1,0,차대차 - 추돌,안전운전불이행,젖음/습기,비,단일로 - 기타,승용,남,29세,상해없음,승용,남,49세,경상
2022062400100065,2022년 6월 24일 05시,금요일,강원도 원주시 학성동,경상사고,0,0,1,0,차대차 - 추돌,안전운전불이행,건조,맑음,단일로 - 기타,승용,여,37세,상해없음,승용,남,59세,경상
2022062400100066,2022년 6월 24일 05시,금요일,강원도 속초시 노학동,중상사고,0,1,0,0,차대차 - 측면충돌,신호위반,건조,흐림,교차로 - 교차로안,승용,남,63세,상해없음,승용,남,47세,중상
2022062400100093,2022년 6월 24일 07시,금요일,강원도 화천군 화천읍,경상사고,0,0,1,0,차대차 - 측면충돌,중앙선침범,건조,맑음,단일로 - 기타,화물,남,73세,상해없음,승합,남,54세,경상
2022062400100211,2022년 6월 24일 11시,금요일,강원도 고성군 현내면,경상사고,0,0,2,0,차대차 - 측면충돌,직진우회전진행방해,건조,맑음,교차로 - 교차로안,승용,여,53세,상해없음,자전거,남,64세,경상
2022062400100298,2022년 6월 24일 14시,금요일,강원도 원주시 흥업면,중상사고,0,2,0,0,차대차 - 추돌,신호위반,건조,맑음,교차로 - 교차로안,화물,남,44세,상해없음,승용,남,81세,중상
2022062400100332,2022년 6월 24일 15시,금요일,강원도 동해시 천곡동,사망사고,1,0,0,0,차대차 - 측면충돌,신호위반,건조,맑음,교차로 - 교차로부근,건설기계,남,42세,상해없음,승용,남,23세,사망
2022062400100369,2022년 6월 24일 16시,금요일,강원도 강릉시 송정동,중상사고,0,1,0,0,차대사람 - 차도통행중,안전운전불이행,건조,맑음,단일로 - 기타,이륜,남,20세,상해없음,보행자,남,70세,중상
2022062400100370,2022년 6월 24일 16시,금요일,강원도 강릉시 옥천동,중상사고,0,1,0,0,차대차 - 측면충돌,안전운전불이행,건조,맑음,교차로 - 교차로부근,화물,여,61세,상해없음,자전거,여,69세,중상
2022062400100371,2022년 6월 24일 16시,금요일,강원도 원주시 학성동,경상사고,0,0,2,0,차대차 - 기타,안전거리미확보,건조,맑음,단일로 - 기타,승용,남,39세,상해없음,승용,남,42세,경상
2022062400100372,2022년 6월 24일 16시,금요일,강원도 속초시 동명동,중상사고,0,1,0,0,차대차 - 측면충돌,기타,건조,맑음,교차로 - 교차로안,승용,남,58세,상해없음,자전거,여,미분류,중상
2022062400100430,2022년 6월 24일 17시,금요일,강원도 강릉시 옥천동,중상사고,0,1,0,0,차대차 - 기타,안전운전불이행,건조,맑음,교차로 - 교차로안,승용,남,68세,상해없음,이륜,남,37세,중상
2022062400100431,2022년 6월 24일 17시,금요일,강원도 원주시 단구동,경상사고,0,0,2,0,차대차 - 측면충돌,교차로운행방법위반,건조,맑음,교차로 - 교차로안,승용,여,44세,상해없음,승용,여,60세,경상
2022062400100476,2022년 6월 24일 18시,금요일,강원도 원주시 단구동,경상사고,0,0,1,0,차대사람 - 기타,안전운전불이행,건조,맑음,교차로 - 교차로부근,승용,남,40세,상해없음,보행자,여,39세,경상
2022062400100477,2022년 6월 24일 18시,금요일,강원도 속초시 교동,경상사고,0,0,3,0,차대차 - 측면충돌,신호위반,건조,맑음,교차로 - 교차로안,승용,남,55세,상해없음,승용,남,49세,경상
2022062400100522,2022년 6월 24일 19시,금요일,강원도 춘천시 후평동,경상사고,0,0,2,0,차대차 - 측면충돌,교차로운행방법위반,건조,맑음,교차로 - 교차로안,승용,여,24세,상해없음,승용,여,29세,경상
2022062400100524,2022년 6월 24일 19시,금요일,강원도 원주시 명륜동,중상사고,0,1,0,0,차대사람 - 횡단중,보행자보호의무위반,건조,맑음,교차로 - 교차로부근,승용,남,55세,상해없음,보행자,여,65세,중상
2022062400100626,2022년 6월 24일 23시,금요일,강원도 원주시 태장동,경상사고,0,0,2,0,차대차 - 측면충돌,직진우회전진행방해,건조,맑음,교차로 - 교차로안,승용,남,37세,상해없음,승용,남,38세,경상
2022062500100157,2022년 6월 25일 10시,토요일,강원도 속초시 조양동,경상사고,0,0,2,0,차대차 - 측면충돌,안전운전불이행,건조,맑음,단일로 - 기타,승용,남,31세,상해없음,승용,남,37세,경상
2022062500100198,2022년 6월 25일 11시,토요일,강원도 춘천시 석사동,경상사고,0,0,1,0,차대차 - 기타,안전거리미확보,건조,맑음,단일로 - 기타,승용,여,51세,상해없음,승용,여,37세,경상
2022062500100199,2022년 6월 25일 11시,토요일,강원도 춘천시 온의동,경상사고,0,0,4,0,차대차 - 추돌,교차로운행방법위반,건조,맑음,교차로 - 교차로부근,승용,여,24세,상해없음,승용,여,55세,경상
2022062500100200,2022년 6월 25일 11시,토요일,강원도 원주시 관설동,경상사고,0,0,1,0,차대차 - 측면충돌,안전운전불이행,건조,맑음,교차로 - 교차로부근,승용,남,66세,상해없음,자전거,남,13세,경상
2022062500100251,2022년 6월 25일 12시,토요일,강원도 인제군 인제읍,경상사고,0,0,1,0,차대차 - 측면충돌,안전운전불이행,건조,맑음,주차장 - 주차장,승용,남,46세,상해없음,승용,여,64세,경상
2022062500100293,2022년 6월 25일 13시,토요일,강원도 원주시 명륜동,경상사고,0,0,2,0,차대차 - 추돌,직진우회전진행방해,건조,맑음,교차로 - 교차로안,승용,남,74세,상해없음,승용,남,31세,경상
2022062500100343,2022년 6월 25일 14시,토요일,강원도 춘천시 동면,사망사고,1,0,0,0,차대차 - 측면충돌,직진우회전진행방해,건조,맑음,교차로 - 교차로안,승용,남,30세,상해없음,이륜,남,77세,사망
2022062500100344,2022년 6월 25일 14시,토요일,강원도 원주시 관설동,중상사고,0,1,0,0,차대차 - 기타,기타,건조,맑음,교차로 - 교차로안,화물,남,67세,상해없음,승용,여,55세,중상
2022062500100345,2022년 6월 25일 14시,토요일,강원도 철원군 갈말읍,경상사고,0,0,2,0,차대차 - 측면충돌,안전운전불이행,건조,맑음,교차로 - 교차로안,승용,남,63세,상해없음,화물,남,53세,경상
2022062500100422,2022년 6월 25일 16시,토요일,강원도 춘천시 후평동,경상사고,0,0,1,0,차대차 - 기타,중앙선침범,건조,맑음,단일로 - 기타,승용,여,57세,상해없음,화물,남,39세,경상
2022062500100423,2022년 6월 25일 16시,토요일,강원도 동해시 묵호진동,경상사고,0,0,1,0,차대사람 - 차도통행중,안전운전불이행,건조,맑음,교차로 - 교차로안,승용,남,39세,상해없음,보행자,남,74세,경상
2022062500100499,2022년 6월 25일 18시,토요일,강원도 원주시 단구동,경상사고,0,0,1,0,차대차 - 측면충돌,교차로운행방법위반,젖음/습기,비,교차로 - 교차로안,승용,남,53세,상해없음,이륜,남,29세,경상
2022062500100526,2022년 6월 25일 19시,토요일,강원도 원주시 태장동,중상사고,0,1,0,0,차대차 - 기타,교차로운행방법위반,건조,맑음,단일로 - 기타,화물,남,18세,상해없음,이륜,남,25세,중상
2022062500100527,2022년 6월 25일 19시,토요일,강원도 철원군 철원읍,중상사고,0,1,1,0,차대차 - 정면충돌,중앙선침범,건조,맑음,단일로 - 기타,승용,남,71세,경상,화물,남,66세,중상
2022062500100553,2022년 6월 25일 20시,토요일,강원도 춘천시 후평동,경상사고,0,0,4,0,차대차 - 기타,안전운전불이행,건조,맑음,기타 - 기타,승합,남,50세,상해없음,승용,남,62세,경상
2022062500100554,2022년 6월 25일 20시,토요일,강원도 원주시 명륜동,중상사고,0,1,1,0,차대차 - 측면충돌,차로위반,건조,맑음,단일로 - 기타,승용,남,51세,상해없음,승용,남,53세,중상
2022062500100592,2022년 6월 25일 21시,토요일,강원도 강릉시 교동,경상사고,0,0,1,0,차대차 - 기타,신호위반,건조,맑음,기타 - 기타,승용,남,44세,상해없음,자전거,여,15세,경상
2022062500100593,2022년 6월 25일 21시,토요일,강원도 평창군 방림면,경상사고,0,0,1,0,차대차 - 정면충돌,안전운전불이행,건조,맑음,단일로 - 지하차도(도로)내,승용,여,57세,상해없음,화물,남,61세,경상
2022062500100616,2022년 6월 25일 22시,토요일,강원도 동해시 평릉동,경상사고,0,0,1,0,차대차 - 추돌,안전운전불이행,건조,맑음,단일로 - 기타,승용,남,63세,상해없음,승용,여,53세,경상
2022062600100051,2022년 6월 26일 06시,일요일,강원도 강릉시 성산면,중상사고,0,1,2,0,차대차 - 측면충돌,중앙선침범,건조,맑음,단일로 - 기타,승용,여,52세,상해없음,승용,남,54세,경상
2022062600100060,2022년 6월 26일 07시,일요일,강원도 원주시 단계동,경상사고,0,0,1,0,차대차 - 측면충돌,직진우회전진행방해,건조,맑음,교차로 - 교차로안,승용,여,40세,상해없음,승용,남,71세,경상
2022062600100072,2022년 6월 26일 09시,일요일,강원도 춘천시 남면,중상사고,0,1,1,0,차대차 - 기타,교차로운행방법위반,건조,흐림,교차로 - 교차로안,승용,남,47세,중상,승용,여,63세,경상
2022062600100073,2022년 6월 26일 09시,일요일,강원도 강릉시 송정동,경상사고,0,0,2,0,차대차 - 추돌,안전운전불이행,건조,흐림,교차로 - 교차로안,승용,여,40세,상해없음,특수,남,39세,경상
2022062600100074,2022년 6월 26일 09시,일요일,강원도 속초시 청호동,경상사고,0,0,1,0,차대사람 - 기타,안전운전불이행,젖음/습기,비,교차로 - 교차로부근,승용,남,71세,상해없음,보행자,남,22세,경상
2022062600100075,2022년 6월 26일 09시,일요일,강원도 화천군 사내면,경상사고,0,0,1,0,차대차 - 정면충돌,중앙선침범,젖음/습기,비,단일로 - 기타,승용,남,55세,상해없음,승용,남,67세,경상
2022062600100164,2022년 6월 26일 13시,일요일,강원도 동해시 북평동,경상사고,0,0,1,0,차대차 - 측면충돌,안전운전불이행,건조,맑음,교차로 - 교차로부근,화물,남,51세,상해없음,이륜,남,28세,경상
2022062600100182,2022년 6월 26일 14시,일요일,강원도 원주시 태장동,중상사고,0,1,0,0,차대차 - 측면충돌,중앙선침범,건조,맑음,단일로 - 기타,승용,남,66세,상해없음,이륜,남,27세,중상
2022062600100216,2022년 6월 26일 15시,일요일,강원도 원주시 무실동,경상사고,0,0,1,0,차대차 - 측면충돌,안전운전불이행,건조,맑음,단일로 - 기타,승용,남,35세,상해없음,자전거,남,14세,경상
2022062600100238,2022년 6월 26일 16시,일요일,강원도 춘천시 근화동,경상사고,0,0,1,3,차대차 - 기타,안전운전불이행,건조,맑음,단일로 - 기타,승용,남,61세,상해없음,승용,남,64세,부상신고
2022062600100239,2022년 6월 26일 16시,일요일,강원도 인제군 인제읍,경상사고,0,0,2,0,차대차 - 추돌,안전운전불이행,건조,맑음,교차로 - 교차로부근,승용,남,54세,상해없음,승용,남,39세,경상
2022062600100272,2022년 6월 26일 17시,일요일,강원도 철원군 철원읍,경상사고,0,0,1,0,차대차 - 추돌,안전운전불이행,젖음/습기,비,교차로 - 교차로부근,승용,남,64세,상해없음,승용,남,41세,경상
2022062600100302,2022년 6월 26일 18시,일요일,강원도 원주시 태장동,중상사고,0,1,0,0,차대차 - 추돌,안전운전불이행,건조,맑음,단일로 - 기타,승용,남,65세,상해없음,승용,남,50세,중상
2022062600100329,2022년 6월 26일 19시,일요일,강원도 고성군 죽왕면,경상사고,0,0,4,0,차대차 - 추돌,안전운전불이행,건조,맑음,교차로 - 교차로부근,승용,남,47세,상해없음,승용,남,40세,경상
2022062600100344,2022년 6월 26일 20시,일요일,강원도 태백시 황지동,경상사고,0,0,1,0,차대차 - 기타,교차로운행방법위반,건조,맑음,교차로 - 교차로안,승용,남,47세,상해없음,자전거,남,52세,경상
2022062600100388,2022년 6월 26일 22시,일요일,강원도 태백시 황지동,경상사고,0,0,2,0,차대차 - 측면충돌,안전운전불이행,건조,맑음,교차로 - 교차로안,승용,여,56세,상해없음,승용,남,63세,경상
2022062600100404,2022년 6월 26일 23시,일요일,강원도 강릉시 안현동,경상사고,0,0,1,0,차대차 - 추돌,안전운전불이행,건조,맑음,단일로 - 기타,원동기,남,18세,상해없음,승용,여,58세,경상
2022062700100013,2022년 6월 27일 01시,월요일,강원도 강릉시 옥천동,경상사고,0,0,2,0,차대차 - 추돌,안전운전불이행,건조,맑음,교차로 - 교차로안,화물,남,56세,상해없음,승용,남,24세,경상
2022062700100099,2022년 6월 27일 08시,월요일,강원도 원주시 개운동,경상사고,0,0,1,0,차대차 - 측면충돌,안전운전불이행,건조,맑음,단일로 - 기타,화물,남,79세,상해없음,승용,여,56세,경상
2022062700100130,2022년 6월 27일 09시,월요일,강원도 춘천시 후평동,경상사고,0,0,1,0,차대사람 - 횡단중,보행자보호의무위반,건조,맑음,교차로 - 교차로안,승용,남,60세,상해없음,보행자,여,40세,경상
2022062700100131,2022년 6월 27일 09시,월요일,강원도 춘천시 동산면,경상사고,0,0,2,1,차대차 - 기타,중앙선침범,건조,맑음,단일로 - 기타,승합,남,69세,상해없음,승용,남,56세,상해없음
2022062700100200,2022년 6월 27일 11시,월요일,강원도 춘천시 효자동,부상신고사고,0,0,0,2,차대차 - 추돌,안전거리미확보,건조,맑음,교차로 - 교차로부근,승용,남,67세,상해없음,승용,남,60세,부상신고
2022062700100262,2022년 6월 27일 13시,월요일,강원도 고성군 토성면,중상사고,0,1,0,0,차대차 - 추돌,기타,젖음/습기,비,단일로 - 터널,승용,여,42세,상해없음,승용,여,59세,중상
2022062700100294,2022년 6월 27일 14시,월요일,강원도 춘천시 효자동,경상사고,0,0,2,0,차대차 - 기타,교차로운행방법위반,건조,맑음,교차로 - 교차로안,화물,남,57세,경상,승용,남,21세,경상
2022062700100319,2022년 6월 27일 15시,월요일,강원도 횡성군 횡성읍,경상사고,0,0,1,0,차대차 - 기타,안전운전불이행,젖음/습기,비,단일로 - 기타,화물,남,62세,상해없음,이륜,남,51세,경상
2022062700100360,2022년 6월 27일 16시,월요일,강원도 평창군 평창읍,중상사고,0,1,0,0,차량단독 - 전도전복 - 전복,안전운전불이행,건조,맑음,단일로 - 지하차도(도로)내,화물,남,63세,상해없음,,,,
2022062700100467,2022년 6월 27일 19시,월요일,강원도 원주시 관설동,중상사고,0,1,0,0,차대차 - 측면충돌,안전운전불이행,건조,흐림,교차로 - 교차로안,화물,남,44세,상해없음,이륜,남,51세,중상
2022062800100145,2022년 6월 28일 10시,화요일,강원도 강릉시 연곡면,경상사고,0,0,4,0,차대차 - 측면충돌,안전운전불이행,건조,맑음,교차로 - 교차로안,승용,남,33세,상해없음,화물,남,61세,경상
2022062800100146,2022년 6월 28일 10시,화요일,강원도 양양군 서면,경상사고,0,0,3,0,차대차 - 측면충돌,직진우회전진행방해,젖음/습기,흐림,교차로 - 교차로안,승용,여,53세,경상,승용,여,55세,경상
2022062800100147,2022년 6월 28일 10시,화요일,강원도 동해시 평릉동,중상사고,0,1,0,0,차대사람 - 기타,안전운전불이행,건조,맑음,단일로 - 기타,승용,여,62세,상해없음,보행자,남,78세,중상
2022062800100179,2022년 6월 28일 11시,화요일,강원도 원주시 학성동,경상사고,0,0,1,0,차대차 - 측면충돌,안전운전불이행,건조,맑음,교차로 - 교차로부근,승용,남,62세,기타불명,승용,여,41세,경상
2022062800100180,2022년 6월 28일 11시,화요일,강원도 태백시 황지동,경상사고,0,0,1,0,차대차 - 측면충돌,교차로운행방법위반,건조,맑음,교차로 - 교차로안,승용,여,68세,상해없음,승용,남,60세,경상
2022062800100242,2022년 6월 28일 13시,화요일,강원도 화천군 화천읍,경상사고,0,0,1,0,차대차 - 기타,안전운전불이행,건조,맑음,단일로 - 기타,화물,남,67세,상해없음,승용,여,29세,경상
2022062800100243,2022년 6월 28일 13시,화요일,강원도 태백시 장성동,경상사고,0,0,1,0,차대차 - 측면충돌,신호위반,건조,맑음,단일로 - 교량,승용,남,60세,상해없음,승용,남,62세,경상
2022062800100244,2022년 6월 28일 13시,화요일,강원도 동해시 천곡동,경상사고,0,0,1,0,차대차 - 측면충돌,안전운전불이행,건조,맑음,기타 - 기타,승용,남,44세,상해없음,화물,여,63세,경상
2022062800100333,2022년 6월 28일 16시,화요일,강원도 춘천시 후평동,경상사고,0,0,2,0,차대차 - 측면충돌,안전운전불이행,건조,맑음,교차로 - 교차로부근,승용,남,54세,상해없음,승용,남,52세,경상
2022062800100334,2022년 6월 28일 16시,화요일,강원도 원주시 학성동,경상사고,0,0,1,0,차량단독 - 공작물충돌,안전운전불이행,건조,맑음,단일로 - 기타,승용,여,53세,상해없음,,,,
2022062800100335,2022년 6월 28일 16시,화요일,강원도 영월군 남면,중상사고,0,1,1,0,차량단독 - 도로외이탈 - 추락,안전운전불이행,건조,맑음,단일로 - 기타,승용,남,68세,상해없음,,,,
2022062800100336,2022년 6월 28일 16시,화요일,강원도 태백시 화전동,경상사고,0,0,3,0,차대차 - 정면충돌,신호위반,건조,맑음,교차로 - 교차로안,승용,남,69세,경상,승용,남,25세,경상
2022062800100412,2022년 6월 28일 18시,화요일,강원도 원주시 태장동,중상사고,0,1,0,0,차대차 - 측면충돌,중앙선침범,건조,맑음,교차로 - 교차로안,승용,남,22세,상해없음,이륜,남,42세,중상