사고번호,사고일시,요일,시군구,사고내용,사망자수,중상자수,경상자수,부상신고자수,사고유형,법규위반,노면상태,기상상태,도로형태,가해운전자 차종,가해운전자 성별,가해운전자 연령,가해운전자 상해정도,피해운전자 차종,피해운전자 성별,피해운전자 연령,피해운전자 상해정도
2022071200100356,2022년 7월 12일 17시,화요일,강원도 원주시 귀래면,경상사고,0,0,1,0,차대차 - 기타,안전운전불이행,건조,맑음,기타 - 기타,승용,남,42세,상해없음,이륜,남,55세,경상
2022071200100399,2022년 7월 12일 18시,화요일,강원도 속초시 금호동,경상사고,0,0,2,0,차대차 - 측면충돌,안전운전불이행,건조,맑음,단일로 - 기타,화물,남,62세,상해없음,승용,여,35세,경상
2022071200100400,2022년 7월 12일 18시,화요일,강원도 양양군 양양읍,경상사고,0,0,1,0,차대차 - 측면충돌,안전운전불이행,건조,흐림,교차로 - 교차로부근,승합,남,52세,상해없음,원동기,남,37세,경상
2022071200100401,2022년 7월 12일 18시,화요일,강원도 원주시 무실동,경상사고,0,0,2,0,차대차 - 측면충돌,기타,건조,맑음,단일로 - 기타,승용,남,49세,상해없음,승용,남,48세,경상
2022071300100036,2022년 7월 13일 05시,수요일,강원도 춘천시 퇴계동,중상사고,0,1,0,0,차대차 - 측면충돌,안전운전불이행,건조,맑음,단일로 - 기타,자전거,남,38세,상해없음,자전거,남,83세,중상
2022071300100086,2022년 7월 13일 08시,수요일,강원도 춘천시 죽림동,경상사고,0,0,1,0,차대사람 - 횡단중,보행자보호의무위반,젖음/습기,비,교차로 - 교차로횡단보도내,승용,남,46세,상해없음,보행자,여,54세,경상
2022071300100127,2022년 7월 13일 09시,수요일,강원도 홍천군 홍천읍,경상사고,0,0,1,0,차대차 - 측면충돌,안전운전불이행,젖음/습기,비,교차로 - 교차로안,승용,남,31세,상해없음,승용,남,41세,경상
2022071300100146,2022년 7월 13일 10시,수요일,강원도 춘천시 퇴계동,경상사고,0,0,2,0,차대차 - 추돌,안전거리미확보,젖음/습기,비,단일로 - 기타,승용,남,25세,상해없음,승용,여,30세,경상
2022071300100174,2022년 7월 13일 11시,수요일,강원도 원주시 흥업면,경상사고,0,0,1,0,차대차 - 측면충돌,직진우회전진행방해,건조,맑음,교차로 - 교차로안,승용,남,81세,상해없음,승용,남,84세,경상
2022071300100231,2022년 7월 13일 13시,수요일,강원도 고성군 토성면,경상사고,0,0,1,0,차대차 - 추돌,안전운전불이행,젖음/습기,비,기타 - 기타,승용,여,38세,상해없음,승용,여,37세,경상
2022071300100232,2022년 7월 13일 13시,수요일,강원도 철원군 동송읍,사망사고,1,0,1,0,차량단독 - 도로외이탈 - 추락,안전운전불이행,젖음/습기,비,단일로 - 기타,화물,남,61세,경상,,,,
2022071300100259,2022년 7월 13일 14시,수요일,강원도 원주시 단계동,경상사고,0,0,1,0,차대차 - 기타,안전운전불이행,젖음/습기,비,교차로 - 교차로안,승용,여,57세,상해없음,이륜,남,25세,경상
2022071300100260,2022년 7월 13일 14시,수요일,강원도 횡성군 둔내면,경상사고,0,0,1,0,차대차 - 기타,직진우회전진행방해,건조,맑음,교차로 - 교차로안,화물,남,63세,상해없음,승용,여,54세,경상
2022071300100292,2022년 7월 13일 15시,수요일,강원도 강릉시 사천면,경상사고,0,0,2,0,차대차 - 기타,안전운전불이행,젖음/습기,흐림,기타 - 기타,승용,여,67세,상해없음,승용,남,50세,경상
2022071300100293,2022년 7월 13일 15시,수요일,강원도 원주시 무실동,중상사고,0,3,0,0,차량단독 - 공작물충돌,안전운전불이행,젖음/습기,비,단일로 - 기타,화물,남,71세,중상,,,,
2022071300100331,2022년 7월 13일 16시,수요일,강원도 속초시 교동,중상사고,0,1,0,0,차대차 - 정면충돌,중앙선침범,젖음/습기,비,단일로 - 기타,승용,여,51세,상해없음,화물,남,41세,중상
2022071300100457,2022년 7월 13일 19시,수요일,강원도 원주시 반곡동,경상사고,0,0,1,0,차대차 - 측면충돌,안전운전불이행,젖음/습기,비,교차로 - 교차로안,승용,남,68세,상해없음,승용,남,42세,경상
2022071300100458,2022년 7월 13일 19시,수요일,강원도 원주시 무실동,경상사고,0,0,1,0,차대차 - 측면충돌,안전거리미확보,젖음/습기,비,교차로 - 교차로안,승용,남,47세,상해없음,승용,남,44세,경상
2022071300100459,2022년 7월 13일 19시,수요일,강원도 동해시 천곡동,경상사고,0,0,1,0,차대사람 - 보도통행중,보행자보호의무위반,젖음/습기,비,단일로 - 기타,승용,여,28세,상해없음,보행자,여,14세,경상
2022071300100543,2022년 7월 13일 22시,수요일,강원도 원주시 무실동,경상사고,0,0,1,1,차대차 - 기타,신호위반,젖음/습기,맑음,교차로 - 교차로안,승용,남,28세,부상신고,승용,남,35세,경상
2022071400100053,2022년 7월 14일 05시,목요일,강원도 춘천시 삼천동,경상사고,0,0,1,0,차대차 - 기타,불법유턴,젖음/습기,비,단일로 - 기타,화물,남,65세,상해없음,화물,남,53세,경상
2022071400100079,2022년 7월 14일 07시,목요일,강원도 원주시 흥업면,경상사고,0,0,2,0,차대차 - 기타,신호위반,건조,맑음,교차로 - 교차로안,승용,남,59세,상해없음,승용,여,53세,경상
2022071400100194,2022년 7월 14일 10시,목요일,강원도 춘천시 동내면,경상사고,0,0,4,0,차대차 - 추돌,안전운전불이행,건조,맑음,단일로 - 기타,승용,여,54세,경상,승용,남,62세,경상
2022071400100220,2022년 7월 14일 11시,목요일,강원도 춘천시 온의동,중상사고,0,1,4,1,차대차 - 추돌,안전운전불이행,건조,맑음,교차로 - 교차로안,승용,여,60세,상해없음,승합,남,55세,중상
2022071400100221,2022년 7월 14일 11시,목요일,강원도 강릉시 초당동,경상사고,0,0,2,0,차대차 - 기타,안전운전불이행,건조,흐림,기타 - 기타,승용,여,64세,경상,승용,남,32세,경상
2022071400100273,2022년 7월 14일 13시,목요일,강원도 강릉시 주문진읍,경상사고,0,0,2,0,차대차 - 기타,신호위반,건조,맑음,교차로 - 교차로안,승용,여,49세,상해없음,승용,남,62세,경상
2022071400100393,2022년 7월 14일 16시,목요일,강원도 원주시 태장동,경상사고,0,0,1,0,차대차 - 추돌,안전거리미확보,건조,맑음,단일로 - 기타,승용,남,42세,상해없음,승용,남,64세,상해없음
2022071400100394,2022년 7월 14일 16시,목요일,강원도 원주시 태장동,경상사고,0,0,3,0,차대차 - 정면충돌,중앙선침범,건조,맑음,단일로 - 기타,승용,남,55세,상해없음,승용,남,52세,경상
2022071400100395,2022년 7월 14일 16시,목요일,강원도 삼척시 도계읍,경상사고,0,0,1,0,차대차 - 측면충돌,안전운전불이행,건조,맑음,교차로 - 교차로부근,승용,남,64세,상해없음,승용,여,43세,경상
2022071400100435,2022년 7월 14일 17시,목요일,강원도 춘천시 근화동,중상사고,0,1,0,0,차대사람 - 횡단중,보행자보호의무위반,건조,맑음,교차로 - 교차로횡단보도내,승용,남,61세,상해없음,보행자,여,10세,중상
2022071400100436,2022년 7월 14일 17시,목요일,강원도 춘천시 석사동,경상사고,0,0,1,0,차대사람 - 차도통행중,안전운전불이행,건조,맑음,단일로 - 지하차도(도로)내,개인형이동수단(PM),남,19세,상해없음,보행자,남,11세,경상
2022071400100437,2022년 7월 14일 17시,목요일,강원도 삼척시 하장면,중상사고,0,1,0,0,차대차 - 기타,중앙선침범,젖음/습기,흐림,단일로 - 지하차도(도로)내,화물,남,41세,상해없음,이륜,남,49세,중상
2022071400100438,2022년 7월 14일 17시,목요일,강원도 홍천군 서면,경상사고,0,0,2,0,차대차 - 정면충돌,중앙선침범,건조,맑음,단일로 - 기타,승용,남,26세,상해없음,승용,남,60세,경상
2022071400100439,2022년 7월 14일 17시,목요일,강원도 고성군 죽왕면,경상사고,0,0,1,0,차대차 - 추돌,안전운전불이행,건조,맑음,교차로 - 교차로부근,화물,남,64세,상해없음,승용,남,31세,상해없음
2022071400100440,2022년 7월 14일 17시,목요일,강원도 고성군 간성읍,경상사고,0,0,1,0,차대사람 - 기타,안전운전불이행,건조,맑음,기타 - 기타,화물,남,66세,상해없음,보행자,여,11세,경상
2022071400100490,2022년 7월 14일 18시,목요일,강원도 원주시 단구동,경상사고,0,0,1,0,차대차 - 후진중충돌,불법유턴,건조,맑음,단일로 - 기타,승용,남,55세,상해없음,원동기,남,17세,경상
2022071400100527,2022년 7월 14일 19시,목요일,강원도 원주시 중앙동,경상사고,0,0,1,0,차대차 - 측면충돌,차로위반,건조,흐림,단일로 - 기타,화물,남,66세,상해없음,이륜,남,19세,경상
2022071400100528,2022년 7월 14일 19시,목요일,강원도 속초시 영랑동,중상사고,0,1,0,0,차대사람 - 횡단중,보행자보호의무위반,건조,맑음,교차로 - 교차로횡단보도내,승용,남,67세,상해없음,보행자,여,69세,중상
2022071400100568,2022년 7월 14일 20시,목요일,강원도 영월군 영월읍,부상신고사고,0,0,0,1,차대사람 - 차도통행중,안전운전불이행,건조,맑음,단일로 - 기타,승용,남,30세,상해없음,보행자,여,63세,부상신고
2022071400100607,2022년 7월 14일 21시,목요일,강원도 춘천시 효자동,경상사고,0,0,1,0,차대차 - 기타,안전운전불이행,건조,맑음,교차로 - 교차로횡단보도내,이륜,남,20세,기타불명,자전거,여,25세,경상
2022071500100008,2022년 7월 15일 00시,금요일,강원도 춘천시 석사동,경상사고,0,0,1,0,차대차 - 추돌,안전운전불이행,건조,맑음,단일로 - 기타,승용,남,37세,상해없음,승용,남,63세,경상
2022071500100081,2022년 7월 15일 08시,금요일,강원도 춘천시 남산면,중상사고,0,1,2,0,차대차 - 측면충돌,차로위반,건조,맑음,교차로 - 교차로부근,승용,남,34세,중상,승용,남,33세,경상
2022071500100126,2022년 7월 15일 09시,금요일,강원도 횡성군 횡성읍,경상사고,0,0,1,0,차대차 - 추돌,안전운전불이행,건조,맑음,단일로 - 기타,승용,남,79세,상해없음,승용,남,74세,경상
2022071500100152,2022년 7월 15일 10시,금요일,강원도 원주시 일산동,경상사고,0,0,1,0,차대차 - 기타,안전운전불이행,건조,맑음,교차로 - 교차로부근,승용,남,62세,상해없음,승합,남,64세,상해없음
2022071500100192,2022년 7월 15일 11시,금요일,강원도 춘천시 후평동,경상사고,0,0,1,0,차대차 - 측면충돌,신호위반,건조,맑음,교차로 - 교차로안,승용,남,27세,기타불명,승용,남,38세,경상
2022071500100193,2022년 7월 15일 11시,금요일,강원도 원주시 태장동,경상사고,0,0,1,0,차대차 - 측면충돌,안전운전불이행,건조,맑음,주차장 - 주차장,승용,남,46세,상해없음,승용,여,62세,경상
2022071500100194,2022년 7월 15일 11시,금요일,강원도 정선군 정선읍,경상사고,0,0,1,0,차대차 - 기타,안전운전불이행,건조,맑음,단일로 - 기타,승용,남,67세,상해없음,승용,남,64세,경상
2022071500100248,2022년 7월 15일 13시,금요일,강원도 강릉시 교동,경상사고,0,0,1,0,차대차 - 측면충돌,안전운전불이행,건조,맑음,교차로 - 교차로안,승용,여,24세,기타불명,승용,여,60세,경상
2022071500100249,2022년 7월 15일 13시,금요일,강원도 평창군 봉평면,사망사고,1,1,0,0,차대차 - 정면충돌,중앙선침범,건조,맑음,단일로 - 지하차도(도로)내,승용,남,70세,사망,승용,남,70세,중상
2022071500100250,2022년 7월 15일 13시,금요일,강원도 태백시 문곡동,경상사고,0,0,2,0,차대차 - 측면충돌,안전거리미확보,건조,맑음,단일로 - 기타,화물,남,63세,상해없음,승용,남,49세,경상
2022071500100283,2022년 7월 15일 14시,금요일,강원도 강릉시 송정동,경상사고,0,0,1,0,차대차 - 기타,안전운전불이행,건조,맑음,교차로 - 교차로안,승용,남,37세,기타불명,이륜,남,35세,경상
2022071500100284,2022년 7월 15일 14시,금요일,강원도 원주시 일산동,경상사고,0,0,1,0,차대차 - 측면충돌,불법유턴,건조,맑음,단일로 - 기타,승용,남,74세,상해없음,자전거,남,79세,경상
2022071500100285,2022년 7월 15일 14시,금요일,강원도 영월군 남면,부상신고사고,0,0,0,1,차대차 - 측면충돌,교차로운행방법위반,건조,맑음,교차로 - 교차로안,승용,남,70세,상해없음,승용,남,60세,부상신고
2022071500100286,2022년 7월 15일 14시,금요일,강원도 영월군 영월읍,중상사고,0,1,0,0,차량단독 - 공작물충돌,안전운전불이행,건조,맑음,단일로 - 기타,화물,남,31세,중상,,,,
2022071500100311,2022년 7월 15일 15시,금요일,강원도 원주시 일산동,경상사고,0,0,1,0,차대차 - 측면충돌,안전운전불이행,건조,맑음,교차로 - 교차로안,승용,여,55세,상해없음,승용,여,30세,경상
2022071500100361,2022년 7월 15일 16시,금요일,강원도 원주시 우산동,경상사고,0,0,1,0,차대차 - 측면충돌,안전운전불이행,건조,맑음,교차로 - 교차로안,승용,남,65세,상해없음,승용,여,48세,경상
2022071500100404,2022년 7월 15일 17시,금요일,강원도 춘천시 온의동,경상사고,0,0,1,1,차대차 - 기타,안전운전불이행,건조,맑음,교차로 - 교차로부근,승용,남,50세,상해없음,승용,남,66세,경상
2022071500100405,2022년 7월 15일 17시,금요일,강원도 강릉시 포남동,중상사고,0,1,0,0,차대사람 - 기타,안전운전불이행,젖음/습기,비,단일로 - 기타,승용,여,40세,상해없음,보행자,여,64세,중상
2022071500100406,2022년 7월 15일 17시,금요일,강원도 원주시 단계동,중상사고,0,1,0,0,차대사람 - 횡단중,보행자보호의무위반,건조,맑음,교차로 - 교차로안,승용,남,61세,상해없음,보행자,여,53세,중상
2022071500100470,2022년 7월 15일 18시,금요일,강원도 속초시 동명동,경상사고,0,0,1,0,차대사람 - 횡단중,보행자보호의무위반,젖음/습기,비,교차로 - 교차로횡단보도내,승용,남,56세,상해없음,보행자,여,26세,경상
2022071500100518,2022년 7월 15일 19시,금요일,강원도 속초시 청호동,경상사고,0,0,1,0,차대차 - 측면충돌,안전거리미확보,젖음/습기,비,단일로 - 기타,승용,남,44세,상해없음,원동기,남,32세,경상
2022071500100554,2022년 7월 15일 20시,금요일,강원도 원주시 명륜동,경상사고,0,0,1,0,차대차 - 측면충돌,안전운전불이행,건조,맑음,교차로 - 교차로안,승용,남,55세,상해없음,승용,남,34세,경상
2022071500100588,2022년 7월 15일 21시,금요일,강원도 강릉시 내곡동,경상사고,0,0,1,0,차대사람 - 횡단중,보행자보호의무위반,젖음/습기,비,교차로 - 교차로횡단보도내,승용,남,23세,상해없음,보행자,여,69세,경상
2022071500100589,2022년 7월 15일 21시,금요일,강원도 원주시 명륜동,경상사고,0,0,3,0,차대차 - 기타,안전거리미확보,건조,맑음,교차로 - 교차로부근,승용,남,48세,상해없음,승용,남,29세,경상
2022071500100590,2022년 7월 15일 21시,금요일,강원도 정선군 신동읍,중상사고,0,3,0,0,차대차 - 기타,신호위반,건조,맑음,교차로 - 교차로안,건설기계,남,38세,상해없음,승용,여,36세,중상
2022071500100625,2022년 7월 15일 22시,금요일,강원도 양구군 양구읍,경상사고,0,0,1,0,차대사람 - 기타,신호위반,건조,맑음,단일로 - 기타,승용,남,59세,상해없음,보행자,여,54세,경상
2022071600100029,2022년 7월 16일 01시,토요일,강원도 동해시 천곡동,중상사고,0,1,0,0,차량단독 - 기타,안전운전불이행,젖음/습기,흐림,교차로 - 교차로부근,이륜,남,45세,중상,,,,
2022071600100088,2022년 7월 16일 08시,토요일,강원도 태백시 통동,경상사고,0,0,1,0,차대차 - 측면충돌,안전운전불이행,건조,맑음,교차로 - 교차로부근,건설기계,남,47세,기타불명,화물,남,45세,경상
2022071600100106,2022년 7월 16일 09시,토요일,강원도 강릉시 옥천동,경상사고,0,0,4,0,차대차 - 측면충돌,안전운전불이행,건조,맑음,교차로 - 교차로부근,승용,여,74세,상해없음,승용,남,57세,경상
2022071600100164,2022년 7월 16일 11시,토요일,강원도 춘천시 삼천동,경상사고,0,0,1,0,차대사람 - 횡단중,보행자보호의무위반,건조,맑음,교차로 - 교차로안,자전거,남,54세,상해없음,보행자,여,45세,경상
2022071600100165,2022년 7월 16일 11시,토요일,강원도 속초시 조양동,경상사고,0,0,2,0,차대차 - 측면충돌,안전운전불이행,건조,맑음,단일로 - 기타,승용,여,70세,상해없음,승용,여,31세,경상
2022071600100166,2022년 7월 16일 11시,토요일,강원도 삼척시 교동,경상사고,0,0,3,0,차대차 - 측면충돌,안전운전불이행,건조,맑음,교차로 - 교차로안,승용,남,71세,상해없음,승용,남,52세,경상
2022071600100204,2022년 7월 16일 12시,토요일,강원도 원주시 반곡동,경상사고,0,0,2,0,차대차 - 측면충돌,교차로운행방법위반,건조,맑음,교차로 - 교차로안,승용,여,42세,상해없음,승용,여,49세,경상
2022071600100234,2022년 7월 16일 13시,토요일,강원도 양양군 서면,경상사고,0,0,1,0,차대차 - 기타,안전운전불이행,건조,맑음,단일로 - 기타,승용,남,58세,상해없음,이륜,남,43세,경상
2022071600100235,2022년 7월 16일 13시,토요일,강원도 동해시 용정동,경상사고,0,0,2,0,차대차 - 추돌,안전운전불이행,건조,맑음,단일로 - 기타,승용,남,59세,상해없음,승용,남,53세,경상
2022071600100269,2022년 7월 16일 14시,토요일,강원도 태백시 화전동,중상사고,0,1,1,0,차대차 - 기타,안전운전불이행,건조,맑음,단일로 - 기타,승용,남,42세,상해없음,승용,남,55세,경상
2022071600100309,2022년 7월 16일 15시,토요일,강원도 원주시 단계동,중상사고,0,1,1,0,차대차 - 측면충돌,안전운전불이행,건조,맑음,단일로 - 기타,승용,여,25세,상해없음,승용,남,66세,중상
2022071600100310,2022년 7월 16일 15시,토요일,강원도 삼척시 교동,경상사고,0,0,2,0,차대차 - 측면충돌,직진우회전진행방해,건조,맑음,교차로 - 교차로안,승용,여,51세,상해없음,승용,남,67세,경상
2022071600100350,2022년 7월 16일 16시,토요일,강원도 홍천군 서석면,사망사고,1,0,0,0,차대차 - 추돌,안전운전불이행,건조,맑음,단일로 - 기타,승용,남,43세,상해없음,자전거,남,82세,사망
2022071600100381,2022년 7월 16일 17시,토요일,강원도 원주시 무실동,경상사고,0,0,1,0,차대차 - 기타,안전운전불이행,건조,맑음,단일로 - 기타,승용,여,24세,상해없음,이륜,남,25세,경상
2022071600100417,2022년 7월 16일 18시,토요일,강원도 평창군 대관령면,경상사고,0,0,1,0,차대차 - 측면충돌,교차로운행방법위반,건조,맑음,교차로 - 교차로안,화물,남,80세,상해없음,승용,여,34세,경상
2022071600100418,2022년 7월 16일 18시,토요일,강원도 평창군 용평면,중상사고,0,3,1,0,차량단독 - 공작물충돌,안전운전불이행,건조,맑음,단일로 - 지하차도(도로)내,승용,여,66세,경상,,,,
2022071600100419,2022년 7월 16일 18시,토요일,강원도 동해시 천곡동,경상사고,0,0,1,0,차대사람 - 횡단중,안전운전불이행,건조,맑음,단일로 - 기타,승용,남,63세,상해없음,보행자,남,21세,경상
2022071600100449,2022년 7월 16일 19시,토요일,강원도 삼척시 남양동,경상사고,0,0,1,0,차대사람 - 횡단중,신호위반,건조,맑음,교차로 - 교차로횡단보도내,승용,여,27세,상해없음,보행자,여,8세,경상
2022071600100477,2022년 7월 16일 20시,토요일,강원도 평창군 대관령면,중상사고,0,1,0,0,차대사람 - 기타,안전운전불이행,건조,맑음,단일로 - 지하차도(도로)내,화물,남,58세,상해없음,보행자,남,59세,중상
2022071600100518,2022년 7월 16일 22시,토요일,강원도 강릉시 안현동,경상사고,0,0,1,0,차대사람 - 횡단중,중앙선침범,건조,맑음,단일로 - 기타,승용,남,44세,상해없음,보행자,여,62세,경상
2022071700100085,2022년 7월 17일 09시,일요일,강원도 강릉시 주문진읍,중상사고,0,1,0,0,차대차 - 기타,안전운전불이행,건조,맑음,교차로 - 교차로부근,승용,남,26세,상해없음,자전거,남,83세,중상
2022071700100086,2022년 7월 17일 09시,일요일,강원도 양양군 서면,경상사고,0,0,2,0,차대차 - 정면충돌,중앙선침범,건조,맑음,단일로 - 고가도로위,이륜,여,41세,상해없음,승용,남,59세,경상
2022071700100087,2022년 7월 17일 09시,일요일,강원도 속초시 동명동,경상사고,0,0,1,0,차대차 - 측면충돌,안전운전불이행,건조,맑음,교차로 - 교차로안,승용,남,54세,상해없음,승용,남,53세,경상
2022071700100121,2022년 7월 17일 11시,일요일,강원도 삼척시 근덕면,중상사고,0,1,0,0,차대차 - 기타,안전운전불이행,기타,맑음,단일로 - 기타,승용,남,25세,상해없음,원동기,남,64세,중상
2022071700100122,2022년 7월 17일 11시,일요일,강원도 정선군 정선읍,경상사고,0,0,1,0,차대차 - 후진중충돌,안전운전불이행,건조,맑음,교차로 - 교차로안,승용,남,62세,상해없음,자전거,남,79세,경상
2022071700100123,2022년 7월 17일 11시,일요일,강원도 철원군 동송읍,중상사고,0,1,0,0,차대사람 - 횡단중,안전운전불이행,건조,맑음,주차장 - 주차장,이륜,남,58세,상해없음,보행자,여,7세,중상
2022071700100181,2022년 7월 17일 13시,일요일,강원도 강릉시 홍제동,경상사고,0,0,1,0,차대차 - 측면충돌,안전운전불이행,건조,흐림,단일로 - 기타,승용,남,22세,상해없음,승용,여,52세,경상
2022071700100208,2022년 7월 17일 14시,일요일,강원도 속초시 대포동,중상사고,0,1,0,0,차대차 - 측면충돌,안전운전불이행,건조,맑음,단일로 - 기타,화물,남,48세,상해없음,자전거,남,84세,중상
2022071700100236,2022년 7월 17일 15시,일요일,강원도 원주시 호저면,경상사고,0,0,2,0,차대차 - 기타,안전거리미확보,건조,맑음,단일로 - 기타,승용,남,53세,상해없음,승용,여,37세,경상
2022071700100264,2022년 7월 17일 16시,일요일,강원도 원주시 판부면,중상사고,0,1,0,0,차대차 - 측면충돌,안전운전불이행,건조,맑음,단일로 - 기타,승용,여,60세,상해없음,승용,여,51세,중상
2022071700100300,2022년 7월 17일 17시,일요일,강원도 홍천군 서면,경상사고,0,0,1,0,차대사람 - 차도통행중,안전운전불이행,건조,맑음,단일로 - 지하차도(도로)내,승용,남,39세,상해없음,보행자,남,5세,경상
2022071700100360,2022년 7월 17일 19시,일요일,강원도 춘천시 퇴계동,경상사고,0,0,1,0,차대차 - 추돌,안전운전불이행,건조,맑음,단일로 - 기타,승용,남,54세,상해없음,승용,여,53세,경상
2022071700100412,2022년 7월 17일 21시,일요일,강원도 속초시 교동,경상사고,0,0,1,0,차대사람 - 길가장자리구역통행중,안전운전불이행,건조,맑음,교차로 - 교차로부근,승용,여,64세,상해없음,보행자,남,62세,경상
2022071700100432,2022년 7월 17일 22시,일요일,강원도 평창군 대화면,경상사고,0,0,1,0,차량단독 - 공작물충돌,안전운전불이행,건조,맑음,교차로 - 교차로안,화물,남,59세,경상,,,,
2022071800100025,2022년 7월 18일 03시,월요일,강원도 영월군 남면,중상사고,0,1,0,0,차량단독 - 공작물충돌,안전운전불이행,건조,맑음,단일로 - 터널,승용,남,65세,상해없음,,,,
2022071800100093,2022년 7월 18일 08시,월요일,강원도 춘천시 운교동,경상사고,0,0,1,0,차대사람 - 보도통행중,안전운전불이행,건조,맑음,기타 - 기타,승용,남,68세,상해없음,보행자,여,19세,경상
2022071800100200,2022년 7월 18일 11시,월요일,강원도 강릉시 죽헌동,경상사고,0,0,1,0,차대차 - 기타,안전운전불이행,건조,맑음,교차로 - 교차로부근,승용,남,72세,상해없음,승용,여,68세,경상
2022071800100201,2022년 7월 18일 11시,월요일,강원도 홍천군 서면,중상사고,0,3,1,0,차대차 - 정면충돌,중앙선침범,건조,맑음,단일로 - 교량,승용,여,54세,중상,승용,남,69세,경상
2022071800100202,2022년 7월 18일 11시,월요일,강원도 동해시 지흥동,경상사고,0,0,1,0,차대차 - 측면충돌,안전운전불이행,건조,맑음,단일로 - 기타,건설기계,남,45세,상해없음,승용,남,49세,경상
2022071800100236,2022년 7월 18일 12시,월요일,강원도 속초시 금호동,중상사고,0,1,0,0,차대차 - 기타,안전운전불이행,건조,맑음,교차로 - 교차로안,승용,남,27세,상해없음,이륜,남,26세,중상
2022071800100237,2022년 7월 18일 12시,월요일,강원도 속초시 금호동,경상사고,0,0,1,0,차대사람 - 기타,안전운전불이행,건조,맑음,교차로 - 교차로안,승용,남,34세,상해없음,보행자,남,62세,경상
2022071800100272,2022년 7월 18일 13시,월요일,강원도 강릉시 강동면,중상사고,0,1,0,0,차대사람 - 기타,안전운전불이행,건조,맑음,교차로 - 교차로안,건설기계,남,50세,상해없음,보행자,남,89세,중상
2022071800100273,2022년 7월 18일 13시,월요일,강원도 홍천군 서석면,중상사고,0,1,0,0,차대차 - 측면충돌,안전운전불이행,건조,맑음,단일로 - 기타,승용,여,77세,상해없음,이륜,남,64세,중상
2022071800100338,2022년 7월 18일 15시,월요일,강원도 정선군 정선읍,중상사고,0,1,0,0,차대사람 - 기타,안전운전불이행,건조,맑음,단일로 - 기타,화물,여,68세,상해없음,보행자,여,75세,중상
2022071800100339,2022년 7월 18일 15시,월요일,강원도 홍천군 홍천읍,경상사고,0,0,1,0,차대차 - 추돌,안전운전불이행,건조,맑음,단일로 - 기타,승용,남,31세,상해없음,특수,남,41세,경상
2022071800100373,2022년 7월 18일 16시,월요일,강원도 춘천시 동내면,부상신고사고,0,0,0,1,차대차 - 측면충돌,안전거리미확보,건조,맑음,교차로 - 교차로부근,건설기계,남,70세,상해없음,승용,남,42세,부상신고
2022071800100374,2022년 7월 18일 16시,월요일,강원도 강릉시 송정동,경상사고,0,0,2,0,차대차 - 기타,안전운전불이행,건조,기타,주차장 - 주차장,승용,여,45세,기타불명,승용,여,56세,경상
2022071800100375,2022년 7월 18일 16시,월요일,강원도 동해시 망상동,경상사고,0,0,2,0,차대차 - 기타,안전운전불이행,건조,맑음,단일로 - 기타,승용,여,25세,경상,원동기,남,24세,경상
2022071800100404,2022년 7월 18일 17시,월요일,강원도 춘천시 퇴계동,경상사고,0,0,1,0,차대사람 - 기타,보행자보호의무위반,건조,맑음,단일로 - 기타,승합,남,68세,상해없음,보행자,남,13세,경상
2022071800100445,2022년 7월 18일 18시,월요일,강원도 원주시 봉산동,경상사고,0,0,1,0,차대차 - 측면충돌,안전운전불이행,건조,맑음,교차로 - 교차로안,승용,여,50세,상해없음,이륜,남,58세,경상
2022071800100446,2022년 7월 18일 18시,월요일,강원도 삼척시 남양동,중상사고,0,2,3,0,차대차 - 추돌,안전운전불이행,건조,맑음,교차로 - 교차로부근,승용,남,61세,상해없음,승용,남,62세,중상
2022071800100516,2022년 7월 18일 20시,월요일,강원도 태백시 황지동,경상사고,0,0,1,0,차대사람 - 횡단중,보행자보호의무위반,건조,맑음,교차로 - 교차로횡단보도내,승용,남,79세,상해없음,보행자,여,55세,경상
2022071800100542,2022년 7월 18일 21시,월요일,강원도 원주시 태장동,중상사고,0,1,0,0,차대사람 - 차도통행중,신호위반,건조,맑음,교차로 - 교차로안,승용,남,30세,상해없음,보행자,여,45세,중상
2022071900100248,2022년 7월 19일 13시,화요일,강원도 평창군 용평면,경상사고,0,0,1,0,차대차 - 추돌,안전운전불이행,건조,맑음,단일로 - 기타,화물,남,57세,상해없음,승용,여,48세,경상
2022071900100275,2022년 7월 19일 14시,화요일,강원도 원주시 봉산동,경상사고,0,0,1,0,차대차 - 기타,안전거리미확보,건조,맑음,단일로 - 기타,승용,여,49세,기타불명,승용,남,21세,경상
2022071900100309,2022년 7월 19일 15시,화요일,강원도 태백시 황지동,경상사고,0,0,2,0,차대차 - 기타,안전운전불이행,건조,맑음,단일로 - 기타,승용,여,60세,경상,이륜,여,65세,기타불명
2022071900100310,2022년 7월 19일 15시,화요일,강원도 횡성군 둔내면,경상사고,0,0,2,0,차대차 - 측면충돌,안전운전불이행,건조,맑음,교차로 - 교차로안,승용,여,59세,상해없음,승용,남,34세,경상
2022071900100346,2022년 7월 19일 16시,화요일,강원도 원주시 학성동,경상사고,0,0,1,0,차대차 - 기타,안전운전불이행,건조,맑음,교차로 - 교차로부근,승용,남,76세,상해없음,화물,남,39세,경상