사고번호,사고일시,요일,시군구,사고내용,사망자수,중상자수,경상자수,부상신고자수,사고유형,법규위반,노면상태,기상상태,도로형태,가해운전자 차종,가해운전자 성별,가해운전자 연령,가해운전자 상해정도,피해운전자 차종,피해운전자 성별,피해운전자 연령,피해운전자 상해정도
2022071900100386,2022년 7월 19일 17시,화요일,강원도 춘천시 후평동,경상사고,0,0,1,0,차대차 - 측면충돌,안전운전불이행,건조,맑음,교차로 - 교차로횡단보도내,화물,남,62세,상해없음,자전거,남,14세,경상
2022071900100427,2022년 7월 19일 18시,화요일,강원도 춘천시 신동면,경상사고,0,0,1,1,차대차 - 추돌,안전거리미확보,건조,맑음,교차로 - 교차로부근,승합,남,61세,상해없음,승용,남,64세,경상
2022071900100428,2022년 7월 19일 18시,화요일,강원도 강릉시 임당동,경상사고,0,0,1,0,차대차 - 기타,안전운전불이행,건조,맑음,교차로 - 교차로안,승용,남,40세,상해없음,자전거,여,22세,경상
2022071900100429,2022년 7월 19일 18시,화요일,강원도 원주시 문막읍,경상사고,0,0,1,0,차대차 - 측면충돌,차로위반,건조,맑음,단일로 - 기타,승용,남,62세,상해없음,승용,남,41세,경상
2022071900100527,2022년 7월 19일 21시,화요일,강원도 강릉시 강동면,경상사고,0,0,1,0,차대사람 - 기타,안전운전불이행,건조,맑음,기타 - 기타,승용,남,54세,상해없음,보행자,여,23세,경상
2022071900100528,2022년 7월 19일 21시,화요일,강원도 강릉시 임당동,경상사고,0,0,1,0,차대사람 - 기타,안전운전불이행,건조,맑음,단일로 - 기타,승용,남,25세,상해없음,보행자,남,62세,경상
2022071900100529,2022년 7월 19일 21시,화요일,강원도 태백시 황지동,경상사고,0,0,1,0,차대사람 - 차도통행중,안전운전불이행,건조,맑음,교차로 - 교차로안,승합,남,39세,상해없음,보행자,남,53세,경상
2022072000100061,2022년 7월 20일 07시,수요일,강원도 태백시 황지동,사망사고,1,0,0,0,차대차 - 측면충돌,교차로운행방법위반,건조,맑음,교차로 - 교차로안,사륜오토바이(ATV),남,61세,사망,화물,남,54세,상해없음
2022072000100104,2022년 7월 20일 08시,수요일,강원도 춘천시 근화동,경상사고,0,0,3,0,차대차 - 기타,교차로운행방법위반,건조,맑음,교차로 - 교차로안,승용,여,38세,상해없음,승용,남,45세,경상
2022072000100105,2022년 7월 20일 08시,수요일,강원도 삼척시 정상동,중상사고,0,1,0,0,차대사람 - 횡단중,보행자보호의무위반,건조,맑음,교차로 - 교차로횡단보도내,승용,남,42세,상해없음,보행자,여,45세,중상
2022072000100135,2022년 7월 20일 09시,수요일,강원도 삼척시 원덕읍,중상사고,0,1,0,0,차대차 - 정면충돌,중앙선침범,건조,맑음,단일로 - 기타,승용,여,61세,상해없음,승용,여,64세,중상
2022072000100136,2022년 7월 20일 09시,수요일,강원도 화천군 간동면,경상사고,0,0,1,0,차대차 - 추돌,안전운전불이행,건조,맑음,교차로 - 교차로부근,이륜,남,54세,상해없음,승용,남,64세,경상
2022072000100172,2022년 7월 20일 10시,수요일,강원도 양양군 양양읍,경상사고,0,0,1,0,차대차 - 측면충돌,안전운전불이행,건조,맑음,교차로 - 교차로안,승용,남,49세,상해없음,승용,여,67세,경상
2022072000100173,2022년 7월 20일 10시,수요일,강원도 철원군 갈말읍,중상사고,0,1,1,0,차대차 - 측면충돌,안전운전불이행,건조,맑음,교차로 - 교차로안,승용,남,41세,상해없음,승용,여,60세,경상
2022072000100228,2022년 7월 20일 12시,수요일,강원도 화천군 하남면,중상사고,0,4,1,0,차대차 - 정면충돌,중앙선침범,건조,맑음,단일로 - 교량,승용,여,66세,경상,승용,남,26세,중상
2022072000100257,2022년 7월 20일 13시,수요일,강원도 춘천시 효자동,경상사고,0,0,1,1,차대차 - 기타,직진우회전진행방해,건조,맑음,교차로 - 교차로안,승용,여,29세,부상신고,승용,여,56세,경상
2022072000100258,2022년 7월 20일 13시,수요일,강원도 횡성군 둔내면,중상사고,0,2,5,0,차대차 - 추돌,안전거리미확보,건조,맑음,단일로 - 기타,승용,여,63세,상해없음,승용,남,62세,경상
2022072000100294,2022년 7월 20일 14시,수요일,강원도 강릉시 홍제동,경상사고,0,0,1,0,차대차 - 측면충돌,신호위반,건조,맑음,교차로 - 교차로안,승용,여,60세,기타불명,승용,여,39세,경상
2022072000100370,2022년 7월 20일 16시,수요일,강원도 춘천시 후평동,경상사고,0,0,2,0,차대차 - 기타,안전거리미확보,건조,맑음,기타 - 기타,승용,남,37세,기타불명,승용,여,37세,경상
2022072000100447,2022년 7월 20일 18시,수요일,강원도 원주시 중앙동,경상사고,0,0,1,0,차대차 - 측면충돌,안전운전불이행,건조,맑음,교차로 - 교차로안,승용,여,66세,상해없음,이륜,남,22세,경상
2022072000100448,2022년 7월 20일 18시,수요일,강원도 정선군 정선읍,경상사고,0,0,2,1,차대차 - 기타,중앙선침범,건조,맑음,단일로 - 기타,승용,여,24세,부상신고,승용,남,28세,경상
2022072000100552,2022년 7월 20일 21시,수요일,강원도 홍천군 두촌면,경상사고,0,0,1,0,차대차 - 추돌,안전운전불이행,젖음/습기,비,교차로 - 교차로부근,승용,남,53세,상해없음,승용,여,54세,경상
2022072000100601,2022년 7월 20일 23시,수요일,강원도 원주시 지정면,경상사고,0,0,1,0,차대차 - 기타,안전운전불이행,건조,맑음,단일로 - 기타,승합,남,33세,기타불명,승용,남,21세,상해없음
2022072100100085,2022년 7월 21일 07시,목요일,강원도 태백시 조탄동,중상사고,0,1,0,0,차대차 - 정면충돌,중앙선침범,젖음/습기,비,단일로 - 기타,건설기계,남,57세,상해없음,화물,남,49세,중상
2022072100100110,2022년 7월 21일 08시,목요일,강원도 화천군 화천읍,경상사고,0,0,1,1,차대차 - 측면충돌,교차로운행방법위반,건조,흐림,교차로 - 교차로안,승용,여,58세,부상신고,승용,남,24세,경상
2022072100100139,2022년 7월 21일 09시,목요일,강원도 원주시 관설동,경상사고,0,0,1,0,차대차 - 추돌,안전거리미확보,건조,맑음,교차로 - 교차로안,승용,남,67세,상해없음,승용,여,59세,경상
2022072100100194,2022년 7월 21일 11시,목요일,강원도 속초시 노학동,경상사고,0,0,2,0,차대차 - 후진중충돌,안전운전불이행,젖음/습기,비,주차장 - 주차장,승용,남,66세,상해없음,승용,남,35세,경상
2022072100100221,2022년 7월 21일 12시,목요일,강원도 원주시 개운동,경상사고,0,0,1,0,차대차 - 측면충돌,신호위반,젖음/습기,비,교차로 - 교차로안,승용,여,41세,상해없음,승용,남,27세,경상
2022072100100250,2022년 7월 21일 13시,목요일,강원도 원주시 무실동,경상사고,0,0,4,0,차대차 - 정면충돌,중앙선침범,젖음/습기,비,교차로 - 교차로부근,승용,남,50세,상해없음,승용,남,52세,경상
2022072100100281,2022년 7월 21일 14시,목요일,강원도 춘천시 남면,중상사고,0,1,16,0,차대차 - 추돌,안전거리미확보,건조,맑음,단일로 - 기타,승용,남,40세,경상,승용,남,39세,경상
2022072100100424,2022년 7월 21일 18시,목요일,강원도 춘천시 석사동,경상사고,0,0,1,0,차대차 - 기타,교차로운행방법위반,건조,맑음,교차로 - 교차로안,승용,남,65세,상해없음,승용,남,61세,경상
2022072100100425,2022년 7월 21일 18시,목요일,강원도 강릉시 홍제동,경상사고,0,0,1,0,차대차 - 측면충돌,안전운전불이행,젖음/습기,비,교차로 - 교차로안,화물,남,70세,상해없음,승용,남,34세,경상
2022072100100426,2022년 7월 21일 18시,목요일,강원도 태백시 황지동,경상사고,0,0,2,0,차대차 - 측면충돌,안전운전불이행,건조,맑음,단일로 - 기타,승용,남,54세,상해없음,승용,여,35세,경상
2022072100100460,2022년 7월 21일 19시,목요일,강원도 춘천시 석사동,부상신고사고,0,0,0,1,차대사람 - 기타,보행자보호의무위반,건조,맑음,기타 - 기타,기타불명,기타불명,미분류,기타불명,보행자,여,69세,부상신고
2022072100100461,2022년 7월 21일 19시,목요일,강원도 춘천시 중앙로2가,경상사고,0,0,1,0,차대차 - 측면충돌,기타,건조,맑음,단일로 - 기타,이륜,남,45세,상해없음,승용,남,46세,경상
2022072100100485,2022년 7월 21일 20시,목요일,강원도 원주시 반곡동,중상사고,0,1,1,0,차대차 - 측면충돌,안전운전불이행,건조,맑음,단일로 - 기타,승용,남,59세,상해없음,승용,남,37세,중상
2022072100100486,2022년 7월 21일 20시,목요일,강원도 동해시 쇄운동,경상사고,0,0,1,0,차대사람 - 횡단중,보행자보호의무위반,젖음/습기,비,교차로 - 교차로부근,이륜,남,17세,상해없음,보행자,남,44세,경상
2022072100100506,2022년 7월 21일 21시,목요일,강원도 동해시 천곡동,경상사고,0,0,1,0,차대차 - 기타,교차로운행방법위반,젖음/습기,비,교차로 - 교차로안,승용,여,41세,상해없음,승용,남,69세,상해없음
2022072100100527,2022년 7월 21일 22시,목요일,강원도 원주시 우산동,경상사고,0,0,3,0,차대차 - 추돌,안전운전불이행,건조,맑음,교차로 - 교차로부근,화물,남,59세,상해없음,승용,남,55세,경상
2022072100100528,2022년 7월 21일 22시,목요일,강원도 원주시 단계동,경상사고,0,0,1,0,차대차 - 기타,신호위반,건조,맑음,교차로 - 교차로횡단보도내,승용,여,53세,상해없음,개인형이동수단(PM),여,18세,경상
2022072200100073,2022년 7월 22일 07시,금요일,강원도 원주시 신림면,경상사고,0,0,2,0,차대차 - 측면충돌,안전운전불이행,젖음/습기,흐림,단일로 - 기타,화물,남,36세,상해없음,화물,남,66세,경상
2022072200100098,2022년 7월 22일 08시,금요일,강원도 춘천시 신동면,경상사고,0,0,2,0,차대차 - 측면충돌,안전운전불이행,건조,맑음,교차로 - 교차로부근,화물,남,51세,상해없음,승용,남,65세,경상
2022072200100127,2022년 7월 22일 09시,금요일,강원도 동해시 천곡동,경상사고,0,0,1,0,차대차 - 측면충돌,안전운전불이행,건조,맑음,단일로 - 기타,화물,남,46세,상해없음,이륜,남,36세,경상
2022072200100128,2022년 7월 22일 09시,금요일,강원도 횡성군 둔내면,경상사고,0,0,1,0,차대차 - 기타,안전운전불이행,건조,맑음,기타 - 기타,화물,남,41세,상해없음,화물,남,39세,경상
2022072200100191,2022년 7월 22일 11시,금요일,강원도 속초시 대포동,중상사고,0,1,1,0,차대차 - 정면충돌,신호위반,건조,흐림,교차로 - 교차로부근,승용,남,60세,상해없음,승용,여,66세,경상
2022072200100192,2022년 7월 22일 11시,금요일,강원도 태백시 황지동,경상사고,0,0,1,0,차대차 - 추돌,안전거리미확보,건조,맑음,단일로 - 기타,승용,남,58세,상해없음,승용,남,50세,경상
2022072200100193,2022년 7월 22일 11시,금요일,강원도 고성군 토성면,경상사고,0,0,1,0,차대차 - 추돌,안전운전불이행,젖음/습기,흐림,주차장 - 주차장,승용,남,45세,상해없음,승용,남,61세,경상
2022072200100233,2022년 7월 22일 12시,금요일,강원도 홍천군 두촌면,경상사고,0,0,1,0,차대차 - 추돌,안전운전불이행,건조,맑음,단일로 - 기타,화물,남,38세,상해없음,화물,남,62세,경상
2022072200100279,2022년 7월 22일 13시,금요일,강원도 화천군 간동면,경상사고,0,0,1,0,차대차 - 추돌,안전운전불이행,건조,맑음,교차로 - 교차로부근,승용,여,62세,상해없음,승용,남,28세,경상
2022072200100280,2022년 7월 22일 13시,금요일,강원도 태백시 황지동,경상사고,0,0,2,0,차대차 - 기타,직진우회전진행방해,젖음/습기,비,교차로 - 교차로안,승용,남,74세,상해없음,승용,남,65세,경상
2022072200100311,2022년 7월 22일 14시,금요일,강원도 원주시 지정면,경상사고,0,0,1,0,차대사람 - 횡단중,보행자보호의무위반,건조,맑음,단일로 - 기타,승합,남,41세,상해없음,보행자,남,7세,경상
2022072200100378,2022년 7월 22일 16시,금요일,강원도 원주시 단구동,경상사고,0,0,1,0,차대차 - 측면충돌,신호위반,건조,맑음,교차로 - 교차로안,승용,남,70세,상해없음,승용,남,45세,경상
2022072200100466,2022년 7월 22일 18시,금요일,강원도 속초시 교동,경상사고,0,0,1,0,차대차 - 측면충돌,직진우회전진행방해,건조,맑음,교차로 - 교차로안,승용,남,38세,상해없음,원동기,남,27세,경상
2022072200100608,2022년 7월 22일 23시,금요일,강원도 강릉시 홍제동,중상사고,0,1,1,0,차대차 - 기타,신호위반,건조,맑음,교차로 - 교차로안,승용,남,61세,상해없음,승용,남,47세,경상
2022072300100021,2022년 7월 23일 01시,토요일,강원도 강릉시 교동,경상사고,0,0,3,0,차대차 - 기타,신호위반,건조,맑음,교차로 - 교차로안,승용,남,22세,경상,승용,남,19세,상해없음
2022072300100081,2022년 7월 23일 08시,토요일,강원도 속초시 동명동,경상사고,0,0,2,0,차대차 - 후진중충돌,안전운전불이행,건조,맑음,교차로 - 교차로부근,승용,남,53세,상해없음,승용,남,62세,경상
2022072300100121,2022년 7월 23일 10시,토요일,강원도 원주시 단계동,경상사고,0,0,1,0,차대차 - 측면충돌,직진우회전진행방해,건조,맑음,교차로 - 교차로안,화물,남,58세,상해없음,승용,남,64세,경상
2022072300100191,2022년 7월 23일 12시,토요일,강원도 춘천시 남산면,부상신고사고,0,0,0,1,차량단독 - 기타,안전운전불이행,건조,맑음,기타 - 기타,사륜오토바이(ATV),남,22세,상해없음,,,,
2022072300100192,2022년 7월 23일 12시,토요일,강원도 속초시 교동,경상사고,0,0,2,0,차대차 - 측면충돌,안전운전불이행,건조,맑음,교차로 - 교차로부근,승용,남,62세,상해없음,승용,여,47세,경상
2022072300100193,2022년 7월 23일 12시,토요일,강원도 속초시 중앙동,중상사고,0,1,0,0,차대차 - 측면충돌,안전운전불이행,건조,맑음,교차로 - 교차로안,화물,남,62세,상해없음,원동기,여,74세,중상
2022072300100194,2022년 7월 23일 12시,토요일,강원도 고성군 거진읍,경상사고,0,0,1,0,차대사람 - 기타,안전운전불이행,건조,맑음,기타 - 기타,승용,남,80세,상해없음,보행자,남,7세,경상
2022072300100268,2022년 7월 23일 14시,토요일,강원도 원주시 원동,경상사고,0,0,1,0,차대차 - 추돌,안전거리미확보,건조,흐림,교차로 - 교차로안,승용,남,64세,상해없음,이륜,남,25세,경상
2022072300100269,2022년 7월 23일 14시,토요일,강원도 춘천시 동산면,경상사고,0,0,4,0,차대차 - 추돌,안전운전불이행,건조,맑음,단일로 - 터널,승용,남,24세,상해없음,승용,남,43세,경상
2022072300100297,2022년 7월 23일 15시,토요일,강원도 강릉시 옥천동,경상사고,0,0,1,0,차대사람 - 횡단중,안전운전불이행,건조,맑음,단일로 - 기타,승용,남,29세,기타불명,보행자,남,41세,경상
2022072300100298,2022년 7월 23일 15시,토요일,강원도 속초시 교동,경상사고,0,0,2,0,차대차 - 기타,안전운전불이행,건조,맑음,교차로 - 교차로부근,승용,남,56세,상해없음,화물,남,61세,기타불명
2022072300100328,2022년 7월 23일 16시,토요일,강원도 동해시 구미동,부상신고사고,0,0,0,1,차대사람 - 기타,안전운전불이행,건조,맑음,미분류 - 미분류,기타불명,기타불명,미분류,기타불명,보행자,여,61세,부상신고
2022072300100377,2022년 7월 23일 18시,토요일,강원도 정선군 고한읍,경상사고,0,0,3,0,차대차 - 추돌,안전운전불이행,건조,맑음,단일로 - 기타,승용,남,53세,상해없음,승용,남,18세,경상
2022072300100403,2022년 7월 23일 19시,토요일,강원도 속초시 조양동,경상사고,0,0,1,0,차대차 - 추돌,안전운전불이행,젖음/습기,흐림,단일로 - 기타,승용,남,48세,상해없음,승용,남,27세,경상
2022072300100440,2022년 7월 23일 20시,토요일,강원도 춘천시 석사동,경상사고,0,0,1,0,차대차 - 측면충돌,중앙선침범,젖음/습기,비,단일로 - 기타,승용,남,38세,상해없음,이륜,남,56세,경상
2022072300100441,2022년 7월 23일 20시,토요일,강원도 정선군 사북읍,경상사고,0,0,1,0,차대사람 - 차도통행중,안전운전불이행,젖음/습기,비,단일로 - 기타,승용,남,46세,상해없음,보행자,남,24세,경상
2022072300100509,2022년 7월 23일 22시,토요일,강원도 태백시 장성동,경상사고,0,0,1,0,차량단독 - 공작물충돌,안전운전불이행,건조,맑음,단일로 - 기타,화물,남,61세,경상,,,,
2022072400100010,2022년 7월 24일 00시,일요일,강원도 원주시 인동,중상사고,0,1,1,0,차대차 - 기타,중앙선침범,젖음/습기,비,교차로 - 교차로부근,승용,남,34세,상해없음,승용,여,64세,중상
2022072400100031,2022년 7월 24일 02시,일요일,강원도 원주시 판부면,경상사고,0,0,2,1,차대차 - 측면충돌,안전운전불이행,젖음/습기,흐림,교차로 - 교차로안,승용,남,24세,부상신고,승용,남,47세,경상
2022072400100040,2022년 7월 24일 03시,일요일,강원도 원주시 단구동,경상사고,0,0,1,0,차대차 - 측면충돌,중앙선침범,젖음/습기,비,단일로 - 기타,승용,여,57세,상해없음,승용,남,46세,경상
2022072400100093,2022년 7월 24일 10시,일요일,강원도 원주시 중앙동,경상사고,0,0,1,0,차대사람 - 기타,안전운전불이행,건조,흐림,단일로 - 기타,화물,남,69세,상해없음,보행자,여,70세,경상
2022072400100094,2022년 7월 24일 10시,일요일,강원도 양양군 서면,경상사고,0,0,1,0,차대차 - 측면충돌,안전거리미확보,건조,맑음,단일로 - 기타,승용,남,69세,상해없음,승용,남,49세,경상
2022072400100122,2022년 7월 24일 12시,일요일,강원도 춘천시 서면,경상사고,0,0,5,0,차대차 - 기타,안전운전불이행,건조,맑음,교차로 - 교차로부근,화물,남,45세,상해없음,승용,남,31세,경상
2022072400100150,2022년 7월 24일 13시,일요일,강원도 원주시 단계동,경상사고,0,0,2,0,차대차 - 측면충돌,교차로운행방법위반,건조,흐림,교차로 - 교차로안,승용,여,19세,상해없음,승용,남,56세,경상
2022072400100151,2022년 7월 24일 13시,일요일,강원도 평창군 대관령면,부상신고사고,0,0,0,1,차대차 - 측면충돌,안전운전불이행,건조,맑음,교차로 - 교차로안,승용,여,77세,부상신고,승용,남,83세,상해없음
2022072400100176,2022년 7월 24일 14시,일요일,강원도 속초시 조양동,중상사고,0,1,0,0,차대차 - 추돌,안전운전불이행,건조,맑음,단일로 - 기타,승용,여,40세,상해없음,이륜,남,22세,중상
2022072400100177,2022년 7월 24일 14시,일요일,강원도 화천군 사내면,중상사고,0,1,3,0,차대차 - 정면충돌,중앙선침범,건조,맑음,단일로 - 기타,승용,남,56세,기타불명,승용,남,38세,중상
2022072400100178,2022년 7월 24일 14시,일요일,강원도 홍천군 내촌면,경상사고,0,0,8,0,차대차 - 추돌,신호위반,건조,맑음,단일로 - 기타,승용,남,32세,경상,승용,남,33세,경상
2022072400100206,2022년 7월 24일 15시,일요일,강원도 홍천군 서석면,중상사고,0,2,0,0,차대차 - 정면충돌,중앙선침범,건조,맑음,단일로 - 기타,승용,여,64세,기타불명,화물,여,64세,중상
2022072400100257,2022년 7월 24일 17시,일요일,강원도 속초시 조양동,중상사고,0,1,0,0,차대사람 - 차도통행중,안전운전불이행,건조,흐림,교차로 - 교차로안,승용,여,47세,상해없음,보행자,여,41세,중상
2022072400100287,2022년 7월 24일 18시,일요일,강원도 원주시 호저면,경상사고,0,0,5,0,차대차 - 측면충돌,신호위반,건조,맑음,교차로 - 교차로안,승용,남,46세,상해없음,승용,여,42세,경상
2022072400100288,2022년 7월 24일 18시,일요일,강원도 영월군 영월읍,중상사고,0,1,8,2,차량단독 - 공작물충돌,안전운전불이행,건조,맑음,교차로 - 교차로안,승합,남,50세,상해없음,,,,
2022072400100289,2022년 7월 24일 18시,일요일,강원도 정선군 고한읍,경상사고,0,0,2,0,차대차 - 기타,직진우회전진행방해,건조,맑음,교차로 - 교차로안,승용,여,47세,경상,승용,남,28세,경상
2022072400100344,2022년 7월 24일 20시,일요일,강원도 춘천시 동면,경상사고,0,0,1,0,차대차 - 추돌,안전운전불이행,건조,맑음,단일로 - 기타,승용,남,52세,상해없음,승용,남,48세,경상
2022072400100345,2022년 7월 24일 20시,일요일,강원도 영월군 영월읍,경상사고,0,0,1,0,차대사람 - 길가장자리구역통행중,안전운전불이행,건조,맑음,교차로 - 교차로안,승용,남,66세,상해없음,보행자,남,61세,경상
2022072400100368,2022년 7월 24일 21시,일요일,강원도 강릉시 교동,경상사고,0,0,1,0,차대차 - 측면충돌,안전운전불이행,건조,맑음,교차로 - 교차로부근,승용,남,54세,상해없음,이륜,남,17세,경상
2022072400100369,2022년 7월 24일 21시,일요일,강원도 원주시 무실동,경상사고,0,0,1,0,차대차 - 측면충돌,신호위반,건조,맑음,교차로 - 교차로안,승용,여,24세,상해없음,승용,남,63세,경상
2022072500100089,2022년 7월 25일 08시,월요일,강원도 원주시 우산동,경상사고,0,0,5,0,차대차 - 측면충돌,교차로운행방법위반,건조,맑음,교차로 - 교차로안,승합,여,57세,경상,승용,남,64세,경상
2022072500100090,2022년 7월 25일 08시,월요일,강원도 양양군 손양면,경상사고,0,0,1,0,차대차 - 추돌,안전운전불이행,건조,맑음,단일로 - 고가도로위,화물,남,59세,상해없음,승용,여,46세,경상
2022072500100132,2022년 7월 25일 09시,월요일,강원도 원주시 인동,경상사고,0,0,1,0,차대차 - 추돌,안전거리미확보,건조,맑음,단일로 - 기타,승용,여,39세,상해없음,화물,남,76세,경상
2022072500100133,2022년 7월 25일 09시,월요일,강원도 양양군 양양읍,부상신고사고,0,0,0,5,차대차 - 추돌,안전운전불이행,건조,맑음,교차로 - 교차로부근,승용,남,30세,상해없음,승용,남,69세,부상신고
2022072500100134,2022년 7월 25일 09시,월요일,강원도 고성군 거진읍,경상사고,0,0,2,0,차대차 - 측면충돌,안전운전불이행,건조,맑음,교차로 - 교차로부근,승용,남,72세,상해없음,승용,여,48세,경상
2022072500100208,2022년 7월 25일 11시,월요일,강원도 원주시 명륜동,경상사고,0,0,1,0,차대차 - 측면충돌,안전운전불이행,건조,맑음,교차로 - 교차로안,승용,남,75세,상해없음,승용,남,57세,경상
2022072500100209,2022년 7월 25일 11시,월요일,강원도 원주시 소초면,중상사고,0,1,2,0,차대차 - 정면충돌,중앙선침범,건조,맑음,단일로 - 기타,승용,여,68세,상해없음,화물,남,58세,경상
2022072500100210,2022년 7월 25일 11시,월요일,강원도 속초시 교동,중상사고,0,1,0,0,차대차 - 측면충돌,안전운전불이행,건조,맑음,단일로 - 기타,승용,여,64세,상해없음,자전거,남,15세,중상
2022072500100251,2022년 7월 25일 12시,월요일,강원도 원주시 인동,경상사고,0,0,3,0,차대차 - 기타,안전거리미확보,건조,맑음,단일로 - 기타,승용,여,36세,상해없음,승용,남,29세,경상
2022072500100252,2022년 7월 25일 12시,월요일,강원도 태백시 화전동,경상사고,0,0,3,0,차대차 - 추돌,안전운전불이행,건조,맑음,단일로 - 기타,화물,남,56세,상해없음,화물,남,67세,경상
2022072500100278,2022년 7월 25일 13시,월요일,강원도 춘천시 효자동,경상사고,0,0,1,0,차대차 - 측면충돌,직진우회전진행방해,건조,맑음,교차로 - 교차로안,승용,남,19세,기타불명,승용,남,56세,경상
2022072500100279,2022년 7월 25일 13시,월요일,강원도 원주시 문막읍,경상사고,0,0,2,0,차대차 - 측면충돌,안전운전불이행,건조,맑음,교차로 - 교차로안,승용,남,39세,상해없음,승용,남,68세,경상
2022072500100302,2022년 7월 25일 14시,월요일,강원도 춘천시 서면,경상사고,0,0,1,0,차대차 - 측면충돌,안전운전불이행,건조,맑음,단일로 - 기타,승용,여,62세,상해없음,승용,남,36세,경상
2022072500100379,2022년 7월 25일 16시,월요일,강원도 춘천시 동내면,경상사고,0,0,2,0,차대차 - 기타,안전운전불이행,건조,맑음,기타 - 기타,화물,여,46세,경상,승용,여,49세,경상
2022072500100380,2022년 7월 25일 16시,월요일,강원도 동해시 천곡동,경상사고,0,0,1,0,차대차 - 기타,안전운전불이행,건조,맑음,단일로 - 기타,승용,남,67세,상해없음,승용,남,55세,경상
2022072500100424,2022년 7월 25일 17시,월요일,강원도 정선군 사북읍,경상사고,0,0,1,0,차대차 - 기타,안전운전불이행,건조,맑음,주차장 - 주차장,승용,여,57세,상해없음,승용,남,44세,경상
2022072500100472,2022년 7월 25일 18시,월요일,강원도 강릉시 내곡동,경상사고,0,0,2,0,차대차 - 측면충돌,신호위반,건조,맑음,교차로 - 교차로안,승용,남,32세,상해없음,승용,남,45세,경상
2022072500100473,2022년 7월 25일 18시,월요일,강원도 원주시 지정면,중상사고,0,2,1,0,차대차 - 측면충돌,안전운전불이행,건조,맑음,단일로 - 터널,승용,남,29세,상해없음,승합,남,56세,경상
2022072500100508,2022년 7월 25일 19시,월요일,강원도 동해시 이도동,경상사고,0,0,2,0,차대차 - 측면충돌,중앙선침범,건조,맑음,단일로 - 기타,승용,남,56세,상해없음,승용,남,58세,경상
2022072500100538,2022년 7월 25일 20시,월요일,강원도 태백시 황지동,경상사고,0,0,1,0,차대차 - 기타,직진우회전진행방해,건조,맑음,교차로 - 교차로안,승용,남,58세,상해없음,승용,여,30세,경상
2022072500100566,2022년 7월 25일 21시,월요일,강원도 원주시 지정면,경상사고,0,0,1,0,차대차 - 추돌,안전운전불이행,건조,맑음,교차로 - 교차로부근,승용,남,32세,상해없음,이륜,남,37세,경상
2022072600100017,2022년 7월 26일 01시,화요일,강원도 원주시 단계동,중상사고,0,1,0,0,차대차 - 측면충돌,안전운전불이행,건조,맑음,교차로 - 교차로안,승용,남,43세,상해없음,개인형이동수단(PM),남,18세,상해없음
2022072600100065,2022년 7월 26일 07시,화요일,강원도 태백시 하사미동,경상사고,0,0,1,0,차대차 - 정면충돌,안전운전불이행,건조,맑음,단일로 - 기타,화물,남,41세,상해없음,승용,여,62세,경상
2022072600100066,2022년 7월 26일 07시,화요일,강원도 고성군 거진읍,중상사고,0,1,0,0,차대차 - 측면충돌,교차로운행방법위반,건조,흐림,교차로 - 교차로안,승용,남,47세,상해없음,이륜,남,67세,중상
2022072600100067,2022년 7월 26일 07시,화요일,강원도 고성군 현내면,중상사고,0,1,0,0,차대사람 - 기타,안전운전불이행,젖음/습기,흐림,기타 - 기타,원동기,남,46세,상해없음,보행자,여,75세,중상
2022072600100125,2022년 7월 26일 09시,화요일,강원도 원주시 평원동,경상사고,0,0,1,0,차대차 - 기타,신호위반,건조,맑음,교차로 - 교차로안,승용,남,61세,상해없음,승용,남,47세,경상
2022072600100160,2022년 7월 26일 10시,화요일,강원도 원주시 신림면,경상사고,0,0,1,0,차대차 - 기타,중앙선침범,건조,맑음,단일로 - 기타,승용,여,65세,상해없음,화물,여,66세,경상
2022072600100208,2022년 7월 26일 11시,화요일,강원도 춘천시 남산면,경상사고,0,0,3,0,차대차 - 기타,기타,건조,맑음,교차로 - 교차로안,승용,남,66세,상해없음,승용,여,52세,경상
2022072600100209,2022년 7월 26일 11시,화요일,강원도 원주시 무실동,경상사고,0,0,1,0,차대차 - 추돌,안전운전불이행,건조,맑음,기타 - 기타,화물,남,60세,상해없음,승용,여,52세,경상
2022072600100271,2022년 7월 26일 13시,화요일,강원도 홍천군 홍천읍,경상사고,0,0,3,0,차대차 - 추돌,안전운전불이행,건조,맑음,단일로 - 기타,화물,남,39세,상해없음,승용,남,40세,경상
2022072600100272,2022년 7월 26일 13시,화요일,강원도 태백시 문곡동,중상사고,0,2,2,0,차대차 - 추돌,안전운전불이행,건조,맑음,단일로 - 교량,승용,남,64세,상해없음,승용,남,65세,경상
2022072600100319,2022년 7월 26일 14시,화요일,강원도 원주시 명륜동,경상사고,0,0,1,0,차대차 - 추돌,안전운전불이행,건조,맑음,교차로 - 교차로부근,승용,남,56세,상해없음,승용,여,44세,경상