사고번호,사고일시,요일,시군구,사고내용,사망자수,중상자수,경상자수,부상신고자수,사고유형,법규위반,노면상태,기상상태,도로형태,가해운전자 차종,가해운전자 성별,가해운전자 연령,가해운전자 상해정도,피해운전자 차종,피해운전자 성별,피해운전자 연령,피해운전자 상해정도
2022072600100363,2022년 7월 26일 15시,화요일,강원도 원주시 원동,경상사고,0,0,3,0,차대차 - 추돌,안전운전불이행,건조,맑음,교차로 - 교차로안,승용,여,46세,상해없음,승용,남,62세,경상
2022072600100364,2022년 7월 26일 15시,화요일,강원도 평창군 평창읍,중상사고,0,1,0,0,차대차 - 정면충돌,중앙선침범,건조,맑음,단일로 - 지하차도(도로)내,화물,남,30세,상해없음,화물,남,73세,중상
2022072600100365,2022년 7월 26일 15시,화요일,강원도 태백시 황지동,경상사고,0,0,1,0,차대사람 - 기타,안전운전불이행,건조,맑음,단일로 - 기타,승합,남,40세,상해없음,보행자,남,67세,경상
2022072600100401,2022년 7월 26일 16시,화요일,강원도 원주시 태장동,경상사고,0,0,2,0,차대차 - 측면충돌,안전운전불이행,건조,맑음,단일로 - 기타,승용,남,74세,상해없음,승용,남,57세,경상
2022072600100402,2022년 7월 26일 16시,화요일,강원도 원주시 태장동,경상사고,0,0,3,0,차대차 - 기타,안전운전불이행,건조,맑음,교차로 - 교차로부근,이륜,남,16세,상해없음,승합,남,63세,기타불명
2022072600100403,2022년 7월 26일 16시,화요일,강원도 정선군 정선읍,경상사고,0,0,2,0,차대차 - 기타,안전거리미확보,건조,맑음,단일로 - 기타,화물,남,61세,상해없음,승용,여,56세,경상
2022072600100404,2022년 7월 26일 16시,화요일,강원도 고성군 간성읍,경상사고,0,0,1,0,차량단독 - 기타,안전운전불이행,건조,맑음,교차로 - 교차로부근,화물,남,66세,상해없음,,,,
2022072600100444,2022년 7월 26일 17시,화요일,강원도 춘천시 후평동,경상사고,0,0,1,2,차대차 - 추돌,안전거리미확보,건조,맑음,단일로 - 기타,승용,남,27세,경상,승용,남,26세,부상신고
2022072600100484,2022년 7월 26일 18시,화요일,강원도 강릉시 교동,경상사고,0,0,3,0,차대차 - 측면충돌,안전운전불이행,건조,맑음,단일로 - 기타,승용,여,47세,기타불명,승용,남,39세,경상
2022072600100485,2022년 7월 26일 18시,화요일,강원도 철원군 철원읍,중상사고,0,1,0,0,차대사람 - 기타,안전운전불이행,건조,맑음,단일로 - 기타,개인형이동수단(PM),여,15세,상해없음,보행자,여,77세,중상
2022072600100519,2022년 7월 26일 19시,화요일,강원도 원주시 문막읍,경상사고,0,0,1,0,차대차 - 기타,안전거리미확보,건조,맑음,교차로 - 교차로안,화물,여,25세,상해없음,승합,남,66세,경상
2022072600100546,2022년 7월 26일 20시,화요일,강원도 춘천시 후평동,경상사고,0,0,1,0,차대차 - 기타,안전거리미확보,건조,맑음,교차로 - 교차로부근,승용,남,30세,상해없음,승용,남,37세,경상
2022072600100576,2022년 7월 26일 21시,화요일,강원도 양구군 양구읍,중상사고,0,1,0,0,차대사람 - 횡단중,보행자보호의무위반,건조,맑음,교차로 - 교차로횡단보도내,이륜,남,32세,기타불명,보행자,남,40세,중상
2022072600100593,2022년 7월 26일 22시,화요일,강원도 춘천시 신동면,중상사고,0,2,2,1,차대차 - 기타,교차로운행방법위반,건조,맑음,교차로 - 교차로안,승용,남,18세,부상신고,승용,남,25세,경상
2022072700100037,2022년 7월 27일 06시,수요일,강원도 홍천군 홍천읍,경상사고,0,0,2,0,차대차 - 추돌,안전거리미확보,건조,맑음,교차로 - 교차로부근,화물,남,42세,상해없음,승용,남,69세,경상
2022072700100046,2022년 7월 27일 07시,수요일,강원도 원주시 단계동,경상사고,0,0,1,0,차대차 - 측면충돌,차로위반,건조,맑음,단일로 - 기타,승용,여,35세,상해없음,승용,여,34세,경상
2022072700100073,2022년 7월 27일 08시,수요일,강원도 춘천시 동내면,경상사고,0,0,1,0,차대차 - 기타,안전운전불이행,건조,맑음,교차로 - 교차로안,승용,남,40세,상해없음,승용,여,56세,경상
2022072700100074,2022년 7월 27일 08시,수요일,강원도 강릉시 입암동,경상사고,0,0,1,0,차대사람 - 보도통행중,안전운전불이행,건조,맑음,단일로 - 기타,승용,여,37세,상해없음,보행자,여,57세,경상
2022072700100117,2022년 7월 27일 09시,수요일,강원도 횡성군 우천면,중상사고,0,1,0,0,차대차 - 기타,직진우회전진행방해,건조,맑음,교차로 - 교차로부근,승용,남,71세,상해없음,이륜,남,77세,중상
2022072700100152,2022년 7월 27일 10시,수요일,강원도 춘천시 석사동,경상사고,0,0,1,0,차대차 - 측면충돌,차로위반,건조,맑음,단일로 - 기타,승용,여,66세,상해없음,승합,남,48세,경상
2022072700100153,2022년 7월 27일 10시,수요일,강원도 정선군 북평면,경상사고,0,0,1,0,차대차 - 추돌,안전운전불이행,건조,맑음,단일로 - 기타,승용,여,65세,상해없음,화물,남,31세,경상
2022072700100177,2022년 7월 27일 11시,수요일,강원도 강릉시 강동면,경상사고,0,0,1,0,차대차 - 기타,안전운전불이행,건조,맑음,단일로 - 기타,화물,남,36세,기타불명,승용,남,40세,경상
2022072700100178,2022년 7월 27일 11시,수요일,강원도 강릉시 강동면,중상사고,0,1,1,0,차대차 - 추돌,안전운전불이행,건조,맑음,교차로 - 교차로부근,화물,남,37세,상해없음,승용,여,40세,중상
2022072700100208,2022년 7월 27일 12시,수요일,강원도 속초시 조양동,중상사고,0,1,1,0,차대차 - 측면충돌,안전거리미확보,건조,맑음,교차로 - 교차로안,화물,남,60세,상해없음,승용,남,46세,상해없음
2022072700100245,2022년 7월 27일 13시,수요일,강원도 춘천시 석사동,부상신고사고,0,0,0,2,차대차 - 측면충돌,안전운전불이행,건조,맑음,교차로 - 교차로안,승용,여,54세,부상신고,승합,남,48세,부상신고
2022072700100246,2022년 7월 27일 13시,수요일,강원도 원주시 우산동,경상사고,0,0,1,0,차대차 - 기타,안전운전불이행,건조,맑음,기타 - 기타,원동기,남,24세,상해없음,자전거,여,8세,경상
2022072700100247,2022년 7월 27일 13시,수요일,강원도 홍천군 남면,중상사고,0,1,2,0,차대차 - 측면충돌,직진우회전진행방해,건조,맑음,교차로 - 교차로안,승용,여,63세,경상,승용,여,45세,경상
2022072700100273,2022년 7월 27일 14시,수요일,강원도 춘천시 효자동,경상사고,0,0,1,0,차대사람 - 횡단중,신호위반,건조,맑음,교차로 - 교차로횡단보도내,승용,여,50세,상해없음,보행자,남,70세,경상
2022072700100307,2022년 7월 27일 15시,수요일,강원도 고성군 토성면,경상사고,0,0,1,0,차대차 - 측면충돌,중앙선침범,건조,맑음,교차로 - 교차로부근,승용,남,57세,상해없음,승용,여,33세,경상
2022072700100347,2022년 7월 27일 16시,수요일,강원도 삼척시 하장면,중상사고,0,1,0,0,차량단독 - 전도전복 - 전복,안전운전불이행,기타,맑음,기타 - 기타,화물,남,59세,상해없음,,,,
2022072700100439,2022년 7월 27일 18시,수요일,강원도 원주시 태장동,경상사고,0,0,1,0,차대차 - 추돌,안전운전불이행,건조,맑음,교차로 - 교차로부근,승용,여,70세,상해없음,승용,여,29세,경상
2022072700100478,2022년 7월 27일 19시,수요일,강원도 고성군 거진읍,경상사고,0,0,1,0,차대사람 - 기타,안전운전불이행,건조,흐림,기타 - 기타,승용,남,66세,상해없음,보행자,남,62세,경상
2022072700100540,2022년 7월 27일 22시,수요일,강원도 춘천시 근화동,경상사고,0,0,2,0,차대차 - 기타,안전운전불이행,건조,맑음,교차로 - 교차로부근,승용,남,40세,상해없음,승용,여,39세,경상
2022072800100005,2022년 7월 28일 00시,목요일,강원도 원주시 관설동,경상사고,0,0,3,0,차대차 - 정면충돌,안전운전불이행,건조,맑음,교차로 - 교차로안,승용,남,57세,경상,승용,남,56세,상해없음
2022072800100037,2022년 7월 28일 04시,목요일,강원도 강릉시 내곡동,경상사고,0,0,1,0,차대사람 - 기타,안전운전불이행,건조,맑음,기타 - 기타,승용,남,64세,상해없음,보행자,남,21세,경상
2022072800100043,2022년 7월 28일 05시,목요일,강원도 철원군 동송읍,경상사고,0,0,2,0,차대차 - 측면충돌,신호위반,건조,맑음,교차로 - 교차로안,화물,남,49세,상해없음,승용,남,74세,경상
2022072800100072,2022년 7월 28일 07시,목요일,강원도 고성군 토성면,중상사고,0,1,0,0,차대차 - 추돌,안전운전불이행,건조,흐림,기타 - 기타,승용,여,57세,상해없음,승용,여,63세,중상
2022072800100139,2022년 7월 28일 09시,목요일,강원도 원주시 흥업면,중상사고,0,1,0,0,차대차 - 측면충돌,교차로운행방법위반,건조,맑음,교차로 - 교차로안,화물,남,49세,기타불명,승용,여,51세,중상
2022072800100140,2022년 7월 28일 09시,목요일,강원도 춘천시 동산면,경상사고,0,0,3,7,차대차 - 추돌,안전거리미확보,건조,맑음,단일로 - 기타,승합,남,63세,상해없음,승용,남,54세,경상
2022072800100160,2022년 7월 28일 10시,목요일,강원도 태백시 황지동,경상사고,0,0,1,0,차대사람 - 기타,안전운전불이행,건조,맑음,주차장 - 주차장,화물,남,33세,상해없음,보행자,여,84세,경상
2022072800100189,2022년 7월 28일 11시,목요일,강원도 화천군 사내면,경상사고,0,0,1,0,차대차 - 측면충돌,안전거리미확보,건조,맑음,단일로 - 기타,승용,남,77세,상해없음,화물,남,24세,경상
2022072800100190,2022년 7월 28일 11시,목요일,강원도 동해시 천곡동,경상사고,0,0,1,0,차대차 - 측면충돌,안전운전불이행,건조,맑음,교차로 - 교차로안,승용,여,47세,상해없음,승용,여,51세,경상
2022072800100379,2022년 7월 28일 16시,목요일,강원도 원주시 신림면,경상사고,0,0,3,0,차대차 - 측면충돌,안전운전불이행,건조,흐림,기타 - 기타,화물,남,69세,기타불명,승용,남,32세,경상
2022072800100380,2022년 7월 28일 16시,목요일,강원도 원주시 단계동,경상사고,0,0,1,0,차대차 - 측면충돌,직진우회전진행방해,건조,맑음,교차로 - 교차로안,승용,남,73세,상해없음,승용,남,38세,경상
2022072800100381,2022년 7월 28일 16시,목요일,강원도 홍천군 영귀미면,경상사고,0,0,1,0,차대차 - 측면충돌,안전운전불이행,건조,맑음,교차로 - 교차로안,원동기,남,81세,경상,승용,여,63세,상해없음
2022072800100420,2022년 7월 28일 17시,목요일,강원도 철원군 갈말읍,경상사고,0,0,1,0,차대사람 - 길가장자리구역통행중,기타,건조,맑음,단일로 - 기타,자전거,여,84세,상해없음,보행자,여,80세,경상
2022072800100473,2022년 7월 28일 18시,목요일,강원도 원주시 단계동,경상사고,0,0,1,0,차대차 - 측면충돌,신호위반,건조,흐림,교차로 - 교차로안,이륜,남,20세,상해없음,승용,남,24세,경상
2022072800100474,2022년 7월 28일 18시,목요일,강원도 평창군 진부면,부상신고사고,0,0,0,1,차대사람 - 차도통행중,안전운전불이행,건조,맑음,단일로 - 지하차도(도로)내,승용,여,49세,상해없음,보행자,남,8세,부상신고
2022072800100475,2022년 7월 28일 18시,목요일,강원도 철원군 철원읍,경상사고,0,0,2,0,차대차 - 측면충돌,차로위반,건조,맑음,교차로 - 교차로부근,승용,남,19세,상해없음,승용,남,23세,경상
2022072800100512,2022년 7월 28일 19시,목요일,강원도 춘천시 퇴계동,경상사고,0,0,1,0,차대차 - 측면충돌,안전운전불이행,건조,맑음,교차로 - 교차로부근,승용,여,50세,상해없음,이륜,남,45세,경상
2022072900100103,2022년 7월 29일 08시,금요일,강원도 정선군 고한읍,경상사고,0,0,2,0,차대차 - 기타,안전운전불이행,건조,맑음,단일로 - 기타,승용,여,36세,상해없음,승용,여,23세,경상
2022072900100132,2022년 7월 29일 09시,금요일,강원도 춘천시 효자동,부상신고사고,0,0,0,1,차대사람 - 기타,안전운전불이행,건조,맑음,단일로 - 기타,승용,여,60세,상해없음,보행자,남,24세,부상신고
2022072900100189,2022년 7월 29일 11시,금요일,강원도 원주시 무실동,경상사고,0,0,5,0,차대차 - 측면충돌,안전운전불이행,건조,맑음,단일로 - 기타,승용,여,30세,상해없음,승용,여,26세,경상
2022072900100241,2022년 7월 29일 12시,금요일,강원도 춘천시 동내면,중상사고,0,1,0,0,차대차 - 기타,안전거리미확보,건조,맑음,단일로 - 기타,승용,남,23세,상해없음,자전거,남,50세,중상
2022072900100242,2022년 7월 29일 12시,금요일,강원도 고성군 토성면,경상사고,0,0,1,0,차대차 - 측면충돌,직진우회전진행방해,건조,흐림,기타 - 기타,승용,남,41세,상해없음,승용,여,48세,경상
2022072900100281,2022년 7월 29일 13시,금요일,강원도 양양군 현북면,경상사고,0,0,2,0,차대차 - 측면충돌,안전운전불이행,건조,맑음,단일로 - 기타,농기계,남,75세,상해없음,승용,남,61세,경상
2022072900100282,2022년 7월 29일 13시,금요일,강원도 속초시 도문동,경상사고,0,0,1,0,차대차 - 측면충돌,안전운전불이행,건조,맑음,교차로 - 교차로안,승용,여,35세,상해없음,화물,남,51세,경상
2022072900100316,2022년 7월 29일 14시,금요일,강원도 춘천시 교동,경상사고,0,0,1,0,차대차 - 기타,교차로운행방법위반,건조,맑음,교차로 - 교차로안,화물,남,44세,상해없음,이륜,남,27세,경상
2022072900100352,2022년 7월 29일 15시,금요일,강원도 횡성군 횡성읍,경상사고,0,0,1,0,차대차 - 측면충돌,안전운전불이행,건조,맑음,교차로 - 교차로안,건설기계,남,63세,상해없음,승용,여,52세,경상
2022072900100391,2022년 7월 29일 16시,금요일,강원도 강릉시 주문진읍,경상사고,0,0,1,0,차대차 - 기타,안전운전불이행,건조,맑음,단일로 - 기타,원동기,남,29세,상해없음,승용,여,26세,경상
2022072900100426,2022년 7월 29일 17시,금요일,강원도 원주시 단계동,경상사고,0,0,3,0,차대차 - 측면충돌,신호위반,건조,맑음,교차로 - 교차로안,승용,여,46세,상해없음,화물,남,65세,경상
2022072900100473,2022년 7월 29일 18시,금요일,강원도 원주시 명륜동,경상사고,0,0,1,0,차대차 - 후진중충돌,안전운전불이행,건조,흐림,기타 - 기타,승용,여,49세,기타불명,승용,여,56세,경상
2022072900100474,2022년 7월 29일 18시,금요일,강원도 홍천군 두촌면,경상사고,0,0,1,1,차대차 - 추돌,기타,건조,맑음,단일로 - 기타,승용,남,26세,부상신고,화물,남,52세,경상
2022072900100515,2022년 7월 29일 19시,금요일,강원도 춘천시 퇴계동,경상사고,0,0,2,0,차대차 - 기타,중앙선침범,건조,맑음,교차로 - 교차로부근,승용,남,21세,상해없음,승용,남,34세,경상
2022072900100611,2022년 7월 29일 22시,금요일,강원도 춘천시 운교동,중상사고,0,1,0,0,차대차 - 측면충돌,차로위반,젖음/습기,비,단일로 - 기타,승용,남,64세,상해없음,이륜,남,39세,중상
2022072900100612,2022년 7월 29일 22시,금요일,강원도 춘천시 효자동,경상사고,0,0,1,0,차대사람 - 보도통행중,안전운전불이행,기타,비,기타 - 기타,개인형이동수단(PM),남,24세,상해없음,보행자,여,38세,경상
2022072900100613,2022년 7월 29일 22시,금요일,강원도 강릉시 주문진읍,경상사고,0,0,1,0,차대차 - 측면충돌,안전운전불이행,건조,맑음,단일로 - 기타,이륜,남,16세,경상,이륜,남,40세,상해없음
2022073000100043,2022년 7월 30일 03시,토요일,강원도 원주시 단구동,중상사고,0,1,1,0,차대사람 - 횡단중,안전운전불이행,건조,맑음,교차로 - 교차로부근,승용,남,28세,상해없음,보행자,여,29세,중상
2022073000100128,2022년 7월 30일 09시,토요일,강원도 강릉시 견소동,경상사고,0,0,1,0,차대사람 - 기타,안전운전불이행,건조,맑음,주차장 - 주차장,승용,남,59세,상해없음,보행자,남,44세,경상
2022073000100129,2022년 7월 30일 09시,토요일,강원도 원주시 단구동,중상사고,0,1,0,0,차대차 - 측면충돌,교차로운행방법위반,건조,맑음,교차로 - 교차로안,승용,여,46세,상해없음,이륜,남,49세,중상
2022073000100157,2022년 7월 30일 10시,토요일,강원도 평창군 진부면,중상사고,0,2,0,0,차대차 - 측면충돌,중앙선침범,건조,맑음,단일로 - 지하차도(도로)내,승용,여,58세,상해없음,승용,여,65세,중상
2022073000100158,2022년 7월 30일 10시,토요일,강원도 횡성군 횡성읍,경상사고,0,0,2,0,차대차 - 측면충돌,교차로운행방법위반,건조,맑음,교차로 - 교차로안,승용,남,35세,상해없음,승용,여,38세,경상
2022073000100159,2022년 7월 30일 10시,토요일,강원도 횡성군 갑천면,경상사고,0,0,4,0,차대차 - 추돌,안전거리미확보,건조,맑음,단일로 - 기타,승용,여,26세,경상,승용,남,45세,상해없음
2022073000100184,2022년 7월 30일 11시,토요일,강원도 춘천시 동내면,경상사고,0,0,2,0,차대차 - 추돌,안전거리미확보,건조,맑음,교차로 - 교차로안,이륜,남,46세,경상,승용,남,56세,경상
2022073000100185,2022년 7월 30일 11시,토요일,강원도 속초시 조양동,중상사고,0,2,1,0,차대차 - 측면충돌,직진우회전진행방해,건조,맑음,교차로 - 교차로안,승용,남,50세,상해없음,승용,남,21세,경상
2022073000100210,2022년 7월 30일 12시,토요일,강원도 춘천시 서면,경상사고,0,0,4,0,차대차 - 기타,신호위반,건조,맑음,교차로 - 교차로안,승용,남,65세,경상,승용,남,24세,경상
2022073000100211,2022년 7월 30일 12시,토요일,강원도 동해시 발한동,경상사고,0,0,1,0,차대사람 - 기타,안전운전불이행,건조,흐림,기타 - 기타,이륜,남,61세,상해없음,보행자,여,5세,경상
2022073000100259,2022년 7월 30일 13시,토요일,강원도 정선군 정선읍,경상사고,0,0,1,0,차대차 - 기타,안전운전불이행,건조,맑음,교차로 - 교차로안,승용,남,61세,상해없음,원동기,남,55세,경상
2022073000100290,2022년 7월 30일 14시,토요일,강원도 강릉시 강동면,경상사고,0,0,1,0,차대차 - 기타,안전운전불이행,건조,맑음,교차로 - 교차로안,화물,남,72세,기타불명,승용,남,50세,경상
2022073000100320,2022년 7월 30일 15시,토요일,강원도 춘천시 후평동,경상사고,0,0,1,0,차대차 - 추돌,안전운전불이행,건조,맑음,교차로 - 교차로부근,승용,남,69세,상해없음,승용,남,53세,경상
2022073000100321,2022년 7월 30일 15시,토요일,강원도 강릉시 성남동,경상사고,0,0,1,0,차대차 - 기타,신호위반,건조,맑음,교차로 - 교차로부근,승용,여,63세,상해없음,자전거,남,67세,경상
2022073000100322,2022년 7월 30일 15시,토요일,강원도 홍천군 홍천읍,경상사고,0,0,5,0,차대차 - 측면충돌,직진우회전진행방해,건조,맑음,교차로 - 교차로안,승용,여,65세,경상,승용,여,26세,경상
2022073000100359,2022년 7월 30일 16시,토요일,강원도 원주시 태장동,경상사고,0,0,1,0,차대차 - 추돌,안전운전불이행,건조,맑음,단일로 - 기타,승용,남,43세,상해없음,승용,남,44세,경상
2022073000100392,2022년 7월 30일 17시,토요일,강원도 고성군 거진읍,경상사고,0,0,8,0,차대차 - 측면충돌,안전운전불이행,젖음/습기,비,교차로 - 교차로안,승용,여,43세,상해없음,승용,여,43세,경상
2022073000100484,2022년 7월 30일 20시,토요일,강원도 인제군 북면,경상사고,0,0,1,0,차대차 - 측면충돌,중앙선침범,건조,맑음,단일로 - 기타,승합,남,75세,상해없음,특수,남,60세,경상
2022073000100542,2022년 7월 30일 22시,토요일,강원도 강릉시 주문진읍,중상사고,0,1,0,0,차대사람 - 차도통행중,안전운전불이행,건조,맑음,단일로 - 기타,승용,남,31세,기타불명,보행자,남,50세,중상
2022073000100543,2022년 7월 30일 22시,토요일,강원도 원주시 무실동,경상사고,0,0,1,0,차대차 - 측면충돌,안전운전불이행,건조,맑음,교차로 - 교차로부근,승용,여,54세,상해없음,승용,여,34세,상해없음
2022073100100007,2022년 7월 31일 00시,일요일,강원도 원주시 우산동,경상사고,0,0,1,0,차대차 - 추돌,안전운전불이행,건조,맑음,교차로 - 교차로부근,승용,남,25세,상해없음,이륜,남,19세,경상
2022073100100052,2022년 7월 31일 04시,일요일,강원도 홍천군 서면,중상사고,0,1,0,1,차대차 - 추돌,안전거리미확보,건조,맑음,단일로 - 교량,승용,여,25세,상해없음,화물,남,60세,부상신고
2022073100100090,2022년 7월 31일 10시,일요일,강원도 영월군 영월읍,경상사고,0,0,5,0,차대차 - 정면충돌,중앙선침범,젖음/습기,비,단일로 - 기타,승용,남,49세,상해없음,승용,남,59세,경상
2022073100100111,2022년 7월 31일 11시,일요일,강원도 철원군 서면,경상사고,0,0,4,0,차대차 - 측면충돌,교차로운행방법위반,젖음/습기,비,교차로 - 교차로부근,승용,남,24세,상해없음,화물,남,61세,경상
2022073100100144,2022년 7월 31일 12시,일요일,강원도 원주시 무실동,경상사고,0,0,3,0,차대차 - 추돌,안전거리미확보,건조,맑음,단일로 - 기타,승용,남,69세,상해없음,승용,남,48세,경상
2022073100100175,2022년 7월 31일 13시,일요일,강원도 횡성군 둔내면,경상사고,0,0,5,0,차대차 - 추돌,안전운전불이행,건조,흐림,단일로 - 기타,승용,남,64세,상해없음,승용,남,31세,경상
2022073100100205,2022년 7월 31일 14시,일요일,강원도 속초시 조양동,경상사고,0,0,2,0,차대차 - 추돌,안전운전불이행,젖음/습기,비,단일로 - 기타,승용,여,24세,상해없음,승용,남,27세,경상
2022073100100241,2022년 7월 31일 15시,일요일,강원도 원주시 단구동,경상사고,0,0,1,0,차대사람 - 횡단중,안전운전불이행,젖음/습기,비,교차로 - 교차로횡단보도내,승용,여,60세,상해없음,보행자,남,51세,경상
2022073100100242,2022년 7월 31일 15시,일요일,강원도 횡성군 갑천면,경상사고,0,0,4,0,차대차 - 측면충돌,안전운전불이행,젖음/습기,비,교차로 - 교차로안,승용,여,54세,경상,화물,여,48세,경상
2022073100100300,2022년 7월 31일 17시,일요일,강원도 횡성군 횡성읍,경상사고,0,0,2,0,차대차 - 추돌,안전운전불이행,젖음/습기,비,단일로 - 기타,승용,남,57세,기타불명,승용,여,65세,경상
2022073100100325,2022년 7월 31일 18시,일요일,강원도 원주시 지정면,경상사고,0,0,2,0,차대차 - 측면충돌,안전운전불이행,젖음/습기,맑음,주차장 - 주차장,승용,여,42세,상해없음,승용,남,41세,경상
2022073100100356,2022년 7월 31일 19시,일요일,강원도 춘천시 퇴계동,중상사고,0,1,0,0,차대차 - 측면충돌,중앙선침범,건조,맑음,단일로 - 기타,승용,남,42세,상해없음,이륜,남,44세,중상
2022073100100357,2022년 7월 31일 19시,일요일,강원도 강릉시 견소동,경상사고,0,0,1,0,차대사람 - 차도통행중,안전운전불이행,건조,맑음,기타 - 기타,승용,여,19세,상해없음,보행자,여,34세,경상
2022073100100358,2022년 7월 31일 19시,일요일,강원도 영월군 영월읍,중상사고,0,2,2,0,차대차 - 측면충돌,안전거리미확보,젖음/습기,비,단일로 - 터널,승용,남,32세,상해없음,승용,남,58세,중상
2022073100100381,2022년 7월 31일 20시,일요일,강원도 원주시 단계동,경상사고,0,0,1,0,차대차 - 측면충돌,직진우회전진행방해,건조,맑음,교차로 - 교차로안,승용,남,74세,상해없음,승용,남,37세,경상
2022073100100431,2022년 7월 31일 22시,일요일,강원도 동해시 용정동,경상사고,0,0,1,0,차대차 - 추돌,안전운전불이행,젖음/습기,비,단일로 - 기타,승용,남,54세,기타불명,승용,남,24세,경상
2022073100100456,2022년 7월 31일 23시,일요일,강원도 화천군 사내면,중상사고,0,1,0,0,차량단독 - 도로외이탈 - 기타,안전운전불이행,침수,비,단일로 - 기타,승용,남,70세,상해없음,,,,
2022080100100083,2022년 8월 1일 08시,월요일,강원도 횡성군 우천면,중상사고,0,1,0,0,차대차 - 측면충돌,신호위반,젖음/습기,흐림,교차로 - 교차로안,승합,남,27세,상해없음,승용,남,30세,중상
2022080100100155,2022년 8월 1일 11시,월요일,강원도 홍천군 화촌면,경상사고,0,0,3,0,차대차 - 측면충돌,안전운전불이행,건조,맑음,기타 - 기타,승용,남,67세,상해없음,승용,남,24세,경상
2022080100100156,2022년 8월 1일 11시,월요일,강원도 춘천시 남산면,경상사고,0,0,6,0,차대차 - 추돌,안전운전불이행,건조,맑음,단일로 - 터널,승용,여,48세,상해없음,승용,남,63세,경상
2022080100100186,2022년 8월 1일 12시,월요일,강원도 원주시 관설동,경상사고,0,0,3,0,차대차 - 측면충돌,안전운전불이행,건조,맑음,단일로 - 기타,승용,남,73세,상해없음,승용,남,22세,경상
2022080100100187,2022년 8월 1일 12시,월요일,강원도 횡성군 횡성읍,경상사고,0,0,1,0,차대차 - 추돌,안전운전불이행,건조,맑음,단일로 - 기타,승합,남,66세,상해없음,승용,남,26세,경상
2022080100100188,2022년 8월 1일 12시,월요일,강원도 평창군 용평면,경상사고,0,0,1,0,차대사람 - 횡단중,안전운전불이행,건조,맑음,기타 - 기타,승용,남,60세,상해없음,보행자,남,64세,경상
2022080100100254,2022년 8월 1일 14시,월요일,강원도 강릉시 포남동,경상사고,0,0,2,0,차대차 - 측면충돌,안전운전불이행,건조,맑음,교차로 - 교차로안,승용,남,43세,상해없음,승용,남,34세,경상
2022080100100255,2022년 8월 1일 14시,월요일,강원도 춘천시 동산면,경상사고,0,0,18,5,차대차 - 추돌,안전운전불이행,건조,맑음,단일로 - 터널,승합,남,50세,상해없음,승용,남,24세,상해없음
2022080100100309,2022년 8월 1일 16시,월요일,강원도 춘천시 효자동,경상사고,0,0,1,0,차대차 - 측면충돌,안전거리미확보,건조,맑음,기타 - 기타,승용,여,63세,상해없음,승용,남,35세,경상
2022080100100345,2022년 8월 1일 17시,월요일,강원도 태백시 황지동,부상신고사고,0,0,0,1,차대차 - 기타,안전운전불이행,건조,맑음,단일로 - 기타,화물,남,66세,상해없음,승용,남,29세,부상신고
2022080100100346,2022년 8월 1일 17시,월요일,강원도 인제군 북면,경상사고,0,0,3,1,차대차 - 정면충돌,중앙선침범,건조,맑음,단일로 - 기타,승용,여,54세,경상,화물,여,50세,경상
2022080100100392,2022년 8월 1일 18시,월요일,강원도 정선군 사북읍,경상사고,0,0,1,0,차대차 - 기타,안전운전불이행,건조,맑음,기타 - 기타,승용,남,57세,상해없음,승용,남,46세,경상
2022080100100393,2022년 8월 1일 18시,월요일,강원도 양구군 양구읍,경상사고,0,0,1,0,차대사람 - 기타,보행자보호의무위반,건조,맑음,교차로 - 교차로안,승용,남,57세,상해없음,보행자,여,49세,경상
2022080100100421,2022년 8월 1일 19시,월요일,강원도 속초시 동명동,경상사고,0,0,1,0,차대사람 - 차도통행중,안전운전불이행,건조,맑음,단일로 - 기타,승용,남,65세,상해없음,보행자,여,55세,경상
2022080100100444,2022년 8월 1일 20시,월요일,강원도 강릉시 홍제동,경상사고,0,0,1,0,차대차 - 측면충돌,안전운전불이행,건조,맑음,단일로 - 기타,승용,남,25세,상해없음,승용,남,67세,경상
2022080100100495,2022년 8월 1일 22시,월요일,강원도 강릉시 옥천동,경상사고,0,0,1,0,차대차 - 측면충돌,안전운전불이행,건조,맑음,교차로 - 교차로안,승용,여,69세,상해없음,승용,여,29세,경상
2022080200100007,2022년 8월 2일 00시,화요일,강원도 속초시 조양동,경상사고,0,0,1,0,차대사람 - 횡단중,안전운전불이행,건조,맑음,단일로 - 기타,승용,남,20세,상해없음,보행자,남,29세,경상
2022080200100008,2022년 8월 2일 00시,화요일,강원도 강릉시 연곡면,경상사고,0,0,1,0,차대차 - 추돌,안전운전불이행,건조,맑음,단일로 - 기타,화물,남,52세,상해없음,화물,남,58세,경상
2022080200100075,2022년 8월 2일 07시,화요일,강원도 강릉시 남문동,경상사고,0,0,1,0,차대차 - 후진중충돌,안전운전불이행,젖음/습기,맑음,단일로 - 기타,승용,남,61세,상해없음,승용,여,58세,경상
2022080200100089,2022년 8월 2일 08시,화요일,강원도 춘천시 우두동,중상사고,0,1,0,0,차대차 - 측면충돌,안전운전불이행,건조,맑음,단일로 - 기타,승용,남,69세,상해없음,자전거,여,74세,중상