사고번호,사고일시,요일,시군구,사고내용,사망자수,중상자수,경상자수,부상신고자수,사고유형,법규위반,노면상태,기상상태,도로형태,가해운전자 차종,가해운전자 성별,가해운전자 연령,가해운전자 상해정도,피해운전자 차종,피해운전자 성별,피해운전자 연령,피해운전자 상해정도
2022081400100190,2022년 8월 14일 15시,일요일,강원도 속초시 조양동,중상사고,0,2,1,0,차대차 - 측면충돌,신호위반,건조,맑음,교차로 - 교차로안,승용,남,32세,상해없음,승용,남,72세,경상
2022081400100216,2022년 8월 14일 16시,일요일,강원도 속초시 교동,중상사고,0,1,0,0,차대사람 - 차도통행중,교차로운행방법위반,건조,맑음,교차로 - 교차로안,승용,남,61세,상해없음,보행자,남,64세,중상
2022081400100217,2022년 8월 14일 16시,일요일,강원도 횡성군 둔내면,중상사고,0,4,0,0,차대차 - 추돌,안전거리미확보,건조,맑음,단일로 - 기타,승용,남,62세,상해없음,승용,남,48세,중상
2022081400100240,2022년 8월 14일 17시,일요일,강원도 춘천시 중앙로3가,경상사고,0,0,1,0,차대차 - 기타,차로위반,건조,맑음,단일로 - 기타,승용,남,81세,상해없음,승합,남,44세,상해없음
2022081400100267,2022년 8월 14일 18시,일요일,강원도 속초시 장사동,중상사고,0,1,0,0,차대차 - 측면충돌,중앙선침범,건조,맑음,단일로 - 기타,승용,남,73세,상해없음,이륜,남,30세,중상
2022081400100295,2022년 8월 14일 19시,일요일,강원도 원주시 소초면,사망사고,1,0,0,0,차대사람 - 횡단중,안전운전불이행,젖음/습기,비,교차로 - 교차로횡단보도내,승용,남,67세,상해없음,보행자,남,61세,사망
2022081400100317,2022년 8월 14일 20시,일요일,강원도 강릉시 강동면,경상사고,0,0,3,0,차대차 - 정면충돌,중앙선침범,젖음/습기,비,단일로 - 기타,승용,남,68세,상해없음,승용,남,67세,경상
2022081400100318,2022년 8월 14일 20시,일요일,강원도 원주시 단구동,경상사고,0,0,1,0,차대차 - 측면충돌,기타,건조,맑음,단일로 - 기타,승용,남,66세,상해없음,이륜,남,33세,경상
2022081400100358,2022년 8월 14일 22시,일요일,강원도 춘천시 우두동,부상신고사고,0,0,0,1,차대사람 - 차도통행중,안전운전불이행,젖음/습기,비,교차로 - 교차로부근,승용,남,51세,상해없음,보행자,남,62세,부상신고
2022081400100359,2022년 8월 14일 22시,일요일,강원도 양구군 해안면,경상사고,0,0,1,0,차량단독 - 공작물충돌,안전운전불이행,젖음/습기,비,단일로 - 기타,승용,남,55세,경상,,,,
2022081400100378,2022년 8월 14일 23시,일요일,강원도 동해시 발한동,경상사고,0,0,2,0,차대차 - 추돌,교차로운행방법위반,건조,맑음,교차로 - 교차로안,승용,남,66세,상해없음,화물,남,45세,경상
2022081500100003,2022년 8월 15일 00시,월요일,강원도 원주시 문막읍,경상사고,0,0,2,0,차대차 - 기타,신호위반,건조,맑음,교차로 - 교차로안,승용,남,52세,상해없음,승용,남,26세,경상
2022081500100074,2022년 8월 15일 08시,월요일,강원도 원주시 호저면,중상사고,0,2,0,0,차대차 - 추돌,안전거리미확보,건조,맑음,단일로 - 기타,화물,남,57세,상해없음,승용,여,74세,중상
2022081500100084,2022년 8월 15일 09시,월요일,강원도 원주시 학성동,경상사고,0,0,2,0,차대차 - 기타,안전거리미확보,건조,맑음,단일로 - 기타,승용,여,62세,상해없음,승용,남,59세,경상
2022081500100101,2022년 8월 15일 10시,월요일,강원도 춘천시 신동면,경상사고,0,0,1,0,차대차 - 측면충돌,교차로운행방법위반,건조,맑음,교차로 - 교차로횡단보도내,승합,남,58세,상해없음,승용,남,40세,경상
2022081500100158,2022년 8월 15일 12시,월요일,강원도 원주시 문막읍,경상사고,0,0,1,0,차대차 - 기타,안전운전불이행,건조,흐림,교차로 - 교차로안,승용,남,43세,상해없음,이륜,남,64세,경상
2022081500100159,2022년 8월 15일 12시,월요일,강원도 고성군 현내면,경상사고,0,0,1,0,차대사람 - 기타,안전운전불이행,건조,흐림,주차장 - 주차장,승용,남,51세,상해없음,보행자,남,7세,경상
2022081500100195,2022년 8월 15일 13시,월요일,강원도 강릉시 포남동,경상사고,0,0,1,0,차대사람 - 횡단중,보행자보호의무위반,건조,맑음,단일로 - 기타,승용,남,77세,상해없음,보행자,남,56세,경상
2022081500100224,2022년 8월 15일 14시,월요일,강원도 원주시 태장동,경상사고,0,0,2,0,차대차 - 측면충돌,교차로운행방법위반,건조,맑음,교차로 - 교차로안,승용,남,25세,상해없음,승용,남,44세,경상
2022081500100278,2022년 8월 15일 16시,월요일,강원도 속초시 청호동,중상사고,0,1,4,0,차대차 - 측면충돌,안전운전불이행,건조,맑음,단일로 - 고가도로위,승용,여,53세,상해없음,승용,남,68세,경상
2022081500100308,2022년 8월 15일 17시,월요일,강원도 양양군 강현면,중상사고,0,1,0,0,차대차 - 정면충돌,중앙선침범,건조,맑음,단일로 - 지하차도(도로)내,승용,여,58세,상해없음,승용,여,59세,중상
2022081500100357,2022년 8월 15일 19시,월요일,강원도 춘천시 후평동,경상사고,0,0,1,0,차대차 - 추돌,안전운전불이행,젖음/습기,비,교차로 - 교차로부근,승용,남,41세,상해없음,승용,여,28세,경상
2022081500100358,2022년 8월 15일 19시,월요일,강원도 원주시 명륜동,중상사고,0,1,0,0,차대사람 - 횡단중,보행자보호의무위반,건조,맑음,교차로 - 교차로횡단보도내,화물,남,61세,상해없음,보행자,남,56세,중상
2022081500100381,2022년 8월 15일 20시,월요일,강원도 원주시 귀래면,경상사고,0,0,3,0,차대차 - 추돌,중앙선침범,젖음/습기,비,단일로 - 기타,승용,남,69세,상해없음,승용,남,37세,경상
2022081500100444,2022년 8월 15일 23시,월요일,강원도 원주시 명륜동,경상사고,0,0,1,0,차대차 - 기타,신호위반,건조,맑음,교차로 - 교차로안,승용,남,23세,상해없음,승용,남,62세,상해없음
2022081600100019,2022년 8월 16일 03시,화요일,강원도 속초시 교동,경상사고,0,0,1,0,차대차 - 측면충돌,안전운전불이행,건조,맑음,교차로 - 교차로안,승용,남,27세,상해없음,승용,남,42세,경상
2022081600100020,2022년 8월 16일 03시,화요일,강원도 동해시 구미동,경상사고,0,0,1,0,차대사람 - 기타,안전운전불이행,건조,맑음,단일로 - 기타,승용,남,66세,상해없음,보행자,여,47세,경상
2022081600100029,2022년 8월 16일 05시,화요일,강원도 원주시 관설동,사망사고,1,0,0,0,차대사람 - 차도통행중,안전운전불이행,젖음/습기,흐림,단일로 - 기타,승용,남,61세,상해없음,보행자,여,82세,사망
2022081600100056,2022년 8월 16일 07시,화요일,강원도 속초시 노학동,경상사고,0,0,2,0,차대차 - 기타,안전운전불이행,건조,맑음,단일로 - 기타,승용,남,43세,상해없음,승용,남,45세,경상
2022081600100057,2022년 8월 16일 07시,화요일,강원도 홍천군 북방면,부상신고사고,0,0,0,7,차대차 - 측면충돌,직진우회전진행방해,건조,맑음,교차로 - 교차로안,승합,남,69세,상해없음,화물,남,55세,상해없음
2022081600100079,2022년 8월 16일 08시,화요일,강원도 동해시 효가동,경상사고,0,0,1,0,차대차 - 측면충돌,차로위반,건조,맑음,단일로 - 기타,특수,남,48세,상해없음,승용,남,38세,경상
2022081600100109,2022년 8월 16일 09시,화요일,강원도 강릉시 구정면,경상사고,0,0,1,0,차대차 - 측면충돌,안전운전불이행,건조,맑음,교차로 - 교차로부근,건설기계,남,61세,상해없음,승용,여,53세,경상
2022081600100110,2022년 8월 16일 09시,화요일,강원도 삼척시 정상동,경상사고,0,0,1,0,차대차 - 기타,안전운전불이행,기타,맑음,단일로 - 기타,화물,남,56세,상해없음,화물,남,40세,경상
2022081600100111,2022년 8월 16일 09시,화요일,강원도 동해시 천곡동,경상사고,0,0,1,0,차대차 - 추돌,안전운전불이행,건조,맑음,단일로 - 기타,승용,남,35세,상해없음,승용,남,29세,경상
2022081600100135,2022년 8월 16일 10시,화요일,강원도 원주시 행구동,중상사고,0,1,0,0,차량단독 - 전도전복 - 전도,안전운전불이행,건조,맑음,단일로 - 기타,자전거,남,53세,중상,,,,
2022081600100179,2022년 8월 16일 11시,화요일,강원도 강릉시 사천면,경상사고,0,0,2,0,차대차 - 추돌,안전운전불이행,건조,맑음,단일로 - 기타,승용,남,35세,기타불명,승용,남,19세,경상
2022081600100180,2022년 8월 16일 11시,화요일,강원도 속초시 조양동,중상사고,0,2,0,0,차대차 - 측면충돌,직진우회전진행방해,건조,맑음,교차로 - 교차로안,승용,여,38세,상해없음,승용,남,52세,중상
2022081600100181,2022년 8월 16일 11시,화요일,강원도 태백시 장성동,경상사고,0,0,3,0,차대차 - 측면충돌,안전운전불이행,건조,맑음,단일로 - 기타,승용,남,83세,상해없음,승용,남,36세,경상
2022081600100182,2022년 8월 16일 11시,화요일,강원도 태백시 화전동,경상사고,0,0,1,0,차대차 - 측면충돌,안전운전불이행,건조,맑음,단일로 - 기타,건설기계,남,48세,상해없음,승용,남,44세,경상
2022081600100209,2022년 8월 16일 12시,화요일,강원도 춘천시 석사동,경상사고,0,0,2,0,차대사람 - 기타,안전운전불이행,건조,맑음,단일로 - 기타,승합,남,69세,상해없음,보행자,여,43세,경상
2022081600100247,2022년 8월 16일 13시,화요일,강원도 원주시 지정면,경상사고,0,0,3,0,차대차 - 정면충돌,중앙선침범,건조,맑음,단일로 - 기타,승합,남,69세,경상,화물,남,24세,경상
2022081600100248,2022년 8월 16일 13시,화요일,강원도 원주시 무실동,중상사고,0,1,0,1,차대차 - 기타,안전운전불이행,건조,맑음,단일로 - 기타,승용,남,24세,부상신고,승용,여,42세,중상
2022081600100249,2022년 8월 16일 13시,화요일,강원도 횡성군 안흥면,경상사고,0,0,3,0,차대차 - 측면충돌,직진우회전진행방해,건조,맑음,교차로 - 교차로부근,승용,남,70세,상해없음,화물,남,65세,경상
2022081600100318,2022년 8월 16일 15시,화요일,강원도 속초시 교동,경상사고,0,0,1,0,차대차 - 측면충돌,보행자보호의무위반,건조,흐림,단일로 - 기타,승용,남,78세,상해없음,자전거,남,43세,경상
2022081600100392,2022년 8월 16일 17시,화요일,강원도 동해시 이도동,경상사고,0,0,1,0,차대차 - 기타,교차로운행방법위반,건조,맑음,교차로 - 교차로안,승용,여,33세,기타불명,승용,여,40세,경상
2022081600100473,2022년 8월 16일 19시,화요일,강원도 원주시 단계동,경상사고,0,0,1,0,차대차 - 기타,직진우회전진행방해,건조,맑음,교차로 - 교차로안,승용,남,30세,상해없음,개인형이동수단(PM),남,20세,상해없음
2022081600100506,2022년 8월 16일 20시,화요일,강원도 춘천시 우두동,부상신고사고,0,0,0,1,차대사람 - 기타,안전운전불이행,건조,흐림,교차로 - 교차로부근,승용,여,46세,상해없음,보행자,남,66세,부상신고
2022081600100529,2022년 8월 16일 21시,화요일,강원도 속초시 교동,중상사고,0,2,0,0,차대사람 - 횡단중,보행자보호의무위반,젖음/습기,비,교차로 - 교차로횡단보도내,승용,남,73세,상해없음,보행자,여,21세,중상
2022081600100569,2022년 8월 16일 23시,화요일,강원도 춘천시 후평동,경상사고,0,0,1,2,차대차 - 측면충돌,차로위반,건조,맑음,교차로 - 교차로부근,승용,남,66세,상해없음,승용,남,67세,경상
2022081600100570,2022년 8월 16일 23시,화요일,강원도 강릉시 교동,부상신고사고,0,0,0,1,차대사람 - 차도통행중,안전운전불이행,건조,맑음,단일로 - 기타,승용,남,22세,상해없음,보행자,남,36세,부상신고
2022081700100022,2022년 8월 17일 01시,수요일,강원도 삼척시 성남동,사망사고,1,0,0,0,차대사람 - 기타,안전운전불이행,건조,맑음,단일로 - 기타,승용,남,54세,상해없음,보행자,남,39세,사망
2022081700100101,2022년 8월 17일 08시,수요일,강원도 춘천시 동면,경상사고,0,0,1,0,차대차 - 정면충돌,교차로운행방법위반,건조,맑음,교차로 - 교차로안,승용,여,45세,상해없음,승용,여,66세,경상
2022081700100168,2022년 8월 17일 10시,수요일,강원도 강릉시 주문진읍,중상사고,0,1,0,0,차대사람 - 횡단중,안전운전불이행,건조,맑음,교차로 - 교차로부근,승용,남,63세,상해없음,보행자,남,42세,중상
2022081700100169,2022년 8월 17일 10시,수요일,강원도 영월군 영월읍,사망사고,1,0,0,0,차대사람 - 차도통행중,안전운전불이행,건조,맑음,단일로 - 기타,화물,남,51세,상해없음,보행자,여,80세,사망
2022081700100195,2022년 8월 17일 11시,수요일,강원도 정선군 북평면,중상사고,0,1,0,0,차대사람 - 기타,안전운전불이행,건조,맑음,기타 - 기타,승용,남,69세,상해없음,보행자,남,62세,중상
2022081700100226,2022년 8월 17일 12시,수요일,강원도 양양군 양양읍,중상사고,0,1,0,0,차대사람 - 횡단중,보행자보호의무위반,건조,맑음,교차로 - 교차로횡단보도내,승용,여,57세,상해없음,보행자,여,56세,중상
2022081700100266,2022년 8월 17일 13시,수요일,강원도 춘천시 우두동,중상사고,0,1,0,0,차대차 - 측면충돌,안전거리미확보,건조,맑음,교차로 - 교차로안,이륜,남,40세,상해없음,이륜,남,73세,중상
2022081700100267,2022년 8월 17일 13시,수요일,강원도 원주시 관설동,중상사고,0,1,0,0,차대사람 - 횡단중,보행자보호의무위반,건조,맑음,교차로 - 교차로횡단보도내,승용,여,53세,상해없음,보행자,여,51세,중상
2022081700100268,2022년 8월 17일 13시,수요일,강원도 원주시 단구동,경상사고,0,0,2,0,차대차 - 추돌,안전운전불이행,건조,맑음,교차로 - 교차로부근,승용,남,35세,상해없음,승용,남,73세,경상
2022081700100337,2022년 8월 17일 15시,수요일,강원도 춘천시 소양로4가,경상사고,0,0,1,0,차대차 - 기타,안전거리미확보,건조,맑음,교차로 - 교차로횡단보도내,승용,남,72세,상해없음,승합,남,26세,상해없음
2022081700100338,2022년 8월 17일 15시,수요일,강원도 양양군 양양읍,경상사고,0,0,1,0,차대차 - 측면충돌,안전운전불이행,젖음/습기,비,교차로 - 교차로안,승용,여,45세,상해없음,승용,남,64세,경상
2022081700100375,2022년 8월 17일 16시,수요일,강원도 강릉시 교동,경상사고,0,0,1,0,차대차 - 측면충돌,신호위반,건조,맑음,교차로 - 교차로안,승용,여,53세,상해없음,승용,남,72세,경상
2022081700100425,2022년 8월 17일 17시,수요일,강원도 춘천시 소양로1가,중상사고,0,2,0,0,차대차 - 측면충돌,안전운전불이행,젖음/습기,비,단일로 - 기타,화물,남,56세,상해없음,승용,남,24세,중상
2022081700100426,2022년 8월 17일 17시,수요일,강원도 정선군 남면,경상사고,0,0,2,0,차대차 - 추돌,안전운전불이행,젖음/습기,비,교차로 - 교차로부근,화물,남,63세,상해없음,승용,여,37세,경상
2022081700100481,2022년 8월 17일 18시,수요일,강원도 원주시 원동,경상사고,0,0,1,0,차대차 - 측면충돌,교차로운행방법위반,건조,맑음,교차로 - 교차로안,승용,남,56세,상해없음,이륜,남,60세,경상
2022081700100482,2022년 8월 17일 18시,수요일,강원도 원주시 흥업면,중상사고,0,1,0,0,차대차 - 측면충돌,신호위반,건조,맑음,교차로 - 교차로안,승용,남,30세,상해없음,승용,여,35세,중상
2022081700100522,2022년 8월 17일 19시,수요일,강원도 춘천시 퇴계동,중상사고,0,1,0,1,차대차 - 측면충돌,차로위반,젖음/습기,비,교차로 - 교차로부근,화물,남,25세,부상신고,이륜,남,29세,중상
2022081700100523,2022년 8월 17일 19시,수요일,강원도 춘천시 서면,경상사고,0,0,3,1,차대차 - 추돌,안전거리미확보,젖음/습기,비,교차로 - 교차로부근,승용,남,78세,상해없음,승용,여,50세,경상
2022081700100524,2022년 8월 17일 19시,수요일,강원도 속초시 교동,경상사고,0,0,1,0,차대사람 - 보도통행중,기타,젖음/습기,흐림,교차로 - 교차로부근,승용,여,64세,상해없음,보행자,여,48세,경상
2022081700100525,2022년 8월 17일 19시,수요일,강원도 정선군 정선읍,경상사고,0,0,2,0,차대차 - 기타,교차로운행방법위반,젖음/습기,비,교차로 - 교차로안,승용,남,57세,경상,화물,남,62세,경상
2022081700100589,2022년 8월 17일 21시,수요일,강원도 춘천시 소양로3가,중상사고,0,1,0,0,차대차 - 기타,중앙선침범,건조,맑음,교차로 - 교차로안,승용,여,52세,상해없음,이륜,남,46세,중상
2022081700100590,2022년 8월 17일 21시,수요일,강원도 원주시 관설동,경상사고,0,0,1,0,차대사람 - 차도통행중,안전운전불이행,건조,흐림,기타 - 기타,승용,남,71세,상해없음,보행자,남,67세,경상
2022081700100591,2022년 8월 17일 21시,수요일,강원도 태백시 황지동,경상사고,0,0,1,0,차대차 - 측면충돌,차로위반,젖음/습기,비,단일로 - 기타,승용,여,59세,상해없음,승용,남,74세,상해없음
2022081700100613,2022년 8월 17일 22시,수요일,강원도 강릉시 견소동,경상사고,0,0,2,0,차대차 - 기타,안전운전불이행,건조,맑음,단일로 - 기타,화물,남,68세,상해없음,승용,남,19세,경상
2022081700100632,2022년 8월 17일 23시,수요일,강원도 동해시 천곡동,중상사고,0,1,1,0,차대사람 - 횡단중,보행자보호의무위반,젖음/습기,맑음,기타 - 기타,승용,남,68세,상해없음,보행자,여,48세,중상
2022081800100062,2022년 8월 18일 07시,목요일,강원도 원주시 반곡동,경상사고,0,0,2,0,차대차 - 추돌,안전운전불이행,건조,맑음,기타 - 기타,승용,남,51세,상해없음,화물,남,48세,경상
2022081800100063,2022년 8월 18일 07시,목요일,강원도 동해시 송정동,경상사고,0,0,1,0,차대차 - 측면충돌,안전거리미확보,건조,맑음,교차로 - 교차로부근,화물,남,49세,상해없음,화물,남,76세,경상
2022081800100163,2022년 8월 18일 10시,목요일,강원도 강릉시 안현동,경상사고,0,0,2,0,차대차 - 측면충돌,안전운전불이행,건조,맑음,단일로 - 기타,화물,남,45세,상해없음,승용,남,29세,경상
2022081800100191,2022년 8월 18일 11시,목요일,강원도 춘천시 동내면,경상사고,0,0,1,0,차대차 - 기타,교차로운행방법위반,건조,맑음,교차로 - 교차로안,화물,남,66세,상해없음,승용,남,53세,경상
2022081800100192,2022년 8월 18일 11시,목요일,강원도 강릉시 포남동,경상사고,0,0,1,0,차대차 - 기타,중앙선침범,건조,맑음,단일로 - 기타,승용,여,55세,상해없음,승용,남,65세,경상
2022081800100193,2022년 8월 18일 11시,목요일,강원도 원주시 반곡동,경상사고,0,0,4,0,차대차 - 후진중충돌,안전운전불이행,건조,맑음,단일로 - 기타,승용,여,62세,상해없음,승용,남,55세,경상
2022081800100194,2022년 8월 18일 11시,목요일,강원도 원주시 지정면,경상사고,0,0,1,0,차대차 - 측면충돌,차로위반,건조,맑음,교차로 - 교차로안,화물,남,59세,상해없음,승용,여,62세,경상
2022081800100233,2022년 8월 18일 12시,목요일,강원도 춘천시 교동,부상신고사고,0,0,0,1,차대차 - 정면충돌,안전운전불이행,건조,맑음,단일로 - 기타,승용,남,41세,상해없음,이륜,남,62세,부상신고
2022081800100234,2022년 8월 18일 12시,목요일,강원도 횡성군 횡성읍,경상사고,0,0,1,0,차대차 - 측면충돌,직진우회전진행방해,건조,맑음,교차로 - 교차로안,승용,여,32세,상해없음,자전거,남,35세,경상
2022081800100262,2022년 8월 18일 13시,목요일,강원도 동해시 단봉동,경상사고,0,0,2,0,차대차 - 측면충돌,안전운전불이행,건조,맑음,단일로 - 기타,건설기계,남,50세,상해없음,승용,남,47세,경상
2022081800100263,2022년 8월 18일 13시,목요일,강원도 동해시 천곡동,경상사고,0,0,1,0,차대차 - 측면충돌,안전운전불이행,건조,맑음,기타 - 기타,승용,여,57세,상해없음,승용,여,36세,경상
2022081800100301,2022년 8월 18일 14시,목요일,강원도 홍천군 홍천읍,경상사고,0,0,1,0,차대차 - 측면충돌,직진우회전진행방해,건조,맑음,교차로 - 교차로안,승용,여,51세,상해없음,화물,남,33세,경상
2022081800100324,2022년 8월 18일 15시,목요일,강원도 춘천시 운교동,부상신고사고,0,0,0,1,차대차 - 측면충돌,안전운전불이행,건조,맑음,기타 - 기타,승용,여,45세,상해없음,개인형이동수단(PM),여,21세,부상신고
2022081800100325,2022년 8월 18일 15시,목요일,강원도 강릉시 옥천동,중상사고,0,1,0,0,차대차 - 기타,안전운전불이행,건조,맑음,단일로 - 기타,화물,남,51세,상해없음,자전거,남,10세,중상
2022081800100326,2022년 8월 18일 15시,목요일,강원도 원주시 문막읍,중상사고,0,1,0,0,차대차 - 추돌,안전거리미확보,건조,맑음,단일로 - 기타,화물,남,48세,기타불명,승용,남,39세,중상
2022081800100327,2022년 8월 18일 15시,목요일,강원도 태백시 통동,경상사고,0,0,1,0,차대차 - 기타,안전운전불이행,건조,흐림,단일로 - 기타,승용,남,58세,상해없음,승용,남,22세,경상
2022081800100362,2022년 8월 18일 16시,목요일,강원도 동해시 평릉동,경상사고,0,0,1,0,차대차 - 정면충돌,중앙선침범,건조,맑음,단일로 - 기타,승용,여,52세,상해없음,승용,남,53세,경상
2022081800100363,2022년 8월 18일 16시,목요일,강원도 춘천시 남면,중상사고,0,2,4,5,차대차 - 추돌,안전운전불이행,건조,맑음,단일로 - 터널,승용,여,54세,상해없음,승용,남,31세,경상
2022081800100397,2022년 8월 18일 17시,목요일,강원도 춘천시 퇴계동,경상사고,0,0,6,0,차대차 - 기타,차로위반,건조,맑음,단일로 - 기타,승용,남,50세,상해없음,승용,여,49세,경상
2022081800100398,2022년 8월 18일 17시,목요일,강원도 강릉시 옥천동,경상사고,0,0,1,0,차대차 - 측면충돌,안전운전불이행,건조,맑음,단일로 - 기타,승용,남,21세,상해없음,자전거,남,61세,경상
2022081800100439,2022년 8월 18일 18시,목요일,강원도 원주시 지정면,경상사고,0,0,1,0,차대차 - 추돌,안전운전불이행,건조,흐림,단일로 - 기타,승용,남,47세,상해없음,승용,여,31세,경상
2022081800100514,2022년 8월 18일 20시,목요일,강원도 원주시 문막읍,부상신고사고,0,0,0,1,차대차 - 기타,신호위반,건조,맑음,기타 - 기타,승용,남,56세,상해없음,승용,여,45세,상해없음
2022081800100538,2022년 8월 18일 21시,목요일,강원도 원주시 관설동,중상사고,0,1,1,0,차대차 - 정면충돌,신호위반,건조,흐림,교차로 - 교차로안,승용,남,45세,기타불명,승용,남,59세,경상
2022081900100049,2022년 8월 19일 06시,금요일,강원도 삼척시 남양동,경상사고,0,0,1,0,차대차 - 측면충돌,신호위반,건조,맑음,교차로 - 교차로안,승용,남,44세,상해없음,승용,남,39세,경상
2022081900100094,2022년 8월 19일 08시,금요일,강원도 고성군 간성읍,중상사고,0,1,1,0,차대차 - 추돌,교차로운행방법위반,건조,맑음,단일로 - 기타,승용,여,72세,중상,승용,여,52세,경상
2022081900100161,2022년 8월 19일 10시,금요일,강원도 양양군 양양읍,중상사고,0,1,0,0,차대사람 - 기타,안전운전불이행,건조,맑음,교차로 - 교차로부근,화물,남,72세,상해없음,보행자,여,90세,중상
2022081900100272,2022년 8월 19일 13시,금요일,강원도 강릉시 성남동,중상사고,0,1,0,0,차대차 - 기타,안전운전불이행,건조,맑음,기타 - 기타,승용,남,30세,상해없음,자전거,남,81세,중상
2022081900100273,2022년 8월 19일 13시,금요일,강원도 원주시 반곡동,경상사고,0,0,2,1,차대차 - 측면충돌,안전운전불이행,건조,맑음,단일로 - 기타,승용,남,76세,부상신고,승용,남,32세,경상
2022081900100302,2022년 8월 19일 14시,금요일,강원도 속초시 청호동,경상사고,0,0,1,0,차대차 - 측면충돌,안전운전불이행,건조,맑음,단일로 - 교량,화물,남,45세,상해없음,승용,여,26세,경상
2022081900100303,2022년 8월 19일 14시,금요일,강원도 춘천시 남산면,경상사고,0,0,10,1,차대차 - 추돌,안전운전불이행,건조,맑음,단일로 - 기타,승용,여,31세,경상,승용,남,32세,경상
2022081900100337,2022년 8월 19일 15시,금요일,강원도 속초시 교동,중상사고,0,1,0,0,차대차 - 측면충돌,교차로운행방법위반,건조,맑음,교차로 - 교차로안,승용,남,75세,상해없음,승용,여,64세,중상
2022081900100338,2022년 8월 19일 15시,금요일,강원도 삼척시 근덕면,중상사고,0,1,0,0,차량단독 - 공작물충돌,안전운전불이행,건조,맑음,단일로 - 기타,승용,남,49세,중상,,,,
2022081900100365,2022년 8월 19일 16시,금요일,강원도 춘천시 후평동,경상사고,0,0,1,0,차대차 - 측면충돌,교차로운행방법위반,젖음/습기,흐림,교차로 - 교차로안,승용,남,52세,상해없음,승용,남,69세,경상
2022081900100366,2022년 8월 19일 16시,금요일,강원도 삼척시 건지동,경상사고,0,0,2,0,차대차 - 추돌,안전운전불이행,젖음/습기,비,교차로 - 교차로부근,승용,남,40세,상해없음,승용,여,49세,경상
2022081900100412,2022년 8월 19일 17시,금요일,강원도 영월군 영월읍,경상사고,0,0,1,0,차대차 - 측면충돌,안전거리미확보,젖음/습기,비,교차로 - 교차로부근,승용,남,85세,상해없음,건설기계,남,47세,경상
2022081900100413,2022년 8월 19일 17시,금요일,강원도 홍천군 홍천읍,경상사고,0,0,1,0,차대차 - 정면충돌,안전운전불이행,젖음/습기,비,교차로 - 교차로안,화물,남,63세,상해없음,승용,남,61세,경상
2022081900100457,2022년 8월 19일 18시,금요일,강원도 원주시 원동,경상사고,0,0,2,0,차대차 - 추돌,안전운전불이행,젖음/습기,비,단일로 - 기타,화물,남,63세,상해없음,승용,여,32세,경상
2022081900100511,2022년 8월 19일 19시,금요일,강원도 춘천시 온의동,경상사고,0,0,1,0,차대사람 - 기타,안전운전불이행,젖음/습기,비,기타 - 기타,승용,여,62세,상해없음,보행자,남,67세,경상
2022081900100544,2022년 8월 19일 20시,금요일,강원도 춘천시 근화동,부상신고사고,0,0,0,2,차대차 - 기타,안전운전불이행,젖음/습기,비,단일로 - 기타,승용,여,67세,상해없음,승용,남,56세,부상신고
2022081900100545,2022년 8월 19일 20시,금요일,강원도 춘천시 운교동,경상사고,0,0,1,0,차대차 - 측면충돌,교차로운행방법위반,젖음/습기,비,교차로 - 교차로안,승용,여,50세,상해없음,승용,남,68세,경상
2022081900100546,2022년 8월 19일 20시,금요일,강원도 원주시 명륜동,경상사고,0,0,3,0,차대차 - 측면충돌,안전운전불이행,기타,맑음,기타 - 기타,승용,남,45세,경상,승용,남,20세,경상
2022081900100547,2022년 8월 19일 20시,금요일,강원도 양양군 강현면,중상사고,0,1,0,0,차대차 - 측면충돌,직진우회전진행방해,젖음/습기,비,교차로 - 교차로안,승용,여,56세,상해없음,승용,여,26세,중상
2022081900100578,2022년 8월 19일 21시,금요일,강원도 강릉시 포남동,중상사고,0,1,0,0,차대차 - 측면충돌,중앙선침범,건조,맑음,단일로 - 기타,승용,남,27세,상해없음,이륜,남,41세,중상
2022081900100579,2022년 8월 19일 21시,금요일,강원도 속초시 동명동,경상사고,0,0,2,0,차대차 - 측면충돌,안전운전불이행,젖음/습기,비,교차로 - 교차로안,승용,여,31세,상해없음,승용,남,39세,경상
2022082000100007,2022년 8월 20일 00시,토요일,강원도 정선군 정선읍,중상사고,0,1,0,0,차량단독 - 공작물충돌,안전운전불이행,건조,맑음,기타 - 기타,승용,남,43세,중상,,,,
2022082000100021,2022년 8월 20일 01시,토요일,강원도 강릉시 교동,경상사고,0,0,2,0,차대차 - 추돌,안전운전불이행,건조,맑음,단일로 - 기타,승용,남,30세,상해없음,승용,남,22세,경상
2022082000100022,2022년 8월 20일 01시,토요일,강원도 강릉시 입암동,중상사고,0,1,0,0,차대차 - 기타,중앙선침범,건조,흐림,단일로 - 기타,승용,여,52세,상해없음,이륜,남,33세,중상
2022082000100023,2022년 8월 20일 01시,토요일,강원도 양양군 현남면,경상사고,0,0,1,0,차대사람 - 길가장자리구역통행중,안전운전불이행,건조,맑음,단일로 - 기타,승용,남,21세,상해없음,보행자,여,27세,경상