사고번호,사고일시,요일,시군구,사고내용,사망자수,중상자수,경상자수,부상신고자수,사고유형,법규위반,노면상태,기상상태,도로형태,가해운전자 차종,가해운전자 성별,가해운전자 연령,가해운전자 상해정도,피해운전자 차종,피해운전자 성별,피해운전자 연령,피해운전자 상해정도
2022082000100100,2022년 8월 20일 08시,토요일,강원도 춘천시 근화동,부상신고사고,0,0,0,1,차대사람 - 보도통행중,안전운전불이행,건조,맑음,단일로 - 기타,기타불명,기타불명,미분류,기타불명,보행자,여,24세,부상신고
2022082000100142,2022년 8월 20일 10시,토요일,강원도 양양군 양양읍,부상신고사고,0,0,0,1,차대차 - 측면충돌,신호위반,건조,맑음,교차로 - 교차로안,승용,남,53세,상해없음,승용,남,54세,상해없음
2022082000100143,2022년 8월 20일 10시,토요일,강원도 홍천군 화촌면,중상사고,0,1,3,0,차대차 - 측면충돌,안전운전불이행,건조,맑음,단일로 - 기타,승용,남,84세,상해없음,승용,남,35세,경상
2022082000100144,2022년 8월 20일 10시,토요일,강원도 홍천군 서석면,경상사고,0,0,4,0,차대차 - 추돌,안전운전불이행,건조,맑음,단일로 - 기타,승합,남,26세,경상,승용,여,24세,경상
2022082000100145,2022년 8월 20일 10시,토요일,강원도 횡성군 공근면,경상사고,0,0,2,0,차대차 - 추돌,안전운전불이행,건조,맑음,단일로 - 기타,승합,남,54세,상해없음,승용,남,31세,경상
2022082000100223,2022년 8월 20일 12시,토요일,강원도 속초시 교동,경상사고,0,0,1,0,차대차 - 측면충돌,직진우회전진행방해,건조,맑음,교차로 - 교차로안,화물,남,54세,상해없음,이륜,남,24세,경상
2022082000100224,2022년 8월 20일 12시,토요일,강원도 철원군 동송읍,중상사고,0,2,2,0,차대차 - 측면충돌,직진우회전진행방해,건조,맑음,교차로 - 교차로안,승용,여,24세,경상,승용,남,80세,경상
2022082000100225,2022년 8월 20일 12시,토요일,강원도 동해시 천곡동,경상사고,0,0,1,0,차대차 - 기타,안전운전불이행,건조,맑음,단일로 - 기타,이륜,남,17세,경상,승용,남,62세,상해없음
2022082000100226,2022년 8월 20일 12시,토요일,강원도 춘천시 남면,경상사고,0,0,3,0,차대차 - 추돌,안전운전불이행,건조,맑음,단일로 - 기타,승용,남,51세,상해없음,승용,남,67세,경상
2022082000100273,2022년 8월 20일 13시,토요일,강원도 속초시 동명동,경상사고,0,0,1,0,차대사람 - 횡단중,신호위반,건조,맑음,교차로 - 교차로횡단보도내,승용,여,60세,상해없음,보행자,남,85세,경상
2022082000100274,2022년 8월 20일 13시,토요일,강원도 평창군 평창읍,경상사고,0,0,1,0,차대차 - 측면충돌,안전운전불이행,건조,맑음,교차로 - 교차로안,승용,남,36세,상해없음,자전거,남,35세,경상
2022082000100275,2022년 8월 20일 13시,토요일,강원도 화천군 화천읍,중상사고,0,1,0,0,차량단독 - 공작물충돌,안전운전불이행,건조,맑음,단일로 - 기타,원동기,남,51세,중상,,,,
2022082000100318,2022년 8월 20일 14시,토요일,강원도 평창군 평창읍,경상사고,0,0,2,0,차대차 - 정면충돌,안전거리미확보,건조,맑음,단일로 - 지하차도(도로)내,승용,남,43세,상해없음,승용,남,61세,경상
2022082000100362,2022년 8월 20일 15시,토요일,강원도 춘천시 북산면,중상사고,0,1,0,0,차대차 - 후진중충돌,안전운전불이행,건조,맑음,단일로 - 기타,승용,여,53세,상해없음,화물,남,34세,상해없음
2022082000100363,2022년 8월 20일 15시,토요일,강원도 강릉시 옥천동,경상사고,0,0,6,0,차대차 - 추돌,안전운전불이행,건조,맑음,단일로 - 기타,승용,여,37세,상해없음,승용,남,49세,경상
2022082000100364,2022년 8월 20일 15시,토요일,강원도 영월군 영월읍,경상사고,0,0,1,0,차대차 - 정면충돌,안전운전불이행,건조,맑음,단일로 - 기타,이륜,남,19세,경상,승용,남,54세,상해없음
2022082000100404,2022년 8월 20일 16시,토요일,강원도 원주시 학성동,경상사고,0,0,1,0,차대차 - 측면충돌,직진우회전진행방해,건조,맑음,교차로 - 교차로안,화물,남,59세,상해없음,이륜,남,52세,경상
2022082000100405,2022년 8월 20일 16시,토요일,강원도 정선군 신동읍,중상사고,0,1,0,0,차대차 - 정면충돌,기타,건조,맑음,단일로 - 기타,승용,남,81세,상해없음,승용,여,41세,중상
2022082000100406,2022년 8월 20일 16시,토요일,강원도 동해시 묵호진동,경상사고,0,0,1,0,차대차 - 정면충돌,안전운전불이행,젖음/습기,맑음,교차로 - 교차로안,승용,남,60세,상해없음,승용,남,46세,경상
2022082000100439,2022년 8월 20일 17시,토요일,강원도 횡성군 둔내면,중상사고,0,1,0,0,차대차 - 정면충돌,신호위반,건조,맑음,교차로 - 교차로안,승용,여,38세,상해없음,승용,여,73세,중상
2022082000100507,2022년 8월 20일 19시,토요일,강원도 춘천시 동내면,경상사고,0,0,2,1,차대차 - 기타,안전운전불이행,건조,맑음,교차로 - 교차로부근,승용,남,44세,기타불명,승용,남,37세,상해없음
2022082000100508,2022년 8월 20일 19시,토요일,강원도 원주시 흥업면,경상사고,0,0,1,0,차대차 - 추돌,안전운전불이행,건조,맑음,단일로 - 기타,승용,남,62세,상해없음,승용,남,38세,경상
2022082000100509,2022년 8월 20일 19시,토요일,강원도 철원군 근남면,경상사고,0,0,1,0,차대사람 - 차도통행중,안전운전불이행,건조,맑음,단일로 - 기타,승용,여,67세,상해없음,보행자,여,60세,경상
2022082000100532,2022년 8월 20일 20시,토요일,강원도 춘천시 칠전동,경상사고,0,0,1,0,차대차 - 추돌,안전운전불이행,건조,맑음,교차로 - 교차로부근,승용,여,34세,상해없음,승용,여,47세,경상
2022082000100574,2022년 8월 20일 21시,토요일,강원도 춘천시 교동,경상사고,0,0,3,0,차대차 - 기타,교차로운행방법위반,건조,맑음,교차로 - 교차로안,승용,남,60세,상해없음,승합,남,49세,경상
2022082000100599,2022년 8월 20일 22시,토요일,강원도 강릉시 명주동,경상사고,0,0,1,0,차대사람 - 기타,안전운전불이행,건조,맑음,기타 - 기타,승용,남,64세,상해없음,보행자,남,59세,경상
2022082000100626,2022년 8월 20일 23시,토요일,강원도 홍천군 내면,중상사고,0,2,0,0,차량단독 - 기타,안전운전불이행,건조,맑음,단일로 - 지하차도(도로)내,이륜,남,34세,중상,,,,
2022082100100011,2022년 8월 21일 00시,일요일,강원도 평창군 봉평면,사망사고,1,0,0,0,차대사람 - 차도통행중,기타,건조,맑음,단일로 - 지하차도(도로)내,승용,남,22세,상해없음,보행자,여,53세,사망
2022082100100012,2022년 8월 21일 00시,일요일,강원도 철원군 서면,경상사고,0,0,1,0,차대차 - 기타,안전운전불이행,건조,맑음,교차로 - 교차로안,자전거,남,60세,경상,승용,남,62세,상해없음
2022082100100058,2022년 8월 21일 06시,일요일,강원도 원주시 개운동,경상사고,0,0,1,0,차대차 - 측면충돌,교차로운행방법위반,건조,맑음,교차로 - 교차로안,승용,남,69세,기타불명,승용,남,26세,경상
2022082100100125,2022년 8월 21일 11시,일요일,강원도 춘천시 후평동,경상사고,0,0,2,0,차대차 - 측면충돌,신호위반,건조,맑음,교차로 - 교차로안,승용,여,48세,상해없음,승용,여,36세,경상
2022082100100126,2022년 8월 21일 11시,일요일,강원도 강릉시 포남동,경상사고,0,0,1,0,차대차 - 측면충돌,안전운전불이행,건조,맑음,교차로 - 교차로부근,승용,여,58세,기타불명,자전거,여,16세,경상
2022082100100127,2022년 8월 21일 11시,일요일,강원도 정선군 고한읍,경상사고,0,0,3,0,차대차 - 기타,안전거리미확보,건조,맑음,단일로 - 기타,화물,남,61세,상해없음,승용,여,32세,경상
2022082100100147,2022년 8월 21일 12시,일요일,강원도 속초시 금호동,경상사고,0,0,1,0,차대사람 - 보도통행중,기타,건조,맑음,단일로 - 기타,이륜,남,29세,상해없음,보행자,여,30세,경상
2022082100100148,2022년 8월 21일 12시,일요일,강원도 인제군 상남면,부상신고사고,0,0,0,1,차대차 - 기타,안전운전불이행,건조,맑음,주차장 - 주차장,승용,남,36세,상해없음,승용,남,27세,기타불명
2022082100100190,2022년 8월 21일 13시,일요일,강원도 강릉시 저동,경상사고,0,0,1,0,차대차 - 후진중충돌,안전운전불이행,건조,맑음,주차장 - 주차장,승용,남,61세,상해없음,승용,남,29세,상해없음
2022082100100274,2022년 8월 21일 16시,일요일,강원도 강릉시 포남동,중상사고,0,1,5,0,차대차 - 측면충돌,중앙선침범,건조,맑음,단일로 - 기타,승용,여,68세,기타불명,승용,남,22세,중상
2022082100100275,2022년 8월 21일 16시,일요일,강원도 삼척시 미로면,경상사고,0,0,1,0,차대차 - 기타,중앙선침범,기타,맑음,단일로 - 기타,승용,남,51세,상해없음,승용,남,26세,경상
2022082100100276,2022년 8월 21일 16시,일요일,강원도 태백시 황지동,경상사고,0,0,2,0,차대차 - 추돌,안전거리미확보,건조,맑음,단일로 - 기타,승용,남,45세,상해없음,승용,남,66세,경상
2022082100100306,2022년 8월 21일 17시,일요일,강원도 영월군 주천면,경상사고,0,0,1,0,차대차 - 후진중충돌,안전운전불이행,건조,맑음,주차장 - 주차장,승용,남,72세,상해없음,화물,남,69세,경상
2022082100100404,2022년 8월 21일 21시,일요일,강원도 속초시 청호동,경상사고,0,0,3,0,차대차 - 측면충돌,중앙선침범,건조,맑음,교차로 - 교차로부근,승용,남,72세,상해없음,승용,남,42세,경상
2022082100100405,2022년 8월 21일 21시,일요일,강원도 동해시 발한동,중상사고,0,1,0,0,차대차 - 측면충돌,안전운전불이행,건조,맑음,교차로 - 교차로안,화물,남,61세,상해없음,승용,여,56세,중상
2022082100100424,2022년 8월 21일 22시,일요일,강원도 원주시 단구동,부상신고사고,0,0,0,2,차대차 - 추돌,중앙선침범,건조,맑음,교차로 - 교차로안,승용,여,48세,상해없음,승용,남,39세,부상신고
2022082100100425,2022년 8월 21일 22시,일요일,강원도 동해시 대구동,중상사고,0,3,2,0,차대차 - 정면충돌,신호위반,건조,맑음,교차로 - 교차로안,승용,남,44세,상해없음,승용,남,34세,경상
2022082200100097,2022년 8월 22일 08시,월요일,강원도 원주시 문막읍,경상사고,0,0,1,0,차대차 - 측면충돌,안전운전불이행,건조,맑음,교차로 - 교차로안,승용,여,63세,상해없음,승용,여,39세,경상
2022082200100098,2022년 8월 22일 08시,월요일,강원도 횡성군 횡성읍,경상사고,0,0,2,0,차대차 - 측면충돌,차로위반,건조,맑음,단일로 - 기타,승용,여,26세,상해없음,승합,남,46세,경상
2022082200100179,2022년 8월 22일 10시,월요일,강원도 춘천시 후평동,경상사고,0,0,1,0,차대사람 - 기타,안전운전불이행,건조,맑음,단일로 - 기타,승용,남,69세,상해없음,보행자,여,23세,경상
2022082200100180,2022년 8월 22일 10시,월요일,강원도 삼척시 남양동,중상사고,0,1,0,0,차대사람 - 횡단중,보행자보호의무위반,건조,맑음,교차로 - 교차로부근,승용,남,68세,상해없음,보행자,여,80세,중상
2022082200100212,2022년 8월 22일 11시,월요일,강원도 춘천시 남산면,경상사고,0,0,1,0,차대차 - 추돌,안전거리미확보,건조,맑음,단일로 - 터널,승용,남,74세,상해없음,화물,남,46세,경상
2022082200100265,2022년 8월 22일 13시,월요일,강원도 원주시 단계동,경상사고,0,0,1,0,차대차 - 측면충돌,안전운전불이행,건조,맑음,기타 - 기타,승용,남,46세,상해없음,승용,남,45세,경상
2022082200100322,2022년 8월 22일 15시,월요일,강원도 강릉시 교동,경상사고,0,0,1,0,차대차 - 추돌,안전운전불이행,건조,맑음,단일로 - 기타,승용,남,25세,상해없음,승용,남,70세,경상
2022082200100323,2022년 8월 22일 15시,월요일,강원도 원주시 단구동,경상사고,0,0,2,0,차대차 - 측면충돌,교차로운행방법위반,건조,맑음,단일로 - 기타,승용,여,45세,상해없음,승용,남,20세,경상
2022082200100324,2022년 8월 22일 15시,월요일,강원도 영월군 영월읍,중상사고,0,1,1,0,차량단독 - 공작물충돌,안전운전불이행,건조,맑음,단일로 - 기타,이륜,남,41세,중상,,,,
2022082200100341,2022년 8월 22일 16시,월요일,강원도 원주시 개운동,경상사고,0,0,1,0,차대차 - 측면충돌,교차로운행방법위반,건조,맑음,교차로 - 교차로안,승용,남,67세,상해없음,승용,남,30세,경상
2022082200100342,2022년 8월 22일 16시,월요일,강원도 원주시 단계동,경상사고,0,0,1,0,차대차 - 기타,안전운전불이행,건조,맑음,단일로 - 기타,승용,남,50세,상해없음,승합,남,63세,상해없음
2022082200100375,2022년 8월 22일 17시,월요일,강원도 춘천시 석사동,경상사고,0,0,1,0,차대사람 - 기타,안전운전불이행,건조,맑음,단일로 - 기타,승합,남,61세,상해없음,보행자,여,62세,경상
2022082200100411,2022년 8월 22일 18시,월요일,강원도 춘천시 온의동,경상사고,0,0,1,0,차대차 - 측면충돌,중앙선침범,건조,맑음,단일로 - 기타,승용,남,39세,상해없음,이륜,남,63세,경상
2022082200100412,2022년 8월 22일 18시,월요일,강원도 춘천시 동내면,경상사고,0,0,1,0,차대사람 - 차도통행중,안전운전불이행,건조,맑음,단일로 - 지하차도(도로)내,화물,남,53세,상해없음,보행자,여,11세,경상
2022082200100413,2022년 8월 22일 18시,월요일,강원도 원주시 흥업면,경상사고,0,0,2,0,차대차 - 추돌,안전운전불이행,건조,흐림,기타 - 기타,승용,남,21세,상해없음,승용,남,24세,상해없음
2022082200100414,2022년 8월 22일 18시,월요일,강원도 속초시 교동,경상사고,0,0,7,1,차대차 - 측면충돌,안전운전불이행,건조,맑음,교차로 - 교차로부근,승용,여,39세,상해없음,승용,남,64세,경상
2022082200100478,2022년 8월 22일 20시,월요일,강원도 횡성군 서원면,경상사고,0,0,3,0,차대차 - 기타,안전운전불이행,건조,흐림,단일로 - 기타,승용,남,45세,경상,승용,여,56세,경상
2022082200100501,2022년 8월 22일 21시,월요일,강원도 양양군 서면,사망사고,1,0,0,0,차대사람 - 횡단중,안전운전불이행,건조,맑음,단일로 - 기타,화물,남,42세,상해없음,보행자,여,88세,사망
2022082300100007,2022년 8월 23일 00시,화요일,강원도 강릉시 포남동,중상사고,0,1,0,0,차대차 - 측면충돌,안전운전불이행,건조,맑음,교차로 - 교차로안,승용,여,38세,상해없음,이륜,남,42세,중상
2022082300100126,2022년 8월 23일 09시,화요일,강원도 춘천시 퇴계동,부상신고사고,0,0,0,2,차대차 - 기타,직진우회전진행방해,건조,맑음,교차로 - 교차로안,승용,여,30세,상해없음,승용,남,46세,부상신고
2022082300100127,2022년 8월 23일 09시,화요일,강원도 강릉시 포남동,경상사고,0,0,1,0,차대차 - 측면충돌,신호위반,건조,맑음,교차로 - 교차로안,농기계,남,61세,상해없음,승용,남,63세,경상
2022082300100128,2022년 8월 23일 09시,화요일,강원도 홍천군 북방면,중상사고,0,1,0,0,차대차 - 측면충돌,직진우회전진행방해,건조,맑음,교차로 - 교차로안,승용,남,64세,기타불명,승용,여,55세,중상
2022082300100210,2022년 8월 23일 12시,화요일,강원도 동해시 천곡동,중상사고,0,1,0,0,차대사람 - 횡단중,보행자보호의무위반,건조,맑음,교차로 - 교차로안,승용,여,44세,상해없음,보행자,여,72세,중상
2022082300100258,2022년 8월 23일 13시,화요일,강원도 양양군 양양읍,경상사고,0,0,1,0,차대차 - 측면충돌,중앙선침범,건조,맑음,단일로 - 교량,승용,남,49세,상해없음,승용,남,69세,경상
2022082300100290,2022년 8월 23일 14시,화요일,강원도 춘천시 효자동,부상신고사고,0,0,0,1,차대차 - 측면충돌,안전거리미확보,건조,맑음,교차로 - 교차로안,승용,남,78세,상해없음,승용,남,46세,부상신고
2022082300100291,2022년 8월 23일 14시,화요일,강원도 속초시 장사동,중상사고,0,2,0,0,차량단독 - 도로외이탈 - 기타,안전운전불이행,젖음/습기,비,단일로 - 고가도로위,승용,남,64세,기타불명,,,,
2022082300100332,2022년 8월 23일 15시,화요일,강원도 원주시 흥업면,경상사고,0,0,1,0,차대차 - 추돌,안전거리미확보,건조,맑음,교차로 - 교차로부근,화물,남,50세,상해없음,승합,남,27세,경상
2022082300100333,2022년 8월 23일 15시,화요일,강원도 춘천시 남면,중상사고,0,1,0,0,차대차 - 추돌,안전거리미확보,건조,맑음,단일로 - 터널,승용,남,54세,상해없음,승용,남,28세,중상
2022082300100376,2022년 8월 23일 16시,화요일,강원도 속초시 조양동,중상사고,0,1,0,0,차대차 - 측면충돌,교차로운행방법위반,건조,맑음,교차로 - 교차로안,승용,남,42세,상해없음,자전거,남,71세,중상
2022082300100424,2022년 8월 23일 17시,화요일,강원도 삼척시 도계읍,경상사고,0,0,1,0,차대차 - 측면충돌,중앙선침범,젖음/습기,비,단일로 - 지하차도(도로)내,화물,남,36세,상해없음,승용,남,39세,경상
2022082300100425,2022년 8월 23일 17시,화요일,강원도 고성군 토성면,경상사고,0,0,1,0,차대차 - 측면충돌,안전거리미확보,건조,흐림,교차로 - 교차로부근,승용,남,68세,상해없음,승용,여,29세,경상
2022082300100426,2022년 8월 23일 17시,화요일,강원도 양구군 국토정중앙면,경상사고,0,0,2,1,차대차 - 측면충돌,신호위반,건조,맑음,교차로 - 교차로안,화물,남,67세,상해없음,화물,남,48세,상해없음
2022082300100517,2022년 8월 23일 19시,화요일,강원도 강릉시 교동,중상사고,0,1,1,0,차대차 - 정면충돌,안전운전불이행,건조,맑음,단일로 - 기타,승용,남,27세,경상,이륜,남,26세,중상
2022082300100550,2022년 8월 23일 20시,화요일,강원도 춘천시 석사동,경상사고,0,0,1,0,차대차 - 측면충돌,안전운전불이행,건조,맑음,교차로 - 교차로안,승용,여,56세,상해없음,승용,남,56세,경상
2022082300100604,2022년 8월 23일 22시,화요일,강원도 원주시 단계동,경상사고,0,0,2,0,차대차 - 측면충돌,직진우회전진행방해,건조,맑음,교차로 - 교차로안,승용,남,22세,경상,승용,여,48세,경상
2022082400100069,2022년 8월 24일 07시,수요일,강원도 춘천시 신동면,중상사고,0,1,0,0,차량단독 - 전도전복 - 전복,중앙선침범,건조,맑음,단일로 - 기타,승용,남,64세,상해없음,,,,
2022082400100099,2022년 8월 24일 08시,수요일,강원도 춘천시 사북면,경상사고,0,0,1,0,차량단독 - 전도전복 - 전도,기타,건조,맑음,단일로 - 기타,화물,남,23세,상해없음,,,,
2022082400100143,2022년 8월 24일 09시,수요일,강원도 속초시 교동,경상사고,0,0,1,0,차대차 - 측면충돌,안전거리미확보,건조,흐림,교차로 - 교차로부근,화물,남,61세,상해없음,승용,남,28세,경상
2022082400100180,2022년 8월 24일 10시,수요일,강원도 철원군 갈말읍,경상사고,0,0,2,0,차대차 - 추돌,안전거리미확보,건조,맑음,교차로 - 교차로부근,화물,남,59세,상해없음,승용,여,41세,경상
2022082400100181,2022년 8월 24일 10시,수요일,강원도 동해시 천곡동,경상사고,0,0,2,0,차대차 - 추돌,안전운전불이행,건조,맑음,단일로 - 기타,승용,남,60세,상해없음,승용,남,48세,경상
2022082400100212,2022년 8월 24일 11시,수요일,강원도 원주시 지정면,경상사고,0,0,1,0,차대차 - 측면충돌,신호위반,건조,맑음,교차로 - 교차로안,승용,여,53세,상해없음,승용,남,61세,경상
2022082400100213,2022년 8월 24일 11시,수요일,강원도 원주시 단구동,중상사고,0,1,0,1,차대차 - 추돌,안전운전불이행,건조,맑음,단일로 - 기타,승용,여,46세,부상신고,승용,남,53세,중상
2022082400100215,2022년 8월 24일 11시,수요일,강원도 동해시 천곡동,경상사고,0,0,2,0,차대차 - 측면충돌,교차로운행방법위반,건조,맑음,교차로 - 교차로안,특수,남,54세,상해없음,이륜,남,82세,경상
2022082400100251,2022년 8월 24일 12시,수요일,강원도 원주시 행구동,부상신고사고,0,0,0,1,차대차 - 정면충돌,안전운전불이행,건조,맑음,단일로 - 기타,자전거,남,56세,부상신고,승용,여,37세,상해없음
2022082400100252,2022년 8월 24일 12시,수요일,강원도 양양군 강현면,경상사고,0,0,3,0,차대차 - 추돌,안전거리미확보,건조,맑음,교차로 - 교차로부근,건설기계,남,29세,상해없음,승용,남,73세,경상
2022082400100253,2022년 8월 24일 12시,수요일,강원도 태백시 화전동,경상사고,0,0,3,0,차대차 - 측면충돌,안전운전불이행,건조,맑음,단일로 - 기타,승용,남,36세,상해없음,승용,남,73세,경상
2022082400100254,2022년 8월 24일 12시,수요일,강원도 춘천시 동산면,경상사고,0,0,1,1,차대차 - 측면충돌,신호위반,건조,맑음,단일로 - 터널,승용,남,60세,상해없음,승용,남,31세,경상
2022082400100286,2022년 8월 24일 13시,수요일,강원도 강릉시 옥천동,경상사고,0,0,4,0,차대차 - 측면충돌,안전운전불이행,건조,맑음,단일로 - 기타,승용,여,65세,상해없음,승합,남,46세,경상
2022082400100316,2022년 8월 24일 14시,수요일,강원도 춘천시 소양로4가,중상사고,0,1,0,0,차대차 - 기타,안전운전불이행,건조,맑음,단일로 - 지하차도(도로)내,승용,여,58세,상해없음,승합,남,46세,상해없음
2022082400100338,2022년 8월 24일 15시,수요일,강원도 속초시 조양동,경상사고,0,0,1,0,차대차 - 측면충돌,교차로운행방법위반,건조,맑음,교차로 - 교차로안,승용,여,59세,상해없음,승용,남,64세,경상
2022082400100421,2022년 8월 24일 17시,수요일,강원도 원주시 무실동,경상사고,0,0,1,0,차대차 - 측면충돌,직진우회전진행방해,건조,맑음,교차로 - 교차로안,승용,여,38세,기타불명,승용,여,48세,경상
2022082400100422,2022년 8월 24일 17시,수요일,강원도 양양군 강현면,경상사고,0,0,1,0,차대차 - 추돌,안전운전불이행,건조,맑음,단일로 - 교량,승용,남,60세,상해없음,승용,여,43세,경상
2022082400100466,2022년 8월 24일 18시,수요일,강원도 원주시 단구동,경상사고,0,0,1,0,차대차 - 정면충돌,중앙선침범,건조,맑음,단일로 - 기타,승용,여,54세,상해없음,승용,남,55세,경상
2022082400100467,2022년 8월 24일 18시,수요일,강원도 철원군 서면,경상사고,0,0,4,0,차대차 - 측면충돌,안전운전불이행,건조,맑음,교차로 - 교차로안,승용,여,62세,경상,승합,남,55세,경상
2022082400100502,2022년 8월 24일 19시,수요일,강원도 속초시 조양동,경상사고,0,0,1,0,차대차 - 기타,신호위반,건조,맑음,교차로 - 교차로안,승용,여,40세,상해없음,승용,남,29세,경상
2022082400100540,2022년 8월 24일 20시,수요일,강원도 원주시 우산동,경상사고,0,0,1,0,차대사람 - 기타,안전운전불이행,건조,맑음,단일로 - 기타,승용,남,69세,기타불명,보행자,남,42세,경상
2022082400100592,2022년 8월 24일 22시,수요일,강원도 평창군 대화면,경상사고,0,0,1,0,차량단독 - 도로외이탈 - 기타,안전운전불이행,건조,맑음,단일로 - 지하차도(도로)내,화물,남,40세,경상,,,,
2022082500100013,2022년 8월 25일 01시,목요일,강원도 원주시 신림면,부상신고사고,0,0,0,1,차량단독 - 도로외이탈 - 추락,안전운전불이행,건조,맑음,단일로 - 기타,이륜,남,59세,부상신고,,,,
2022082500100034,2022년 8월 25일 05시,목요일,강원도 홍천군 홍천읍,중상사고,0,1,0,0,차대사람 - 횡단중,보행자보호의무위반,건조,맑음,단일로 - 기타,화물,남,59세,상해없음,보행자,여,77세,중상
2022082500100062,2022년 8월 25일 07시,목요일,강원도 원주시 문막읍,경상사고,0,0,1,0,차대차 - 측면충돌,안전운전불이행,건조,맑음,단일로 - 기타,승용,남,64세,상해없음,화물,남,33세,경상
2022082500100084,2022년 8월 25일 08시,목요일,강원도 원주시 단구동,경상사고,0,0,1,0,차대차 - 추돌,안전운전불이행,건조,맑음,단일로 - 기타,승용,여,46세,상해없음,화물,남,60세,상해없음
2022082500100085,2022년 8월 25일 08시,목요일,강원도 원주시 소초면,경상사고,0,0,1,0,차대차 - 측면충돌,안전운전불이행,건조,맑음,교차로 - 교차로부근,승용,남,29세,상해없음,화물,남,41세,경상
2022082500100086,2022년 8월 25일 08시,목요일,강원도 삼척시 우지동,중상사고,0,1,0,0,차대차 - 측면충돌,신호위반,건조,맑음,교차로 - 교차로안,건설기계,남,55세,상해없음,승용,남,56세,중상
2022082500100087,2022년 8월 25일 08시,목요일,강원도 인제군 기린면,경상사고,0,0,1,0,차대차 - 측면충돌,중앙선침범,건조,맑음,교차로 - 교차로부근,승용,남,67세,상해없음,승용,남,25세,경상
2022082500100117,2022년 8월 25일 09시,목요일,강원도 강릉시 홍제동,중상사고,0,1,0,0,차대사람 - 기타,안전운전불이행,건조,맑음,기타 - 기타,자전거,남,74세,상해없음,보행자,남,70세,중상
2022082500100141,2022년 8월 25일 10시,목요일,강원도 원주시 중앙동,경상사고,0,0,1,0,차대사람 - 기타,안전운전불이행,건조,맑음,단일로 - 기타,승용,남,80세,기타불명,보행자,여,65세,경상
2022082500100142,2022년 8월 25일 10시,목요일,강원도 태백시 소도동,경상사고,0,0,1,0,차대차 - 측면충돌,신호위반,건조,맑음,교차로 - 교차로안,승용,남,78세,상해없음,승용,여,52세,경상
2022082500100143,2022년 8월 25일 10시,목요일,강원도 태백시 화전동,경상사고,0,0,1,0,차대차 - 추돌,안전거리미확보,건조,맑음,교차로 - 교차로부근,화물,남,53세,상해없음,승용,남,80세,경상
2022082500100144,2022년 8월 25일 10시,목요일,강원도 고성군 토성면,경상사고,0,0,2,0,차대차 - 측면충돌,안전거리미확보,건조,맑음,교차로 - 교차로부근,승용,남,55세,상해없음,승용,남,53세,경상
2022082500100145,2022년 8월 25일 10시,목요일,강원도 고성군 토성면,경상사고,0,0,2,0,차대차 - 정면충돌,중앙선침범,건조,맑음,단일로 - 기타,승용,남,22세,상해없음,승용,남,56세,경상
2022082500100215,2022년 8월 25일 12시,목요일,강원도 영월군 한반도면,중상사고,0,1,1,0,차대차 - 추돌,안전운전불이행,건조,흐림,단일로 - 기타,특수,남,55세,상해없음,화물,남,70세,중상
2022082500100216,2022년 8월 25일 12시,목요일,강원도 태백시 장성동,경상사고,0,0,1,0,차대차 - 측면충돌,중앙선침범,건조,맑음,단일로 - 기타,승용,남,68세,상해없음,승용,남,66세,경상
2022082500100252,2022년 8월 25일 13시,목요일,강원도 춘천시 효자동,경상사고,0,0,1,0,차대차 - 기타,안전운전불이행,젖음/습기,흐림,교차로 - 교차로부근,승용,남,68세,상해없음,이륜,여,18세,경상
2022082500100253,2022년 8월 25일 13시,목요일,강원도 홍천군 홍천읍,중상사고,0,1,0,0,차대차 - 추돌,안전운전불이행,젖음/습기,비,단일로 - 기타,자전거,남,37세,상해없음,자전거,여,40세,중상
2022082500100319,2022년 8월 25일 15시,목요일,강원도 속초시 장사동,중상사고,0,1,3,0,차대차 - 측면충돌,안전운전불이행,젖음/습기,비,교차로 - 교차로부근,승용,여,70세,상해없음,승용,남,45세,중상
2022082500100354,2022년 8월 25일 16시,목요일,강원도 강릉시 홍제동,경상사고,0,0,3,0,차대차 - 측면충돌,신호위반,건조,맑음,교차로 - 교차로안,승용,남,42세,상해없음,승용,남,36세,경상
2022082500100355,2022년 8월 25일 16시,목요일,강원도 양양군 현남면,경상사고,0,0,2,0,차대차 - 측면충돌,안전운전불이행,건조,맑음,교차로 - 교차로부근,승용,남,29세,상해없음,승용,여,53세,경상
2022082500100391,2022년 8월 25일 17시,목요일,강원도 강릉시 노암동,경상사고,0,0,1,0,차대차 - 후진중충돌,안전운전불이행,건조,맑음,주차장 - 주차장,승용,여,26세,상해없음,승용,여,39세,경상
2022082500100421,2022년 8월 25일 18시,목요일,강원도 춘천시 석사동,경상사고,0,0,4,0,차대차 - 측면충돌,안전거리미확보,건조,맑음,단일로 - 기타,이륜,남,57세,상해없음,화물,남,68세,경상