사고번호,사고일시,요일,시군구,사고내용,사망자수,중상자수,경상자수,부상신고자수,사고유형,법규위반,노면상태,기상상태,도로형태,가해운전자 차종,가해운전자 성별,가해운전자 연령,가해운전자 상해정도,피해운전자 차종,피해운전자 성별,피해운전자 연령,피해운전자 상해정도
2022090600100519,2022년 9월 6일 20시,화요일,강원도 강릉시 주문진읍,경상사고,0,0,1,0,차대사람 - 횡단중,안전운전불이행,건조,맑음,교차로 - 교차로부근,승용,남,61세,상해없음,보행자,남,48세,경상
2022090600100539,2022년 9월 6일 21시,화요일,강원도 속초시 교동,부상신고사고,0,0,0,1,차대차 - 측면충돌,안전운전불이행,건조,맑음,단일로 - 기타,승용,남,45세,상해없음,이륜,남,28세,부상신고
2022090600100567,2022년 9월 6일 22시,화요일,강원도 춘천시 석사동,경상사고,0,0,2,0,차대차 - 측면충돌,안전운전불이행,건조,맑음,단일로 - 기타,화물,남,68세,상해없음,승용,여,50세,경상
2022090600100568,2022년 9월 6일 22시,화요일,강원도 인제군 북면,경상사고,0,0,1,0,차대차 - 측면충돌,안전운전불이행,건조,맑음,단일로 - 기타,승용,남,66세,상해없음,승용,여,25세,경상
2022090600100569,2022년 9월 6일 22시,화요일,강원도 양구군 양구읍,경상사고,0,0,1,0,차대차 - 측면충돌,교차로운행방법위반,건조,맑음,교차로 - 교차로안,승용,여,52세,상해없음,승용,여,25세,경상
2022090600100598,2022년 9월 6일 23시,화요일,강원도 춘천시 효자동,경상사고,0,0,1,0,차대차 - 기타,중앙선침범,건조,흐림,단일로 - 기타,승용,남,43세,기타불명,이륜,남,28세,경상
2022090600100599,2022년 9월 6일 23시,화요일,강원도 원주시 판부면,중상사고,0,1,0,0,차대차 - 추돌,안전운전불이행,건조,맑음,단일로 - 기타,승용,남,55세,상해없음,이륜,남,53세,중상
2022090700100017,2022년 9월 7일 01시,수요일,강원도 춘천시 조양동,경상사고,0,0,1,0,차대차 - 측면충돌,안전운전불이행,건조,맑음,단일로 - 기타,승용,남,41세,상해없음,승용,남,24세,경상
2022090700100061,2022년 9월 7일 06시,수요일,강원도 춘천시 삼천동,경상사고,0,0,4,0,차대차 - 기타,불법유턴,건조,맑음,교차로 - 교차로안,승용,남,80세,상해없음,승용,남,43세,경상
2022090700100081,2022년 9월 7일 07시,수요일,강원도 춘천시 근화동,경상사고,0,0,1,0,차대차 - 측면충돌,안전거리미확보,건조,맑음,단일로 - 기타,승용,여,63세,상해없음,승용,여,53세,경상
2022090700100082,2022년 9월 7일 07시,수요일,강원도 동해시 천곡동,경상사고,0,0,1,0,차대사람 - 횡단중,보행자보호의무위반,건조,맑음,교차로 - 교차로횡단보도내,승용,여,43세,상해없음,보행자,여,63세,경상
2022090700100124,2022년 9월 7일 08시,수요일,강원도 춘천시 동산면,중상사고,0,1,2,0,차대차 - 기타,교차로운행방법위반,건조,맑음,교차로 - 교차로안,화물,남,44세,상해없음,승용,여,25세,중상
2022090700100125,2022년 9월 7일 08시,수요일,강원도 강릉시 입암동,경상사고,0,0,1,0,차대사람 - 횡단중,보행자보호의무위반,건조,맑음,교차로 - 교차로횡단보도내,화물,남,31세,상해없음,보행자,여,74세,경상
2022090700100126,2022년 9월 7일 08시,수요일,강원도 원주시 개운동,경상사고,0,0,1,0,차대차 - 기타,안전거리미확보,건조,맑음,단일로 - 기타,승용,남,26세,상해없음,승용,여,59세,경상
2022090700100127,2022년 9월 7일 08시,수요일,강원도 동해시 천곡동,경상사고,0,0,2,0,차대차 - 측면충돌,교차로운행방법위반,건조,맑음,교차로 - 교차로안,승용,남,63세,상해없음,승용,남,64세,경상
2022090700100181,2022년 9월 7일 09시,수요일,강원도 횡성군 갑천면,경상사고,0,0,2,0,차대차 - 기타,안전운전불이행,건조,맑음,단일로 - 기타,화물,남,75세,상해없음,승용,여,49세,경상
2022090700100229,2022년 9월 7일 10시,수요일,강원도 원주시 봉산동,경상사고,0,0,1,0,차대차 - 기타,안전거리미확보,건조,맑음,교차로 - 교차로안,화물,남,31세,상해없음,이륜,남,25세,경상
2022090700100270,2022년 9월 7일 11시,수요일,강원도 강릉시 사천면,사망사고,1,0,2,0,차대차 - 정면충돌,중앙선침범,건조,맑음,단일로 - 기타,승용,여,79세,사망,승용,남,53세,경상
2022090700100271,2022년 9월 7일 11시,수요일,강원도 삼척시 남양동,중상사고,0,1,0,0,차대차 - 측면충돌,직진우회전진행방해,건조,맑음,교차로 - 교차로안,화물,남,62세,상해없음,원동기,남,62세,중상
2022090700100336,2022년 9월 7일 13시,수요일,강원도 강릉시 포남동,사망사고,1,0,0,0,차대차 - 측면충돌,신호위반,건조,맑음,교차로 - 교차로안,이륜,남,77세,사망,승용,여,31세,상해없음
2022090700100337,2022년 9월 7일 13시,수요일,강원도 강릉시 용강동,경상사고,0,0,2,0,차대차 - 기타,신호위반,건조,맑음,교차로 - 교차로안,승용,여,49세,상해없음,승용,남,70세,경상
2022090700100338,2022년 9월 7일 13시,수요일,강원도 평창군 대화면,중상사고,0,1,0,0,차대차 - 정면충돌,안전운전불이행,건조,맑음,단일로 - 지하차도(도로)내,승용,남,43세,상해없음,자전거,남,60세,중상
2022090700100369,2022년 9월 7일 14시,수요일,강원도 춘천시 퇴계동,부상신고사고,0,0,0,1,차대차 - 기타,안전운전불이행,건조,맑음,단일로 - 기타,승용,여,68세,상해없음,자전거,남,82세,부상신고
2022090700100370,2022년 9월 7일 14시,수요일,강원도 강릉시 지변동,경상사고,0,0,1,0,차대차 - 후진중충돌,안전운전불이행,건조,맑음,주차장 - 주차장,승용,남,65세,상해없음,승용,여,43세,경상
2022090700100371,2022년 9월 7일 14시,수요일,강원도 삼척시 가곡면,중상사고,0,1,0,0,차량단독 - 공작물충돌,안전운전불이행,건조,맑음,단일로 - 지하차도(도로)내,화물,남,72세,중상,,,,
2022090700100372,2022년 9월 7일 14시,수요일,강원도 동해시 효가동,중상사고,0,1,0,0,차대차 - 측면충돌,안전거리미확보,건조,맑음,교차로 - 교차로부근,화물,남,53세,상해없음,승용,여,72세,중상
2022090700100452,2022년 9월 7일 16시,수요일,강원도 삼척시 정상동,경상사고,0,0,1,0,차대차 - 측면충돌,신호위반,건조,맑음,단일로 - 지하차도(도로)내,화물,남,73세,상해없음,자전거,남,71세,경상
2022090700100453,2022년 9월 7일 16시,수요일,강원도 홍천군 홍천읍,경상사고,0,0,1,0,차대사람 - 기타,안전운전불이행,건조,맑음,단일로 - 기타,승용,여,29세,상해없음,보행자,남,71세,경상
2022090700100454,2022년 9월 7일 16시,수요일,강원도 태백시 황지동,경상사고,0,0,1,0,차대차 - 측면충돌,안전운전불이행,건조,맑음,단일로 - 기타,승용,남,78세,상해없음,승용,여,42세,경상
2022090700100503,2022년 9월 7일 17시,수요일,강원도 춘천시 후평동,중상사고,0,1,0,0,차대사람 - 횡단중,보행자보호의무위반,건조,맑음,단일로 - 기타,승용,남,73세,상해없음,보행자,남,23세,중상
2022090700100504,2022년 9월 7일 17시,수요일,강원도 춘천시 삼천동,경상사고,0,0,1,0,차대차 - 측면충돌,안전거리미확보,건조,맑음,교차로 - 교차로부근,승용,남,61세,상해없음,승용,여,48세,경상
2022090700100505,2022년 9월 7일 17시,수요일,강원도 원주시 명륜동,경상사고,0,0,1,0,차대사람 - 횡단중,보행자보호의무위반,건조,맑음,단일로 - 기타,승용,남,62세,상해없음,보행자,남,48세,경상
2022090700100506,2022년 9월 7일 17시,수요일,강원도 원주시 학성동,경상사고,0,0,1,0,차대차 - 기타,교차로운행방법위반,건조,맑음,단일로 - 기타,승용,여,63세,상해없음,승용,남,28세,경상
2022090700100507,2022년 9월 7일 17시,수요일,강원도 태백시 황지동,중상사고,0,1,1,0,차대차 - 추돌,안전거리미확보,건조,맑음,교차로 - 교차로부근,승용,여,51세,상해없음,승용,여,23세,중상
2022090700100605,2022년 9월 7일 19시,수요일,강원도 춘천시 석사동,중상사고,0,1,0,0,차대사람 - 차도통행중,안전운전불이행,건조,흐림,단일로 - 기타,화물,남,61세,상해없음,보행자,남,40세,중상
2022090700100677,2022년 9월 7일 21시,수요일,강원도 원주시 단계동,경상사고,0,0,1,0,차대차 - 측면충돌,안전운전불이행,건조,맑음,교차로 - 교차로부근,승용,여,64세,상해없음,승용,여,22세,경상
2022090700100678,2022년 9월 7일 21시,수요일,강원도 홍천군 홍천읍,경상사고,0,0,2,0,차대차 - 측면충돌,직진우회전진행방해,건조,맑음,교차로 - 교차로안,승용,여,53세,상해없음,승용,여,28세,경상
2022090700100679,2022년 9월 7일 21시,수요일,강원도 홍천군 홍천읍,경상사고,0,0,1,1,차대차 - 측면충돌,직진우회전진행방해,건조,맑음,교차로 - 교차로안,승용,남,60세,상해없음,승용,여,36세,경상
2022090800100019,2022년 9월 8일 01시,목요일,강원도 철원군 서면,중상사고,0,1,0,0,차대사람 - 횡단중,안전운전불이행,건조,맑음,교차로 - 교차로안,승용,남,21세,상해없음,보행자,남,20세,중상
2022090800100028,2022년 9월 8일 02시,목요일,강원도 강릉시 포남동,경상사고,0,0,2,0,차대차 - 추돌,안전운전불이행,건조,맑음,교차로 - 교차로부근,승용,여,31세,상해없음,화물,남,48세,상해없음
2022090800100043,2022년 9월 8일 05시,목요일,강원도 원주시 평원동,부상신고사고,0,0,0,2,차대차 - 추돌,안전운전불이행,건조,맑음,단일로 - 기타,화물,여,60세,상해없음,화물,여,62세,부상신고
2022090800100101,2022년 9월 8일 08시,목요일,강원도 동해시 동회동,경상사고,0,0,1,0,차대차 - 기타,안전운전불이행,건조,맑음,단일로 - 기타,승용,여,35세,상해없음,자전거,남,12세,경상
2022090800100192,2022년 9월 8일 10시,목요일,강원도 삼척시 교동,경상사고,0,0,1,0,차대차 - 측면충돌,안전운전불이행,건조,맑음,교차로 - 교차로안,승용,남,53세,상해없음,원동기,남,60세,경상
2022090800100232,2022년 9월 8일 11시,목요일,강원도 춘천시 후평동,경상사고,0,0,2,0,차대차 - 측면충돌,신호위반,건조,맑음,교차로 - 교차로안,승용,남,42세,상해없음,화물,남,53세,상해없음
2022090800100275,2022년 9월 8일 12시,목요일,강원도 원주시 판부면,경상사고,0,0,1,0,차대차 - 정면충돌,안전운전불이행,건조,맑음,교차로 - 교차로안,승용,여,49세,상해없음,화물,남,61세,경상
2022090800100308,2022년 9월 8일 13시,목요일,강원도 춘천시 효자동,경상사고,0,0,1,0,차대차 - 기타,안전운전불이행,건조,맑음,교차로 - 교차로부근,승용,여,49세,기타불명,승용,남,71세,경상
2022090800100359,2022년 9월 8일 14시,목요일,강원도 원주시 문막읍,중상사고,0,1,1,0,차대차 - 정면충돌,중앙선침범,건조,맑음,단일로 - 기타,승용,남,53세,상해없음,화물,남,59세,경상
2022090800100360,2022년 9월 8일 14시,목요일,강원도 철원군 서면,경상사고,0,0,3,0,차대차 - 측면충돌,직진우회전진행방해,건조,맑음,교차로 - 교차로안,승용,여,25세,경상,승용,남,72세,경상
2022090800100414,2022년 9월 8일 15시,목요일,강원도 영월군 영월읍,중상사고,0,1,0,0,차대사람 - 횡단중,안전운전불이행,건조,맑음,단일로 - 기타,승용,여,53세,상해없음,보행자,여,79세,중상
2022090800100482,2022년 9월 8일 16시,목요일,강원도 원주시 단구동,부상신고사고,0,0,0,1,차대차 - 측면충돌,안전거리미확보,건조,맑음,단일로 - 기타,승용,여,56세,상해없음,승용,남,23세,부상신고
2022090800100565,2022년 9월 8일 17시,목요일,강원도 춘천시 석사동,경상사고,0,0,1,0,차대차 - 정면충돌,안전운전불이행,건조,맑음,교차로 - 교차로부근,화물,남,50세,상해없음,승용,여,47세,경상
2022090800100566,2022년 9월 8일 17시,목요일,강원도 강릉시 교동,경상사고,0,0,1,0,차대사람 - 횡단중,보행자보호의무위반,건조,맑음,기타 - 기타,승용,여,47세,상해없음,보행자,남,41세,경상
2022090800100567,2022년 9월 8일 17시,목요일,강원도 원주시 문막읍,경상사고,0,0,2,1,차대차 - 추돌,안전운전불이행,건조,맑음,교차로 - 교차로안,승용,남,53세,부상신고,승용,여,50세,경상
2022090800100633,2022년 9월 8일 18시,목요일,강원도 춘천시 퇴계동,경상사고,0,0,1,0,차대차 - 측면충돌,직진우회전진행방해,건조,맑음,교차로 - 교차로안,승용,남,37세,상해없음,이륜,남,28세,경상
2022090800100634,2022년 9월 8일 18시,목요일,강원도 원주시 지정면,경상사고,0,0,1,0,차대차 - 후진중충돌,안전운전불이행,건조,맑음,단일로 - 기타,승용,여,53세,상해없음,승용,여,29세,경상
2022090800100688,2022년 9월 8일 19시,목요일,강원도 춘천시 온의동,경상사고,0,0,1,0,차대차 - 측면충돌,안전운전불이행,건조,맑음,단일로 - 기타,승용,남,45세,상해없음,승용,남,40세,경상
2022090800100689,2022년 9월 8일 19시,목요일,강원도 동해시 천곡동,경상사고,0,0,1,0,차대차 - 측면충돌,교차로운행방법위반,건조,맑음,교차로 - 교차로안,승용,남,65세,상해없음,승용,남,59세,경상
2022090800100754,2022년 9월 8일 21시,목요일,강원도 춘천시 효자동,경상사고,0,0,2,0,차대차 - 기타,신호위반,건조,맑음,교차로 - 교차로안,원동기,남,20세,상해없음,승용,여,43세,경상
2022090800100755,2022년 9월 8일 21시,목요일,강원도 홍천군 홍천읍,중상사고,0,1,0,0,차대사람 - 횡단중,보행자보호의무위반,건조,맑음,교차로 - 교차로횡단보도내,승용,여,51세,상해없음,보행자,여,51세,중상
2022090800100756,2022년 9월 8일 21시,목요일,강원도 평창군 평창읍,경상사고,0,0,1,0,차대사람 - 기타,안전운전불이행,건조,맑음,주차장 - 주차장,승용,남,42세,상해없음,보행자,남,77세,경상
2022090800100757,2022년 9월 8일 21시,목요일,강원도 고성군 토성면,경상사고,0,0,1,0,차대차 - 측면충돌,안전운전불이행,건조,맑음,기타 - 기타,승용,여,24세,상해없음,승용,남,40세,경상
2022090800100799,2022년 9월 8일 22시,목요일,강원도 춘천시 퇴계동,경상사고,0,0,3,0,차대차 - 측면충돌,안전운전불이행,건조,맑음,교차로 - 교차로안,승용,남,62세,상해없음,승용,남,64세,경상
2022090800100800,2022년 9월 8일 22시,목요일,강원도 속초시 영랑동,중상사고,0,2,0,0,차대차 - 측면충돌,안전운전불이행,건조,맑음,단일로 - 기타,승용,남,30세,상해없음,이륜,남,62세,중상
2022090900100020,2022년 9월 9일 01시,금요일,강원도 원주시 일산동,경상사고,0,0,2,1,차대차 - 추돌,안전운전불이행,건조,맑음,교차로 - 교차로안,승용,남,26세,부상신고,승용,남,55세,경상
2022090900100046,2022년 9월 9일 03시,금요일,강원도 강릉시 옥계면,중상사고,0,1,0,0,차대차 - 측면충돌,안전운전불이행,건조,맑음,단일로 - 기타,승용,남,32세,상해없음,승용,여,59세,중상
2022090900100060,2022년 9월 9일 04시,금요일,강원도 양양군 현남면,중상사고,0,4,0,0,차량단독 - 공작물충돌,안전운전불이행,건조,맑음,단일로 - 기타,승용,남,33세,상해없음,,,,
2022090900100073,2022년 9월 9일 06시,금요일,강원도 춘천시 효자동,중상사고,0,1,0,0,차대차 - 기타,안전운전불이행,건조,맑음,기타 - 기타,승용,남,70세,상해없음,이륜,남,17세,중상
2022090900100116,2022년 9월 9일 09시,금요일,강원도 속초시 조양동,중상사고,0,1,1,0,차대차 - 추돌,안전거리미확보,건조,맑음,단일로 - 기타,이륜,남,34세,중상,승용,남,63세,경상
2022090900100117,2022년 9월 9일 09시,금요일,강원도 횡성군 횡성읍,중상사고,0,1,0,0,차대차 - 측면충돌,안전운전불이행,건조,맑음,교차로 - 교차로안,승용,남,66세,상해없음,자전거,여,78세,중상
2022090900100137,2022년 9월 9일 10시,금요일,강원도 평창군 대화면,경상사고,0,0,2,0,차대차 - 추돌,안전운전불이행,건조,맑음,단일로 - 지하차도(도로)내,승용,남,57세,상해없음,승용,여,62세,경상
2022090900100207,2022년 9월 9일 12시,금요일,강원도 강릉시 주문진읍,경상사고,0,0,2,0,차대차 - 추돌,안전운전불이행,건조,맑음,단일로 - 기타,승용,남,48세,상해없음,승용,여,36세,경상
2022090900100208,2022년 9월 9일 12시,금요일,강원도 화천군 사내면,경상사고,0,0,1,0,차대차 - 측면충돌,안전운전불이행,건조,맑음,단일로 - 기타,화물,남,62세,상해없음,승합,남,69세,경상
2022090900100209,2022년 9월 9일 12시,금요일,강원도 동해시 발한동,경상사고,0,0,2,0,차대차 - 추돌,안전운전불이행,건조,맑음,단일로 - 기타,승용,남,69세,상해없음,승용,남,60세,경상
2022090900100242,2022년 9월 9일 13시,금요일,강원도 고성군 간성읍,경상사고,0,0,1,0,차대차 - 측면충돌,안전운전불이행,건조,맑음,교차로 - 교차로안,승용,여,65세,상해없음,이륜,남,83세,경상
2022090900100316,2022년 9월 9일 15시,금요일,강원도 원주시 문막읍,경상사고,0,0,4,0,차대차 - 추돌,안전운전불이행,건조,맑음,교차로 - 교차로부근,승용,남,56세,상해없음,승용,남,39세,경상
2022090900100317,2022년 9월 9일 15시,금요일,강원도 속초시 청학동,경상사고,0,0,1,0,차대차 - 측면충돌,안전운전불이행,건조,맑음,교차로 - 교차로안,승용,남,51세,상해없음,자전거,여,11세,경상
2022090900100346,2022년 9월 9일 16시,금요일,강원도 원주시 흥업면,경상사고,0,0,3,0,차대차 - 측면충돌,안전운전불이행,건조,맑음,단일로 - 기타,승용,남,57세,경상,승용,남,46세,경상
2022090900100371,2022년 9월 9일 17시,금요일,강원도 속초시 교동,경상사고,0,0,2,0,차대차 - 기타,교차로운행방법위반,건조,맑음,교차로 - 교차로부근,승용,남,38세,상해없음,승용,남,44세,상해없음
2022090900100372,2022년 9월 9일 17시,금요일,강원도 양구군 양구읍,경상사고,0,0,4,0,차대차 - 정면충돌,중앙선침범,건조,맑음,단일로 - 터널,승용,여,45세,상해없음,승용,남,43세,경상
2022090900100373,2022년 9월 9일 17시,금요일,강원도 동해시 평릉동,경상사고,0,0,1,0,차대차 - 측면충돌,안전운전불이행,건조,맑음,교차로 - 교차로부근,승용,남,49세,상해없음,이륜,남,53세,경상
2022090900100430,2022년 9월 9일 19시,금요일,강원도 강릉시 옥계면,중상사고,0,1,1,0,차대차 - 기타,신호위반,건조,맑음,교차로 - 교차로안,승용,남,74세,경상,승용,남,50세,중상
2022090900100431,2022년 9월 9일 19시,금요일,강원도 원주시 우산동,중상사고,0,1,1,0,차대차 - 측면충돌,안전거리미확보,건조,맑음,단일로 - 기타,원동기,남,16세,상해없음,승용,남,23세,경상
2022090900100432,2022년 9월 9일 19시,금요일,강원도 속초시 조양동,중상사고,0,1,0,0,차대사람 - 횡단중,안전운전불이행,건조,맑음,단일로 - 지하차도(도로)내,화물,남,40세,상해없음,보행자,남,52세,중상
2022090900100460,2022년 9월 9일 20시,금요일,강원도 동해시 구미동,경상사고,0,0,1,0,차대차 - 측면충돌,안전운전불이행,건조,맑음,교차로 - 교차로안,승용,남,75세,상해없음,이륜,남,42세,경상
2022090900100478,2022년 9월 9일 21시,금요일,강원도 춘천시 석사동,경상사고,0,0,1,0,차대사람 - 기타,기타,건조,맑음,단일로 - 기타,승용,남,58세,상해없음,보행자,여,18세,경상
2022090900100496,2022년 9월 9일 22시,금요일,강원도 춘천시 퇴계동,중상사고,0,1,1,0,차대차 - 기타,안전운전불이행,건조,맑음,단일로 - 기타,승용,남,36세,상해없음,승합,남,40세,중상
2022090900100497,2022년 9월 9일 22시,금요일,강원도 정선군 신동읍,경상사고,0,0,2,0,차대차 - 추돌,안전운전불이행,건조,맑음,단일로 - 기타,승용,남,58세,상해없음,화물,남,63세,경상
2022091000100010,2022년 9월 10일 01시,토요일,강원도 동해시 천곡동,중상사고,0,1,1,0,차대차 - 측면충돌,신호위반,건조,맑음,교차로 - 교차로안,승용,여,38세,중상,승용,여,48세,경상
2022091000100079,2022년 9월 10일 09시,토요일,강원도 강릉시 왕산면,중상사고,0,2,0,0,차대차 - 측면충돌,중앙선침범,건조,맑음,단일로 - 기타,화물,남,54세,상해없음,승용,남,72세,중상
2022091000100099,2022년 9월 10일 10시,토요일,강원도 평창군 평창읍,중상사고,0,3,0,0,차대차 - 정면충돌,기타,건조,맑음,교차로 - 교차로안,승용,남,52세,중상,승용,남,53세,중상
2022091000100125,2022년 9월 10일 11시,토요일,강원도 원주시 신림면,중상사고,0,1,0,0,차대차 - 기타,기타,건조,맑음,교차로 - 교차로안,승용,여,32세,상해없음,승용,여,61세,상해없음
2022091000100203,2022년 9월 10일 14시,토요일,강원도 원주시 호저면,경상사고,0,0,1,0,차대사람 - 기타,안전운전불이행,건조,맑음,단일로 - 기타,승용,남,62세,상해없음,보행자,남,28세,경상
2022091000100229,2022년 9월 10일 15시,토요일,강원도 강릉시 사천면,경상사고,0,0,2,0,차대차 - 측면충돌,안전운전불이행,건조,맑음,교차로 - 교차로부근,승용,여,39세,상해없음,승용,남,73세,경상
2022091000100230,2022년 9월 10일 15시,토요일,강원도 평창군 용평면,경상사고,0,0,1,0,차대차 - 기타,안전운전불이행,건조,맑음,주차장 - 주차장,승용,여,21세,상해없음,승용,여,40세,경상
2022091000100254,2022년 9월 10일 16시,토요일,강원도 강릉시 연곡면,경상사고,0,0,5,0,차대차 - 측면충돌,기타,건조,맑음,단일로 - 기타,승용,남,27세,기타불명,승용,남,53세,기타불명
2022091000100255,2022년 9월 10일 16시,토요일,강원도 평창군 대관령면,사망사고,1,0,0,0,차량단독 - 도로외이탈 - 기타,안전운전불이행,건조,맑음,교차로 - 교차로부근,이륜,남,64세,사망,,,,
2022091000100304,2022년 9월 10일 19시,토요일,강원도 횡성군 둔내면,경상사고,0,0,1,0,차대사람 - 횡단중,안전운전불이행,건조,맑음,기타 - 기타,승용,여,37세,상해없음,보행자,여,34세,경상
2022091000100343,2022년 9월 10일 21시,토요일,강원도 춘천시 석사동,중상사고,0,1,0,0,차대사람 - 횡단중,보행자보호의무위반,건조,흐림,교차로 - 교차로횡단보도내,승용,남,43세,상해없음,보행자,여,56세,중상
2022091100100062,2022년 9월 11일 09시,일요일,강원도 영월군 영월읍,중상사고,0,1,0,0,차대차 - 측면충돌,안전운전불이행,건조,맑음,기타 - 기타,자전거,남,39세,중상,화물,남,36세,상해없음
2022091100100063,2022년 9월 11일 09시,일요일,강원도 원주시 문막읍,중상사고,0,2,2,0,차대사람 - 기타,안전운전불이행,건조,맑음,기타 - 기타,승용,남,77세,상해없음,보행자,여,46세,중상
2022091100100076,2022년 9월 11일 10시,일요일,강원도 원주시 인동,경상사고,0,0,1,0,차대차 - 측면충돌,안전운전불이행,건조,맑음,기타 - 기타,승용,남,31세,상해없음,승용,여,63세,경상
2022091100100116,2022년 9월 11일 12시,일요일,강원도 영월군 김삿갓면,중상사고,0,2,0,0,차대차 - 측면충돌,안전운전불이행,건조,맑음,단일로 - 기타,승용,여,67세,상해없음,승용,남,59세,상해없음
2022091100100117,2022년 9월 11일 12시,일요일,강원도 홍천군 서석면,중상사고,0,1,4,0,차대차 - 측면충돌,직진우회전진행방해,건조,맑음,교차로 - 교차로안,화물,남,75세,경상,승용,남,53세,경상
2022091100100172,2022년 9월 11일 14시,일요일,강원도 강릉시 남문동,경상사고,0,0,1,0,차대사람 - 횡단중,보행자보호의무위반,건조,맑음,교차로 - 교차로부근,승용,여,42세,상해없음,보행자,여,58세,경상
2022091100100191,2022년 9월 11일 15시,일요일,강원도 원주시 태장동,사망사고,1,0,0,0,차대사람 - 기타,안전운전불이행,건조,흐림,기타 - 기타,화물,여,34세,기타불명,보행자,여,69세,사망
2022091100100192,2022년 9월 11일 15시,일요일,강원도 원주시 단구동,경상사고,0,0,1,0,차대차 - 기타,안전운전불이행,건조,맑음,교차로 - 교차로안,승용,남,64세,상해없음,이륜,남,38세,경상
2022091100100276,2022년 9월 11일 18시,일요일,강원도 철원군 갈말읍,경상사고,0,0,3,0,차대차 - 추돌,안전운전불이행,건조,맑음,교차로 - 교차로부근,화물,남,64세,상해없음,승용,남,28세,경상
2022091100100301,2022년 9월 11일 19시,일요일,강원도 태백시 황지동,경상사고,0,0,1,0,차대차 - 후진중충돌,안전운전불이행,건조,맑음,주차장 - 주차장,승용,여,57세,상해없음,승용,여,33세,경상
2022091100100323,2022년 9월 11일 20시,일요일,강원도 춘천시 효자동,경상사고,0,0,1,0,차대차 - 추돌,안전운전불이행,건조,맑음,단일로 - 기타,승용,남,28세,상해없음,승용,남,41세,경상
2022091200100005,2022년 9월 12일 00시,월요일,강원도 속초시 동명동,경상사고,0,0,1,0,차대차 - 측면충돌,안전거리미확보,건조,맑음,교차로 - 교차로부근,승용,남,60세,상해없음,승용,남,33세,경상
2022091200100116,2022년 9월 12일 11시,월요일,강원도 춘천시 후평동,경상사고,0,0,1,0,차대차 - 측면충돌,안전운전불이행,건조,맑음,단일로 - 기타,승용,여,54세,상해없음,원동기,남,20세,경상
2022091200100117,2022년 9월 12일 11시,월요일,강원도 원주시 단구동,경상사고,0,0,1,0,차대차 - 기타,안전운전불이행,건조,맑음,단일로 - 기타,승용,남,50세,상해없음,개인형이동수단(PM),남,18세,경상
2022091200100139,2022년 9월 12일 12시,월요일,강원도 횡성군 둔내면,경상사고,0,0,1,4,차대차 - 추돌,안전거리미확보,건조,맑음,단일로 - 터널,승용,남,58세,상해없음,승용,남,27세,경상
2022091200100164,2022년 9월 12일 13시,월요일,강원도 동해시 용정동,경상사고,0,0,2,0,차대차 - 측면충돌,교차로운행방법위반,건조,맑음,교차로 - 교차로안,승용,남,64세,상해없음,승용,남,24세,경상
2022091200100165,2022년 9월 12일 13시,월요일,강원도 동해시 송정동,경상사고,0,0,2,0,차대차 - 측면충돌,안전운전불이행,건조,맑음,교차로 - 교차로부근,승용,남,24세,상해없음,승용,남,64세,경상
2022091200100223,2022년 9월 12일 15시,월요일,강원도 고성군 거진읍,경상사고,0,0,2,0,차대차 - 측면충돌,안전운전불이행,건조,맑음,기타 - 기타,화물,남,68세,상해없음,승용,여,30세,경상
2022091200100293,2022년 9월 12일 18시,월요일,강원도 강릉시 유천동,경상사고,0,0,1,0,차대사람 - 기타,보행자보호의무위반,건조,맑음,교차로 - 교차로안,승용,남,39세,상해없음,보행자,여,19세,경상
2022091200100322,2022년 9월 12일 19시,월요일,강원도 원주시 태장동,중상사고,0,1,0,0,차대차 - 추돌,안전운전불이행,건조,맑음,단일로 - 기타,승용,남,21세,상해없음,개인형이동수단(PM),여,14세,중상
2022091200100353,2022년 9월 12일 20시,월요일,강원도 삼척시 교동,경상사고,0,0,1,0,차대차 - 측면충돌,안전거리미확보,건조,맑음,단일로 - 지하차도(도로)내,특수,남,49세,상해없음,승용,남,36세,경상
2022091300100007,2022년 9월 13일 01시,화요일,강원도 강릉시 교동,경상사고,0,0,1,0,차대차 - 정면충돌,중앙선침범,건조,맑음,단일로 - 기타,승용,여,40세,상해없음,승용,여,62세,경상
2022091300100022,2022년 9월 13일 04시,화요일,강원도 양양군 강현면,중상사고,0,1,0,0,차대사람 - 차도통행중,안전운전불이행,건조,맑음,교차로 - 교차로부근,승용,남,64세,상해없음,보행자,여,74세,중상
2022091300100074,2022년 9월 13일 08시,화요일,강원도 춘천시 동면,부상신고사고,0,0,0,1,차대차 - 기타,안전운전불이행,건조,맑음,교차로 - 교차로부근,기타불명,기타불명,미분류,기타불명,이륜,남,41세,부상신고
2022091300100075,2022년 9월 13일 08시,화요일,강원도 평창군 평창읍,경상사고,0,0,2,0,차대차 - 추돌,안전운전불이행,건조,맑음,단일로 - 지하차도(도로)내,승용,여,58세,상해없음,승용,여,29세,경상
2022091300100166,2022년 9월 13일 11시,화요일,강원도 강릉시 주문진읍,경상사고,0,0,4,0,차대차 - 추돌,안전운전불이행,건조,맑음,단일로 - 기타,사륜오토바이(ATV),남,77세,상해없음,승용,남,41세,경상