사고번호,사고일시,요일,시군구,사고내용,사망자수,중상자수,경상자수,부상신고자수,사고유형,법규위반,노면상태,기상상태,도로형태,가해운전자 차종,가해운전자 성별,가해운전자 연령,가해운전자 상해정도,피해운전자 차종,피해운전자 성별,피해운전자 연령,피해운전자 상해정도
2022092000100243,2022년 9월 20일 12시,화요일,강원도 춘천시 퇴계동,경상사고,0,0,1,0,차대차 - 기타,안전운전불이행,건조,맑음,기타 - 기타,승용,남,27세,상해없음,승용,남,29세,경상
2022092000100244,2022년 9월 20일 12시,화요일,강원도 춘천시 동내면,경상사고,0,0,1,2,차대차 - 측면충돌,직진우회전진행방해,건조,맑음,교차로 - 교차로안,승용,남,92세,상해없음,승용,남,62세,경상
2022092000100269,2022년 9월 20일 13시,화요일,강원도 춘천시 소양로1가,중상사고,0,2,1,0,차대차 - 정면충돌,중앙선침범,건조,맑음,단일로 - 기타,승용,남,62세,상해없음,승용,남,23세,경상
2022092000100312,2022년 9월 20일 14시,화요일,강원도 정선군 임계면,경상사고,0,0,1,1,차대차 - 기타,중앙선침범,건조,맑음,기타 - 기타,화물,남,75세,부상신고,화물,남,73세,경상
2022092000100350,2022년 9월 20일 15시,화요일,강원도 원주시 단구동,경상사고,0,0,3,0,차대차 - 기타,안전운전불이행,건조,맑음,교차로 - 교차로안,승용,남,41세,상해없음,승용,남,34세,경상
2022092000100394,2022년 9월 20일 16시,화요일,강원도 원주시 우산동,경상사고,0,0,1,0,차대차 - 측면충돌,안전운전불이행,건조,맑음,교차로 - 교차로부근,화물,남,79세,상해없음,승용,남,34세,경상
2022092000100395,2022년 9월 20일 16시,화요일,강원도 삼척시 우지동,경상사고,0,0,1,0,차대차 - 추돌,안전거리미확보,기타,맑음,교차로 - 교차로부근,승용,남,54세,상해없음,승용,여,36세,경상
2022092000100437,2022년 9월 20일 17시,화요일,강원도 춘천시 사농동,경상사고,0,0,1,0,차대차 - 기타,안전거리미확보,건조,맑음,단일로 - 기타,화물,남,61세,상해없음,승용,여,52세,경상
2022092000100438,2022년 9월 20일 17시,화요일,강원도 춘천시 동내면,경상사고,0,0,1,0,차대차 - 기타,직진우회전진행방해,건조,맑음,교차로 - 교차로안,승용,남,44세,상해없음,이륜,남,27세,경상
2022092000100482,2022년 9월 20일 18시,화요일,강원도 춘천시 석사동,경상사고,0,0,1,0,차대사람 - 기타,안전운전불이행,건조,맑음,기타 - 기타,개인형이동수단(PM),남,14세,상해없음,보행자,남,7세,경상
2022092000100483,2022년 9월 20일 18시,화요일,강원도 춘천시 온의동,경상사고,0,0,2,0,차대차 - 측면충돌,교차로운행방법위반,건조,맑음,교차로 - 교차로안,승용,남,30세,상해없음,승용,여,47세,경상
2022092000100528,2022년 9월 20일 19시,화요일,강원도 홍천군 서면,중상사고,0,1,0,0,차대사람 - 길가장자리구역통행중,안전운전불이행,건조,맑음,단일로 - 기타,승용,남,19세,상해없음,보행자,여,85세,중상
2022092000100529,2022년 9월 20일 19시,화요일,강원도 홍천군 홍천읍,경상사고,0,0,1,0,차대사람 - 횡단중,보행자보호의무위반,건조,맑음,교차로 - 교차로안,승용,여,49세,상해없음,보행자,남,65세,경상
2022092000100563,2022년 9월 20일 20시,화요일,강원도 춘천시 석사동,경상사고,0,0,2,0,차대차 - 기타,안전운전불이행,건조,맑음,교차로 - 교차로안,승용,여,48세,상해없음,승용,남,28세,경상
2022092000100596,2022년 9월 20일 21시,화요일,강원도 삼척시 남양동,경상사고,0,0,1,0,차대차 - 기타,중앙선침범,기타,맑음,단일로 - 기타,승용,남,66세,상해없음,승용,남,21세,경상
2022092100100038,2022년 9월 21일 06시,수요일,강원도 원주시 지정면,경상사고,0,0,1,0,차대차 - 추돌,안전운전불이행,건조,맑음,단일로 - 기타,승용,남,40세,상해없음,건설기계,남,66세,경상
2022092100100095,2022년 9월 21일 08시,수요일,강원도 원주시 문막읍,경상사고,0,0,1,0,차대차 - 측면충돌,안전운전불이행,건조,맑음,교차로 - 교차로안,승용,남,61세,상해없음,자전거,남,14세,경상
2022092100100096,2022년 9월 21일 08시,수요일,강원도 태백시 황지동,경상사고,0,0,2,0,차대차 - 측면충돌,안전운전불이행,건조,맑음,단일로 - 기타,승용,남,44세,상해없음,승용,여,65세,경상
2022092100100141,2022년 9월 21일 09시,수요일,강원도 강릉시 회산동,경상사고,0,0,1,0,차대차 - 측면충돌,안전운전불이행,건조,맑음,단일로 - 기타,승용,남,69세,기타불명,승용,여,45세,경상
2022092100100142,2022년 9월 21일 09시,수요일,강원도 원주시 단계동,경상사고,0,0,1,0,차대차 - 추돌,안전운전불이행,건조,맑음,교차로 - 교차로부근,승용,남,41세,상해없음,승용,여,35세,경상
2022092100100143,2022년 9월 21일 09시,수요일,강원도 삼척시 근덕면,중상사고,0,1,0,0,차대차 - 기타,중앙선침범,건조,맑음,단일로 - 기타,건설기계,남,48세,상해없음,자전거,남,37세,중상
2022092100100216,2022년 9월 21일 11시,수요일,강원도 영월군 영월읍,중상사고,0,2,0,0,차대차 - 측면충돌,교차로운행방법위반,건조,맑음,교차로 - 교차로안,승용,여,60세,상해없음,승용,남,60세,중상
2022092100100217,2022년 9월 21일 11시,수요일,강원도 횡성군 둔내면,경상사고,0,0,2,0,차대차 - 추돌,안전거리미확보,건조,맑음,단일로 - 기타,승합,남,64세,상해없음,승합,남,66세,상해없음
2022092100100257,2022년 9월 21일 12시,수요일,강원도 정선군 고한읍,중상사고,0,1,0,0,차대차 - 기타,안전운전불이행,건조,맑음,단일로 - 기타,승용,남,40세,상해없음,승용,남,36세,중상
2022092100100289,2022년 9월 21일 13시,수요일,강원도 동해시 북평동,경상사고,0,0,1,0,차대차 - 기타,신호위반,건조,맑음,단일로 - 기타,승용,여,43세,상해없음,자전거,남,32세,경상
2022092100100326,2022년 9월 21일 14시,수요일,강원도 태백시 장성동,경상사고,0,0,2,0,차대차 - 추돌,중앙선침범,건조,맑음,단일로 - 기타,승용,남,67세,상해없음,승용,남,48세,경상
2022092100100360,2022년 9월 21일 15시,수요일,강원도 태백시 황지동,경상사고,0,0,1,0,차대차 - 측면충돌,교차로운행방법위반,건조,맑음,교차로 - 교차로안,특수,남,44세,상해없음,승용,여,49세,경상
2022092100100403,2022년 9월 21일 16시,수요일,강원도 원주시 태장동,중상사고,0,1,0,0,차대차 - 측면충돌,안전운전불이행,건조,맑음,교차로 - 교차로부근,승용,남,55세,상해없음,자전거,남,78세,중상
2022092100100404,2022년 9월 21일 16시,수요일,강원도 태백시 소도동,경상사고,0,0,1,0,차대차 - 후진중충돌,안전운전불이행,건조,맑음,주차장 - 주차장,승합,남,22세,상해없음,승용,여,60세,경상
2022092100100474,2022년 9월 21일 17시,수요일,강원도 원주시 개운동,경상사고,0,0,1,0,차대차 - 측면충돌,신호위반,건조,맑음,교차로 - 교차로안,승용,남,59세,상해없음,승용,여,52세,경상
2022092100100598,2022년 9월 21일 20시,수요일,강원도 양양군 양양읍,경상사고,0,0,1,0,차대차 - 측면충돌,안전운전불이행,건조,맑음,교차로 - 교차로안,승용,여,44세,상해없음,이륜,남,61세,경상
2022092100100627,2022년 9월 21일 21시,수요일,강원도 홍천군 홍천읍,경상사고,0,0,1,0,차대사람 - 길가장자리구역통행중,안전운전불이행,건조,맑음,단일로 - 지하차도(도로)내,승용,남,56세,상해없음,보행자,남,54세,경상
2022092100100628,2022년 9월 21일 21시,수요일,강원도 홍천군 홍천읍,경상사고,0,0,1,0,차대차 - 측면충돌,교차로운행방법위반,건조,맑음,교차로 - 교차로안,승합,여,39세,상해없음,이륜,남,42세,경상
2022092200100024,2022년 9월 22일 03시,목요일,강원도 강릉시 사천면,경상사고,0,0,1,0,차대차 - 추돌,안전운전불이행,건조,맑음,단일로 - 기타,화물,남,27세,경상,승용,남,40세,상해없음
2022092200100040,2022년 9월 22일 05시,목요일,강원도 춘천시 우두동,경상사고,0,0,1,0,차량단독 - 기타,안전운전불이행,건조,맑음,교차로 - 교차로부근,이륜,남,16세,경상,,,,
2022092200100162,2022년 9월 22일 09시,목요일,강원도 속초시 교동,경상사고,0,0,1,0,차대사람 - 길가장자리구역통행중,안전운전불이행,건조,맑음,교차로 - 교차로부근,화물,남,42세,상해없음,보행자,남,70세,경상
2022092200100202,2022년 9월 22일 10시,목요일,강원도 춘천시 우두동,경상사고,0,0,1,0,차대차 - 측면충돌,안전운전불이행,건조,맑음,교차로 - 교차로안,승용,남,50세,상해없음,화물,남,67세,경상
2022092200100262,2022년 9월 22일 12시,목요일,강원도 춘천시 약사동,부상신고사고,0,0,0,1,차대차 - 기타,안전운전불이행,건조,맑음,기타 - 기타,자전거,여,63세,상해없음,자전거,남,63세,부상신고
2022092200100263,2022년 9월 22일 12시,목요일,강원도 춘천시 퇴계동,경상사고,0,0,2,0,차대차 - 측면충돌,직진우회전진행방해,건조,맑음,교차로 - 교차로안,승용,남,44세,기타불명,승용,남,34세,경상
2022092200100264,2022년 9월 22일 12시,목요일,강원도 양양군 양양읍,중상사고,0,1,0,0,차대차 - 측면충돌,안전운전불이행,건조,맑음,교차로 - 교차로부근,승용,남,41세,상해없음,이륜,남,34세,중상
2022092200100265,2022년 9월 22일 12시,목요일,강원도 인제군 인제읍,중상사고,0,1,0,0,차대사람 - 길가장자리구역통행중,안전운전불이행,건조,맑음,단일로 - 기타,화물,남,55세,상해없음,보행자,남,27세,중상
2022092200100266,2022년 9월 22일 12시,목요일,강원도 철원군 서면,경상사고,0,0,1,0,차대차 - 기타,안전운전불이행,건조,맑음,단일로 - 기타,승용,여,41세,상해없음,자전거,남,60세,경상
2022092200100291,2022년 9월 22일 13시,목요일,강원도 원주시 우산동,경상사고,0,0,2,0,차대차 - 추돌,안전운전불이행,건조,맑음,기타 - 기타,승용,남,74세,상해없음,승용,남,73세,경상
2022092200100292,2022년 9월 22일 13시,목요일,강원도 홍천군 서면,경상사고,0,0,1,0,차대차 - 기타,중앙선침범,건조,맑음,단일로 - 교량,승용,여,66세,상해없음,승용,남,50세,경상
2022092200100325,2022년 9월 22일 14시,목요일,강원도 원주시 단구동,경상사고,0,0,1,0,차대차 - 추돌,안전운전불이행,건조,맑음,교차로 - 교차로안,승용,남,38세,상해없음,승용,여,30세,경상
2022092200100349,2022년 9월 22일 15시,목요일,강원도 강릉시 구정면,사망사고,1,0,0,0,차량단독 - 기타,안전운전불이행,건조,맑음,기타 - 기타,농기계,남,82세,사망,,,,
2022092200100350,2022년 9월 22일 15시,목요일,강원도 강릉시 구정면,경상사고,0,0,1,0,차대차 - 기타,안전운전불이행,건조,맑음,단일로 - 기타,건설기계,남,62세,상해없음,승용,여,36세,경상
2022092200100390,2022년 9월 22일 16시,목요일,강원도 원주시 단계동,중상사고,0,1,0,0,차대차 - 측면충돌,안전운전불이행,건조,맑음,단일로 - 기타,승합,남,61세,상해없음,승용,여,59세,중상
2022092200100391,2022년 9월 22일 16시,목요일,강원도 횡성군 우천면,경상사고,0,0,2,0,차대차 - 추돌,안전운전불이행,건조,맑음,단일로 - 기타,화물,남,58세,상해없음,화물,남,49세,경상
2022092200100437,2022년 9월 22일 17시,목요일,강원도 원주시 단구동,경상사고,0,0,1,0,차대사람 - 횡단중,안전운전불이행,건조,맑음,교차로 - 교차로횡단보도내,승용,남,78세,상해없음,보행자,남,10세,경상
2022092200100438,2022년 9월 22일 17시,목요일,강원도 횡성군 공근면,경상사고,0,0,1,0,차대차 - 기타,안전운전불이행,건조,맑음,단일로 - 기타,화물,남,64세,상해없음,자전거,남,60세,경상
2022092200100475,2022년 9월 22일 18시,목요일,강원도 춘천시 신북읍,경상사고,0,0,2,0,차대차 - 기타,중앙선침범,건조,맑음,단일로 - 기타,승용,여,30세,상해없음,승용,남,22세,경상
2022092200100528,2022년 9월 22일 19시,목요일,강원도 춘천시 퇴계동,경상사고,0,0,1,0,차대차 - 기타,교차로운행방법위반,건조,맑음,교차로 - 교차로안,승용,남,55세,상해없음,이륜,남,32세,경상
2022092200100529,2022년 9월 22일 19시,목요일,강원도 철원군 동송읍,중상사고,0,1,0,0,차대사람 - 횡단중,보행자보호의무위반,건조,맑음,기타 - 기타,이륜,남,22세,상해없음,보행자,남,11세,중상
2022092200100590,2022년 9월 22일 21시,목요일,강원도 원주시 태장동,경상사고,0,0,1,0,차대차 - 측면충돌,안전거리미확보,건조,맑음,단일로 - 기타,화물,남,50세,상해없음,승용,여,35세,경상
2022092300100024,2022년 9월 23일 04시,금요일,강원도 원주시 단계동,경상사고,0,0,1,0,차대차 - 추돌,안전운전불이행,건조,맑음,교차로 - 교차로안,승용,남,34세,상해없음,승용,여,43세,경상
2022092300100092,2022년 9월 23일 08시,금요일,강원도 춘천시 온의동,경상사고,0,0,1,0,차대차 - 측면충돌,안전운전불이행,건조,맑음,교차로 - 교차로안,승용,여,62세,상해없음,승용,남,35세,경상
2022092300100093,2022년 9월 23일 08시,금요일,강원도 춘천시 온의동,경상사고,0,0,1,0,차대차 - 측면충돌,안전운전불이행,건조,맑음,교차로 - 교차로안,승용,여,47세,상해없음,승용,여,32세,경상
2022092300100094,2022년 9월 23일 08시,금요일,강원도 정선군 고한읍,중상사고,0,1,0,0,차대차 - 기타,안전운전불이행,건조,맑음,교차로 - 교차로안,승용,남,74세,상해없음,승용,여,52세,중상
2022092300100130,2022년 9월 23일 09시,금요일,강원도 춘천시 후평동,경상사고,0,0,1,0,차대사람 - 차도통행중,안전운전불이행,건조,맑음,교차로 - 교차로안,승용,남,62세,상해없음,보행자,여,65세,경상
2022092300100202,2022년 9월 23일 11시,금요일,강원도 춘천시 온의동,부상신고사고,0,0,0,1,차대차 - 기타,안전운전불이행,건조,맑음,기타 - 기타,승용,여,43세,상해없음,개인형이동수단(PM),남,67세,부상신고
2022092300100203,2022년 9월 23일 11시,금요일,강원도 속초시 금호동,경상사고,0,0,2,0,차대차 - 후진중충돌,안전운전불이행,건조,맑음,단일로 - 지하차도(도로)내,이륜,남,20세,상해없음,승용,남,31세,경상
2022092300100204,2022년 9월 23일 11시,금요일,강원도 삼척시 남양동,경상사고,0,0,1,0,차대차 - 측면충돌,안전운전불이행,건조,맑음,단일로 - 기타,화물,여,62세,상해없음,승용,남,38세,경상
2022092300100240,2022년 9월 23일 12시,금요일,강원도 삼척시 하장면,경상사고,0,0,1,0,차대차 - 기타,안전운전불이행,기타,맑음,기타 - 기타,화물,여,61세,상해없음,승용,남,75세,경상
2022092300100272,2022년 9월 23일 13시,금요일,강원도 강릉시 주문진읍,중상사고,0,1,0,0,차대사람 - 횡단중,안전운전불이행,건조,맑음,단일로 - 기타,승용,여,60세,상해없음,보행자,남,8세,중상
2022092300100319,2022년 9월 23일 14시,금요일,강원도 평창군 용평면,경상사고,0,0,1,0,차대차 - 기타,안전운전불이행,건조,맑음,교차로 - 교차로부근,화물,남,31세,상해없음,이륜,남,46세,경상
2022092300100360,2022년 9월 23일 15시,금요일,강원도 춘천시 퇴계동,경상사고,0,0,1,0,차대차 - 기타,안전운전불이행,건조,맑음,교차로 - 교차로부근,승용,남,60세,상해없음,승합,남,52세,상해없음
2022092300100361,2022년 9월 23일 15시,금요일,강원도 원주시 반곡동,경상사고,0,0,1,0,차대차 - 측면충돌,안전운전불이행,건조,맑음,단일로 - 기타,화물,남,48세,상해없음,승용,남,49세,경상
2022092300100399,2022년 9월 23일 16시,금요일,강원도 춘천시 석사동,경상사고,0,0,1,0,차대차 - 측면충돌,안전거리미확보,건조,맑음,단일로 - 기타,승용,여,43세,상해없음,이륜,남,24세,경상
2022092300100400,2022년 9월 23일 16시,금요일,강원도 원주시 반곡동,경상사고,0,0,2,0,차대차 - 추돌,안전운전불이행,건조,맑음,교차로 - 교차로부근,화물,남,58세,상해없음,승용,남,61세,경상
2022092300100458,2022년 9월 23일 17시,금요일,강원도 강릉시 홍제동,경상사고,0,0,1,0,차대차 - 기타,안전운전불이행,건조,맑음,교차로 - 교차로안,승용,남,21세,상해없음,승합,남,63세,경상
2022092300100558,2022년 9월 23일 19시,금요일,강원도 동해시 천곡동,경상사고,0,0,1,0,차대차 - 측면충돌,안전운전불이행,건조,맑음,단일로 - 기타,화물,남,62세,상해없음,승용,남,51세,경상
2022092300100594,2022년 9월 23일 20시,금요일,강원도 속초시 교동,중상사고,0,1,0,0,차대차 - 추돌,안전운전불이행,건조,맑음,단일로 - 기타,승용,여,65세,상해없음,화물,남,50세,중상
2022092400100007,2022년 9월 24일 00시,토요일,강원도 횡성군 횡성읍,경상사고,0,0,1,0,차대차 - 추돌,안전운전불이행,건조,맑음,교차로 - 교차로안,승용,남,40세,상해없음,승용,여,55세,경상
2022092400100091,2022년 9월 24일 08시,토요일,강원도 영월군 영월읍,경상사고,0,0,1,0,차대사람 - 횡단중,보행자보호의무위반,건조,맑음,교차로 - 교차로안,승용,여,53세,상해없음,보행자,여,52세,경상
2022092400100092,2022년 9월 24일 08시,토요일,강원도 인제군 상남면,사망사고,1,0,0,0,차대차 - 정면충돌,안전운전불이행,건조,맑음,교차로 - 교차로안,승합,남,64세,상해없음,자전거,남,52세,사망
2022092400100145,2022년 9월 24일 10시,토요일,강원도 태백시 황지동,경상사고,0,0,1,0,차대차 - 측면충돌,중앙선침범,건조,맑음,단일로 - 기타,화물,남,54세,상해없음,승용,남,66세,경상
2022092400100189,2022년 9월 24일 11시,토요일,강원도 강릉시 강문동,경상사고,0,0,1,0,차대사람 - 기타,안전운전불이행,건조,맑음,기타 - 기타,승용,여,57세,상해없음,보행자,남,25세,경상
2022092400100190,2022년 9월 24일 11시,토요일,강원도 원주시 문막읍,중상사고,0,1,0,0,차대차 - 추돌,안전운전불이행,건조,맑음,교차로 - 교차로안,승용,남,54세,상해없음,이륜,남,39세,중상
2022092400100191,2022년 9월 24일 11시,토요일,강원도 영월군 영월읍,중상사고,0,1,0,0,차대차 - 정면충돌,중앙선침범,건조,맑음,단일로 - 기타,승용,남,18세,상해없음,승용,남,72세,중상
2022092400100237,2022년 9월 24일 12시,토요일,강원도 영월군 영월읍,경상사고,0,0,1,0,차대차 - 추돌,안전운전불이행,건조,맑음,교차로 - 교차로부근,화물,남,64세,상해없음,이륜,남,24세,경상
2022092400100291,2022년 9월 24일 13시,토요일,강원도 춘천시 퇴계동,중상사고,0,1,0,1,차대차 - 측면충돌,안전운전불이행,건조,맑음,교차로 - 교차로안,승용,여,47세,부상신고,화물,남,62세,중상
2022092400100292,2022년 9월 24일 13시,토요일,강원도 원주시 단계동,경상사고,0,0,2,0,차대차 - 측면충돌,교차로운행방법위반,건조,맑음,교차로 - 교차로안,승용,남,30세,기타불명,승용,남,45세,경상
2022092400100293,2022년 9월 24일 13시,토요일,강원도 동해시 구미동,사망사고,1,0,0,0,차대차 - 기타,교차로운행방법위반,건조,맑음,교차로 - 교차로안,화물,남,65세,상해없음,자전거,남,83세,사망
2022092400100340,2022년 9월 24일 14시,토요일,강원도 원주시 소초면,중상사고,0,1,1,0,차대차 - 추돌,안전운전불이행,건조,맑음,단일로 - 기타,승용,남,29세,상해없음,화물,기타불명,미분류,기타불명
2022092400100341,2022년 9월 24일 14시,토요일,강원도 철원군 동송읍,경상사고,0,0,1,0,차대사람 - 기타,안전운전불이행,건조,맑음,단일로 - 기타,승용,남,55세,상해없음,보행자,여,61세,경상
2022092400100382,2022년 9월 24일 15시,토요일,강원도 춘천시 동내면,경상사고,0,0,1,0,차대차 - 추돌,안전운전불이행,건조,맑음,단일로 - 기타,승용,남,71세,상해없음,승합,남,53세,경상
2022092400100383,2022년 9월 24일 15시,토요일,강원도 원주시 명륜동,경상사고,0,0,1,0,차대차 - 추돌,안전운전불이행,건조,맑음,교차로 - 교차로안,승용,여,52세,상해없음,이륜,남,23세,경상
2022092400100384,2022년 9월 24일 15시,토요일,강원도 원주시 원동,경상사고,0,0,3,0,차대차 - 추돌,안전운전불이행,건조,맑음,기타 - 기타,화물,남,64세,경상,승용,여,57세,경상
2022092400100385,2022년 9월 24일 15시,토요일,강원도 양양군 양양읍,경상사고,0,0,2,0,차대차 - 추돌,안전운전불이행,건조,맑음,교차로 - 교차로부근,승용,여,69세,상해없음,승용,여,64세,경상
2022092400100386,2022년 9월 24일 15시,토요일,강원도 영월군 영월읍,부상신고사고,0,0,0,1,차량단독 - 공작물충돌,안전운전불이행,건조,맑음,단일로 - 기타,승용,여,20세,상해없음,,,,
2022092400100423,2022년 9월 24일 16시,토요일,강원도 삼척시 원덕읍,사망사고,1,0,0,0,차량단독 - 도로외이탈 - 추락,안전운전불이행,건조,맑음,단일로 - 기타,농기계,남,66세,사망,,,,
2022092400100424,2022년 9월 24일 16시,토요일,강원도 홍천군 홍천읍,경상사고,0,0,1,0,차대사람 - 길가장자리구역통행중,안전운전불이행,건조,맑음,단일로 - 지하차도(도로)내,승용,여,70세,상해없음,보행자,여,53세,경상
2022092400100459,2022년 9월 24일 17시,토요일,강원도 강릉시 포남동,중상사고,0,1,0,0,차대사람 - 기타,안전운전불이행,건조,맑음,기타 - 기타,승용,남,34세,기타불명,보행자,여,87세,중상
2022092400100460,2022년 9월 24일 17시,토요일,강원도 평창군 대관령면,경상사고,0,0,2,0,차대차 - 정면충돌,기타,건조,맑음,단일로 - 지하차도(도로)내,승용,여,61세,상해없음,승용,남,41세,경상
2022092400100503,2022년 9월 24일 18시,토요일,강원도 태백시 황지동,경상사고,0,0,1,0,차대차 - 측면충돌,안전거리미확보,건조,맑음,교차로 - 교차로안,승용,남,72세,상해없음,화물,남,67세,상해없음
2022092400100544,2022년 9월 24일 19시,토요일,강원도 강릉시 초당동,경상사고,0,0,1,0,차대사람 - 횡단중,안전운전불이행,건조,맑음,단일로 - 기타,이륜,남,54세,상해없음,보행자,남,34세,경상
2022092500100034,2022년 9월 25일 02시,일요일,강원도 강릉시 홍제동,경상사고,0,0,1,0,차대차 - 추돌,안전운전불이행,건조,맑음,단일로 - 기타,승용,여,49세,상해없음,승용,남,47세,경상
2022092500100076,2022년 9월 25일 08시,일요일,강원도 원주시 행구동,경상사고,0,0,2,0,차대차 - 추돌,안전운전불이행,건조,맑음,교차로 - 교차로안,승용,남,53세,상해없음,승용,여,37세,경상
2022092500100092,2022년 9월 25일 09시,일요일,강원도 원주시 문막읍,경상사고,0,0,5,0,차대차 - 측면충돌,교차로운행방법위반,건조,맑음,교차로 - 교차로안,승용,남,50세,상해없음,승용,여,66세,경상
2022092500100132,2022년 9월 25일 11시,일요일,강원도 강릉시 강동면,경상사고,0,0,1,0,차대차 - 기타,안전운전불이행,건조,흐림,단일로 - 기타,승용,남,53세,상해없음,승용,남,48세,경상
2022092500100133,2022년 9월 25일 11시,일요일,강원도 원주시 소초면,경상사고,0,0,8,0,차대차 - 추돌,안전거리미확보,건조,맑음,단일로 - 기타,승용,남,21세,상해없음,승합,남,65세,경상
2022092500100134,2022년 9월 25일 11시,일요일,강원도 동해시 쇄운동,경상사고,0,0,3,0,차대차 - 추돌,중앙선침범,건조,맑음,단일로 - 기타,승용,여,28세,경상,승용,남,24세,경상
2022092500100155,2022년 9월 25일 12시,일요일,강원도 춘천시 신북읍,경상사고,0,0,4,1,차대차 - 추돌,안전운전불이행,건조,맑음,교차로 - 교차로부근,승용,남,81세,상해없음,승용,남,40세,경상
2022092500100156,2022년 9월 25일 12시,일요일,강원도 강릉시 포남동,경상사고,0,0,2,0,차대차 - 추돌,안전운전불이행,건조,맑음,단일로 - 기타,승용,남,25세,상해없음,승용,남,28세,경상
2022092500100157,2022년 9월 25일 12시,일요일,강원도 원주시 개운동,경상사고,0,0,2,0,차대차 - 추돌,안전운전불이행,건조,맑음,교차로 - 교차로부근,승용,남,69세,상해없음,승용,남,61세,경상
2022092500100158,2022년 9월 25일 12시,일요일,강원도 원주시 지정면,경상사고,0,0,1,0,차대차 - 측면충돌,안전운전불이행,건조,맑음,단일로 - 기타,승용,남,53세,상해없음,승용,여,62세,경상
2022092500100159,2022년 9월 25일 12시,일요일,강원도 평창군 평창읍,경상사고,0,0,1,0,차대차 - 후진중충돌,안전운전불이행,건조,맑음,단일로 - 지하차도(도로)내,승용,남,51세,상해없음,자전거,여,75세,경상
2022092500100217,2022년 9월 25일 14시,일요일,강원도 강릉시 청량동,경상사고,0,0,1,0,차대차 - 기타,안전운전불이행,건조,맑음,교차로 - 교차로안,승용,남,28세,기타불명,승용,여,30세,경상
2022092500100250,2022년 9월 25일 15시,일요일,강원도 춘천시 소양로3가,중상사고,0,1,0,0,차대사람 - 길가장자리구역통행중,안전운전불이행,건조,맑음,단일로 - 기타,이륜,남,54세,상해없음,보행자,여,84세,중상
2022092500100251,2022년 9월 25일 15시,일요일,강원도 원주시 지정면,경상사고,0,0,1,0,차대사람 - 차도통행중,안전운전불이행,건조,맑음,기타 - 기타,화물,남,63세,상해없음,보행자,남,45세,경상
2022092500100253,2022년 9월 25일 15시,일요일,강원도 홍천군 홍천읍,중상사고,0,1,0,0,차대사람 - 기타,안전운전불이행,건조,맑음,단일로 - 기타,원동기,남,39세,상해없음,보행자,여,82세,중상
2022092500100254,2022년 9월 25일 15시,일요일,강원도 화천군 상서면,중상사고,0,2,1,0,차대차 - 정면충돌,중앙선침범,건조,맑음,단일로 - 기타,승용,남,31세,상해없음,승용,여,29세,중상
2022092500100334,2022년 9월 25일 18시,일요일,강원도 태백시 황지동,경상사고,0,0,1,0,차대차 - 기타,직진우회전진행방해,건조,맑음,교차로 - 교차로안,화물,남,59세,상해없음,승용,여,48세,경상
2022092500100373,2022년 9월 25일 19시,일요일,강원도 춘천시 서면,경상사고,0,0,4,0,차대차 - 측면충돌,신호위반,건조,맑음,교차로 - 교차로안,승용,남,66세,경상,승용,여,41세,경상
2022092500100375,2022년 9월 25일 19시,일요일,강원도 강릉시 안현동,경상사고,0,0,1,0,차대사람 - 횡단중,안전운전불이행,건조,맑음,교차로 - 교차로횡단보도내,기타불명,기타불명,미분류,기타불명,보행자,남,47세,경상
2022092500100376,2022년 9월 25일 19시,일요일,강원도 영월군 영월읍,부상신고사고,0,0,0,1,차대차 - 측면충돌,안전운전불이행,건조,맑음,기타 - 기타,이륜,남,37세,부상신고,승용,남,76세,상해없음
2022092500100430,2022년 9월 25일 21시,일요일,강원도 춘천시 퇴계동,부상신고사고,0,0,0,3,차대차 - 측면충돌,안전운전불이행,건조,맑음,교차로 - 교차로안,승용,남,75세,상해없음,승용,남,22세,부상신고
2022092500100466,2022년 9월 25일 23시,일요일,강원도 화천군 상서면,경상사고,0,0,2,0,차대차 - 기타,중앙선침범,건조,맑음,단일로 - 기타,화물,남,58세,기타불명,승용,여,61세,경상
2022092600100018,2022년 9월 26일 03시,월요일,강원도 춘천시 후평동,부상신고사고,0,0,0,1,차대차 - 측면충돌,안전거리미확보,건조,맑음,단일로 - 기타,승용,남,30세,상해없음,이륜,남,19세,부상신고
2022092600100022,2022년 9월 26일 04시,월요일,강원도 동해시 효가동,중상사고,0,1,0,0,차대차 - 측면충돌,신호위반,건조,맑음,교차로 - 교차로안,승용,남,63세,상해없음,승용,여,37세,중상
2022092600100062,2022년 9월 26일 07시,월요일,강원도 강릉시 성남동,경상사고,0,0,1,0,차대차 - 추돌,안전운전불이행,건조,맑음,기타 - 기타,승용,남,28세,상해없음,승용,남,37세,경상
2022092600100104,2022년 9월 26일 08시,월요일,강원도 춘천시 근화동,경상사고,0,0,1,0,차대차 - 정면충돌,신호위반,건조,맑음,교차로 - 교차로안,승용,남,41세,기타불명,승용,여,28세,경상