사고번호,사고일시,요일,시군구,사고내용,사망자수,중상자수,경상자수,부상신고자수,사고유형,법규위반,노면상태,기상상태,도로형태,가해운전자 차종,가해운전자 성별,가해운전자 연령,가해운전자 상해정도,피해운전자 차종,피해운전자 성별,피해운전자 연령,피해운전자 상해정도
2022100200100320,2022년 10월 2일 18시,일요일,강원도 원주시 신림면,중상사고,0,1,0,0,차대차 - 추돌,안전거리미확보,건조,흐림,단일로 - 기타,화물,남,59세,상해없음,화물,남,67세,중상
2022100200100321,2022년 10월 2일 18시,일요일,강원도 횡성군 둔내면,경상사고,0,0,1,0,차대차 - 측면충돌,안전운전불이행,젖음/습기,비,단일로 - 기타,승용,남,54세,상해없음,승용,여,36세,경상
2022100200100389,2022년 10월 2일 20시,일요일,강원도 춘천시 효자동,경상사고,0,0,1,0,차대차 - 측면충돌,신호위반,젖음/습기,비,교차로 - 교차로안,승용,남,37세,상해없음,승용,여,57세,경상
2022100200100390,2022년 10월 2일 20시,일요일,강원도 홍천군 홍천읍,경상사고,0,0,3,0,차대차 - 측면충돌,신호위반,젖음/습기,비,교차로 - 교차로안,승용,여,31세,경상,승용,남,21세,경상
2022100200100420,2022년 10월 2일 21시,일요일,강원도 강릉시 홍제동,경상사고,0,0,1,0,차대차 - 추돌,안전운전불이행,젖음/습기,비,단일로 - 기타,승용,남,22세,상해없음,이륜,남,64세,경상
2022100200100421,2022년 10월 2일 21시,일요일,강원도 평창군 대관령면,중상사고,0,1,5,0,차대차 - 측면충돌,안전운전불이행,젖음/습기,비,단일로 - 기타,승용,남,29세,경상,승용,남,61세,경상
2022100200100435,2022년 10월 2일 22시,일요일,강원도 강릉시 홍제동,경상사고,0,0,1,0,차대차 - 측면충돌,안전운전불이행,젖음/습기,비,교차로 - 교차로안,승합,남,62세,상해없음,승용,남,39세,경상
2022100200100436,2022년 10월 2일 22시,일요일,강원도 평창군 대관령면,경상사고,0,0,1,0,차대차 - 추돌,안전운전불이행,젖음/습기,비,단일로 - 기타,승용,남,35세,상해없음,승합,남,29세,경상
2022100200100463,2022년 10월 2일 23시,일요일,강원도 춘천시 효자동,경상사고,0,0,1,0,차대차 - 기타,안전운전불이행,젖음/습기,비,교차로 - 교차로안,승용,남,28세,상해없음,이륜,남,25세,경상
2022100300100049,2022년 10월 3일 04시,월요일,강원도 원주시 단계동,경상사고,0,0,1,0,차대차 - 측면충돌,안전운전불이행,젖음/습기,비,단일로 - 기타,화물,남,55세,상해없음,승용,남,69세,경상
2022100300100115,2022년 10월 3일 10시,월요일,강원도 영월군 남면,경상사고,0,0,5,0,차대차 - 추돌,안전운전불이행,젖음/습기,비,단일로 - 터널,화물,남,72세,상해없음,승용,남,57세,경상
2022100300100174,2022년 10월 3일 12시,월요일,강원도 화천군 사내면,경상사고,0,0,5,0,차대차 - 측면충돌,교차로운행방법위반,젖음/습기,비,교차로 - 교차로안,승용,남,22세,경상,승용,남,20세,경상
2022100300100192,2022년 10월 3일 13시,월요일,강원도 속초시 조양동,경상사고,0,0,1,0,차대차 - 측면충돌,안전운전불이행,건조,맑음,교차로 - 교차로안,승용,남,34세,상해없음,승용,남,49세,경상
2022100300100193,2022년 10월 3일 13시,월요일,강원도 평창군 봉평면,경상사고,0,0,4,0,차대차 - 추돌,안전운전불이행,젖음/습기,비,기타 - 기타,승용,남,52세,상해없음,승용,남,40세,경상
2022100300100228,2022년 10월 3일 14시,월요일,강원도 춘천시 석사동,부상신고사고,0,0,0,1,차대차 - 기타,안전운전불이행,젖음/습기,비,교차로 - 교차로부근,화물,남,66세,상해없음,화물,남,39세,부상신고
2022100300100229,2022년 10월 3일 14시,월요일,강원도 강릉시 송정동,경상사고,0,0,1,0,차대사람 - 차도통행중,안전운전불이행,건조,맑음,단일로 - 기타,승용,남,33세,상해없음,보행자,남,7세,경상
2022100300100257,2022년 10월 3일 15시,월요일,강원도 원주시 단구동,경상사고,0,0,1,0,차대차 - 측면충돌,안전운전불이행,건조,맑음,교차로 - 교차로부근,이륜,남,22세,경상,승용,남,54세,상해없음
2022100300100279,2022년 10월 3일 16시,월요일,강원도 원주시 소초면,경상사고,0,0,4,0,차대차 - 추돌,안전거리미확보,젖음/습기,흐림,단일로 - 기타,승용,남,52세,상해없음,승용,여,44세,경상
2022100300100280,2022년 10월 3일 16시,월요일,강원도 동해시 추암동,중상사고,0,1,1,0,차대차 - 정면충돌,안전운전불이행,건조,맑음,교차로 - 교차로안,승용,남,55세,상해없음,승용,여,54세,경상
2022100300100317,2022년 10월 3일 17시,월요일,강원도 태백시 황지동,경상사고,0,0,2,0,차대차 - 측면충돌,안전운전불이행,건조,맑음,단일로 - 기타,승용,여,61세,상해없음,승용,여,64세,경상
2022100300100349,2022년 10월 3일 18시,월요일,강원도 춘천시 효자동,경상사고,0,0,3,0,차대차 - 추돌,안전거리미확보,젖음/습기,비,교차로 - 교차로부근,승용,여,60세,상해없음,승용,남,63세,경상
2022100300100350,2022년 10월 3일 18시,월요일,강원도 춘천시 낙원동,부상신고사고,0,0,0,1,차대사람 - 기타,안전운전불이행,젖음/습기,비,교차로 - 교차로안,승용,남,65세,상해없음,보행자,여,77세,부상신고
2022100300100382,2022년 10월 3일 19시,월요일,강원도 춘천시 후평동,경상사고,0,0,1,0,차대사람 - 횡단중,보행자보호의무위반,젖음/습기,비,교차로 - 교차로횡단보도내,승용,여,37세,상해없음,보행자,남,68세,경상
2022100300100383,2022년 10월 3일 19시,월요일,강원도 춘천시 동내면,경상사고,0,0,1,0,차대차 - 측면충돌,안전운전불이행,젖음/습기,비,단일로 - 기타,승용,남,44세,상해없음,자전거,남,52세,경상
2022100300100411,2022년 10월 3일 20시,월요일,강원도 원주시 명륜동,중상사고,0,1,0,0,차대차 - 기타,불법유턴,건조,맑음,교차로 - 교차로부근,승용,남,53세,기타불명,승용,여,34세,중상
2022100300100435,2022년 10월 3일 21시,월요일,강원도 원주시 명륜동,경상사고,0,0,1,0,차대차 - 정면충돌,안전운전불이행,젖음/습기,비,교차로 - 교차로부근,승용,남,59세,상해없음,승용,남,36세,경상
2022100300100436,2022년 10월 3일 21시,월요일,강원도 동해시 동회동,경상사고,0,0,2,0,차대차 - 추돌,안전거리미확보,건조,맑음,단일로 - 기타,승용,남,46세,상해없음,승용,남,82세,경상
2022100300100461,2022년 10월 3일 22시,월요일,강원도 춘천시 동산면,사망사고,1,0,0,0,차량단독 - 공작물충돌,안전운전불이행,젖음/습기,비,단일로 - 터널,승용,남,60세,사망,,,,
2022100400100036,2022년 10월 4일 05시,화요일,강원도 원주시 단계동,중상사고,0,1,0,0,차대차 - 측면충돌,신호위반,젖음/습기,비,교차로 - 교차로안,승용,남,61세,상해없음,승용,남,25세,중상
2022100400100045,2022년 10월 4일 06시,화요일,강원도 태백시 황지동,부상신고사고,0,0,0,1,차대사람 - 기타,안전운전불이행,젖음/습기,비,단일로 - 기타,승용,남,55세,상해없음,보행자,여,50세,부상신고
2022100400100062,2022년 10월 4일 07시,화요일,강원도 강릉시 강동면,경상사고,0,0,3,0,차대차 - 정면충돌,안전운전불이행,젖음/습기,비,단일로 - 기타,승용,남,49세,상해없음,승용,남,65세,상해없음
2022100400100085,2022년 10월 4일 08시,화요일,강원도 강릉시 노암동,경상사고,0,0,1,0,차대차 - 측면충돌,안전운전불이행,젖음/습기,비,단일로 - 기타,화물,남,61세,상해없음,건설기계,남,44세,경상
2022100400100086,2022년 10월 4일 08시,화요일,강원도 삼척시 읍상동,중상사고,0,1,0,0,차대차 - 측면충돌,안전운전불이행,젖음/습기,비,교차로 - 교차로안,승용,여,23세,상해없음,승용,여,61세,중상
2022100400100119,2022년 10월 4일 09시,화요일,강원도 춘천시 석사동,부상신고사고,0,0,0,1,차대차 - 기타,안전거리미확보,젖음/습기,비,기타 - 기타,승용,여,22세,상해없음,승용,남,49세,부상신고
2022100400100120,2022년 10월 4일 09시,화요일,강원도 평창군 용평면,경상사고,0,0,1,0,차대차 - 측면충돌,기타,젖음/습기,비,단일로 - 지하차도(도로)내,승용,남,28세,상해없음,승용,남,62세,상해없음
2022100400100155,2022년 10월 4일 10시,화요일,강원도 춘천시 후평동,경상사고,0,0,1,0,차대차 - 기타,직진우회전진행방해,기타,비,교차로 - 교차로안,승용,남,75세,상해없음,승용,남,61세,경상
2022100400100188,2022년 10월 4일 11시,화요일,강원도 춘천시 온의동,경상사고,0,0,1,0,차대사람 - 횡단중,보행자보호의무위반,젖음/습기,비,교차로 - 교차로횡단보도내,기타불명,기타불명,미분류,기타불명,보행자,남,49세,경상
2022100400100189,2022년 10월 4일 11시,화요일,강원도 원주시 호저면,경상사고,0,0,1,0,차대차 - 추돌,안전거리미확보,젖음/습기,비,단일로 - 기타,승합,남,41세,상해없음,승용,남,48세,상해없음
2022100400100230,2022년 10월 4일 12시,화요일,강원도 춘천시 후평동,경상사고,0,0,1,0,차대차 - 측면충돌,차로위반,건조,맑음,교차로 - 교차로부근,승용,여,64세,상해없음,승용,여,59세,경상
2022100400100254,2022년 10월 4일 13시,화요일,강원도 강릉시 입암동,경상사고,0,0,2,0,차대차 - 측면충돌,안전운전불이행,젖음/습기,비,교차로 - 교차로안,승합,남,53세,상해없음,승용,남,27세,경상
2022100400100255,2022년 10월 4일 13시,화요일,강원도 원주시 소초면,경상사고,0,0,2,0,차대차 - 측면충돌,안전운전불이행,건조,맑음,단일로 - 기타,승용,남,64세,기타불명,승용,여,51세,경상
2022100400100330,2022년 10월 4일 15시,화요일,강원도 춘천시 소양로1가,경상사고,0,0,1,0,차대차 - 측면충돌,안전운전불이행,건조,맑음,단일로 - 기타,승용,남,66세,상해없음,승합,남,58세,상해없음
2022100400100331,2022년 10월 4일 15시,화요일,강원도 춘천시 소양로3가,경상사고,0,0,1,0,차대사람 - 차도통행중,안전운전불이행,건조,맑음,단일로 - 기타,기타불명,기타불명,미분류,기타불명,보행자,여,29세,경상
2022100400100332,2022년 10월 4일 15시,화요일,강원도 춘천시 소양로2가,경상사고,0,0,1,0,차대사람 - 기타,안전운전불이행,건조,맑음,기타 - 기타,승용,남,71세,상해없음,보행자,남,53세,경상
2022100400100366,2022년 10월 4일 16시,화요일,강원도 원주시 단구동,경상사고,0,0,1,0,차대차 - 추돌,안전운전불이행,젖음/습기,비,단일로 - 기타,승용,여,36세,상해없음,승용,여,55세,경상
2022100400100395,2022년 10월 4일 17시,화요일,강원도 양양군 양양읍,경상사고,0,0,2,1,차대차 - 측면충돌,교차로운행방법위반,젖음/습기,비,교차로 - 교차로안,승용,여,66세,상해없음,승용,남,56세,부상신고
2022100400100433,2022년 10월 4일 18시,화요일,강원도 강릉시 노암동,경상사고,0,0,1,0,차대사람 - 횡단중,보행자보호의무위반,젖음/습기,비,단일로 - 기타,승용,남,74세,상해없음,보행자,남,23세,경상
2022100400100434,2022년 10월 4일 18시,화요일,강원도 속초시 조양동,중상사고,0,1,3,0,차대차 - 측면충돌,직진우회전진행방해,건조,맑음,교차로 - 교차로안,승용,남,71세,상해없음,승용,남,26세,경상
2022100400100435,2022년 10월 4일 18시,화요일,강원도 동해시 쇄운동,경상사고,0,0,1,0,차대차 - 측면충돌,교차로운행방법위반,젖음/습기,비,교차로 - 교차로부근,승용,여,50세,상해없음,승용,남,41세,경상
2022100400100467,2022년 10월 4일 19시,화요일,강원도 양구군 양구읍,경상사고,0,0,1,0,차대차 - 측면충돌,안전운전불이행,건조,맑음,교차로 - 교차로부근,승용,여,44세,상해없음,승합,남,47세,경상
2022100400100526,2022년 10월 4일 21시,화요일,강원도 속초시 교동,경상사고,0,0,2,0,차대차 - 측면충돌,교차로운행방법위반,젖음/습기,비,교차로 - 교차로부근,승용,여,58세,상해없음,승용,여,25세,경상
2022100500100092,2022년 10월 5일 08시,수요일,강원도 춘천시 송암동,경상사고,0,0,1,0,차대차 - 추돌,안전운전불이행,건조,맑음,교차로 - 교차로안,승용,여,38세,상해없음,승용,남,47세,경상
2022100500100093,2022년 10월 5일 08시,수요일,강원도 홍천군 남면,경상사고,0,0,2,0,차대차 - 측면충돌,직진우회전진행방해,건조,맑음,교차로 - 교차로안,승용,여,68세,경상,승용,남,32세,경상
2022100500100130,2022년 10월 5일 09시,수요일,강원도 춘천시 온의동,경상사고,0,0,1,0,차대사람 - 기타,안전운전불이행,건조,맑음,단일로 - 기타,승용,여,58세,상해없음,보행자,여,65세,경상
2022100500100131,2022년 10월 5일 09시,수요일,강원도 강릉시 죽헌동,경상사고,0,0,2,0,차대차 - 추돌,안전운전불이행,젖음/습기,비,단일로 - 기타,승용,남,54세,상해없음,승용,남,69세,경상
2022100500100132,2022년 10월 5일 09시,수요일,강원도 원주시 문막읍,경상사고,0,0,1,0,차대차 - 추돌,안전운전불이행,건조,맑음,교차로 - 교차로부근,승용,남,60세,상해없음,승용,남,58세,상해없음
2022100500100192,2022년 10월 5일 11시,수요일,강원도 동해시 천곡동,경상사고,0,0,1,0,차대차 - 추돌,안전운전불이행,젖음/습기,비,단일로 - 기타,승용,남,61세,상해없음,승용,남,58세,경상
2022100500100220,2022년 10월 5일 12시,수요일,강원도 강릉시 노암동,중상사고,0,1,0,0,차대차 - 측면충돌,안전운전불이행,젖음/습기,비,단일로 - 기타,승용,여,49세,상해없음,자전거,남,76세,중상
2022100500100221,2022년 10월 5일 12시,수요일,강원도 철원군 갈말읍,중상사고,0,1,0,0,차대차 - 측면충돌,신호위반,건조,맑음,교차로 - 교차로안,건설기계,남,61세,상해없음,승용,여,63세,중상
2022100500100283,2022년 10월 5일 14시,수요일,강원도 원주시 학성동,경상사고,0,0,1,0,차대차 - 측면충돌,신호위반,건조,맑음,교차로 - 교차로안,승용,여,33세,상해없음,화물,남,40세,경상
2022100500100332,2022년 10월 5일 15시,수요일,강원도 원주시 반곡동,경상사고,0,0,1,0,차대차 - 기타,불법유턴,건조,맑음,단일로 - 기타,화물,남,64세,상해없음,승용,여,55세,경상
2022100500100366,2022년 10월 5일 16시,수요일,강원도 춘천시 퇴계동,경상사고,0,0,1,0,차대차 - 기타,안전운전불이행,건조,맑음,교차로 - 교차로부근,승용,여,54세,상해없음,승용,남,37세,경상
2022100500100367,2022년 10월 5일 16시,수요일,강원도 홍천군 홍천읍,중상사고,0,4,1,0,차량단독 - 도로외이탈 - 추락,안전운전불이행,건조,맑음,기타 - 기타,승용,남,66세,경상,,,,
2022100500100448,2022년 10월 5일 18시,수요일,강원도 속초시 교동,경상사고,0,0,1,0,차대사람 - 횡단중,보행자보호의무위반,젖음/습기,비,교차로 - 교차로안,승용,여,42세,상해없음,보행자,남,41세,경상
2022100500100449,2022년 10월 5일 18시,수요일,강원도 삼척시 건지동,중상사고,0,1,0,0,차대사람 - 기타,안전운전불이행,젖음/습기,비,단일로 - 기타,승용,남,21세,상해없음,보행자,여,72세,중상
2022100500100504,2022년 10월 5일 19시,수요일,강원도 춘천시 우두동,경상사고,0,0,1,0,차대차 - 추돌,안전운전불이행,건조,맑음,단일로 - 교량,원동기,남,34세,상해없음,승용,여,65세,경상
2022100500100565,2022년 10월 5일 21시,수요일,강원도 강릉시 옥천동,중상사고,0,1,0,0,차대사람 - 횡단중,보행자보호의무위반,젖음/습기,비,단일로 - 기타,승용,남,22세,상해없음,보행자,남,44세,중상
2022100500100585,2022년 10월 5일 22시,수요일,강원도 양양군 손양면,경상사고,0,0,1,0,차량단독 - 기타,안전운전불이행,건조,맑음,교차로 - 교차로안,승합,남,61세,상해없음,,,,
2022100600100039,2022년 10월 6일 06시,목요일,강원도 정선군 사북읍,중상사고,0,2,1,0,차대차 - 정면충돌,중앙선침범,건조,맑음,단일로 - 기타,화물,남,63세,중상,승합,여,61세,경상
2022100600100093,2022년 10월 6일 08시,목요일,강원도 춘천시 동내면,경상사고,0,0,1,0,차대차 - 측면충돌,안전운전불이행,건조,맑음,교차로 - 교차로부근,이륜,남,31세,상해없음,승용,남,30세,경상
2022100600100168,2022년 10월 6일 10시,목요일,강원도 태백시 황지동,중상사고,0,1,0,0,차대차 - 기타,신호위반,건조,맑음,단일로 - 기타,승용,남,73세,상해없음,자전거,남,78세,중상
2022100600100200,2022년 10월 6일 11시,목요일,강원도 횡성군 횡성읍,경상사고,0,0,1,0,차대차 - 측면충돌,교차로운행방법위반,건조,맑음,교차로 - 교차로부근,자전거,남,82세,경상,화물,남,68세,상해없음
2022100600100235,2022년 10월 6일 12시,목요일,강원도 원주시 단계동,중상사고,0,1,0,0,차대사람 - 횡단중,보행자보호의무위반,건조,맑음,교차로 - 교차로횡단보도내,승용,남,69세,상해없음,보행자,여,30세,중상
2022100600100257,2022년 10월 6일 13시,목요일,강원도 속초시 교동,중상사고,0,1,1,0,차대차 - 측면충돌,교차로운행방법위반,젖음/습기,비,교차로 - 교차로부근,승용,여,51세,상해없음,승용,여,53세,경상
2022100600100258,2022년 10월 6일 13시,목요일,강원도 속초시 교동,경상사고,0,0,7,0,차대차 - 측면충돌,신호위반,젖음/습기,비,교차로 - 교차로안,승용,여,58세,상해없음,승합,남,43세,경상
2022100600100284,2022년 10월 6일 14시,목요일,강원도 양구군 양구읍,경상사고,0,0,1,0,차대차 - 측면충돌,기타,건조,맑음,교차로 - 교차로안,승합,남,61세,상해없음,승용,남,63세,경상
2022100600100315,2022년 10월 6일 15시,목요일,강원도 춘천시 우두동,경상사고,0,0,1,0,차대차 - 측면충돌,안전운전불이행,건조,흐림,단일로 - 기타,화물,남,54세,상해없음,승용,남,51세,경상
2022100600100316,2022년 10월 6일 15시,목요일,강원도 춘천시 우두동,경상사고,0,0,1,0,차대차 - 측면충돌,안전운전불이행,건조,맑음,교차로 - 교차로안,승용,남,43세,상해없음,승용,여,63세,경상
2022100600100317,2022년 10월 6일 15시,목요일,강원도 속초시 대포동,중상사고,0,1,0,0,차대차 - 측면충돌,중앙선침범,젖음/습기,비,단일로 - 고가도로위,승용,남,73세,상해없음,승용,여,57세,중상
2022100600100318,2022년 10월 6일 15시,목요일,강원도 태백시 황지동,중상사고,0,1,0,0,차대차 - 측면충돌,안전거리미확보,건조,맑음,교차로 - 교차로부근,승용,여,66세,상해없음,승용,여,65세,중상
2022100600100358,2022년 10월 6일 16시,목요일,강원도 춘천시 효자동,경상사고,0,0,1,0,차대차 - 기타,안전운전불이행,건조,맑음,단일로 - 기타,승용,남,73세,상해없음,승용,여,62세,상해없음
2022100600100434,2022년 10월 6일 18시,목요일,강원도 춘천시 석사동,중상사고,0,1,0,0,차대사람 - 기타,보행자보호의무위반,건조,흐림,단일로 - 기타,이륜,남,35세,상해없음,보행자,여,56세,중상
2022100600100435,2022년 10월 6일 18시,목요일,강원도 원주시 단계동,중상사고,0,1,0,0,차대차 - 기타,안전거리미확보,건조,맑음,단일로 - 기타,승용,남,65세,상해없음,이륜,남,40세,중상
2022100600100436,2022년 10월 6일 18시,목요일,강원도 속초시 교동,경상사고,0,0,2,0,차대차 - 추돌,안전운전불이행,젖음/습기,비,단일로 - 기타,승용,남,47세,상해없음,승용,남,63세,경상
2022100600100437,2022년 10월 6일 18시,목요일,강원도 태백시 황지동,경상사고,0,0,2,0,차대차 - 추돌,안전거리미확보,건조,맑음,주차장 - 주차장,승용,남,69세,상해없음,승용,남,65세,경상
2022100600100438,2022년 10월 6일 18시,목요일,강원도 동해시 동회동,경상사고,0,0,2,0,차대사람 - 횡단중,교차로운행방법위반,젖음/습기,비,교차로 - 교차로안,화물,남,50세,상해없음,보행자,남,42세,경상
2022100600100500,2022년 10월 6일 19시,목요일,강원도 원주시 단계동,경상사고,0,0,1,0,차대차 - 추돌,안전운전불이행,건조,맑음,교차로 - 교차로안,화물,남,52세,상해없음,원동기,남,17세,경상
2022100600100501,2022년 10월 6일 19시,목요일,강원도 원주시 신림면,경상사고,0,0,1,0,차대차 - 측면충돌,안전운전불이행,젖음/습기,비,주차장 - 주차장,승용,여,53세,상해없음,승용,남,38세,경상
2022100600100534,2022년 10월 6일 20시,목요일,강원도 속초시 교동,중상사고,0,2,0,0,차대사람 - 횡단중,보행자보호의무위반,젖음/습기,비,교차로 - 교차로횡단보도내,승용,여,62세,상해없음,보행자,남,26세,중상
2022100700100011,2022년 10월 7일 01시,금요일,강원도 강릉시 옥천동,경상사고,0,0,1,0,차대사람 - 횡단중,보행자보호의무위반,젖음/습기,비,교차로 - 교차로횡단보도내,화물,남,53세,상해없음,보행자,여,23세,경상
2022100700100080,2022년 10월 7일 07시,금요일,강원도 홍천군 내촌면,사망사고,1,0,0,0,차대차 - 정면충돌,중앙선침범,건조,흐림,단일로 - 기타,화물,남,54세,사망,건설기계,남,58세,상해없음
2022100700100081,2022년 10월 7일 07시,금요일,강원도 태백시 통동,경상사고,0,0,2,0,차대차 - 기타,신호위반,젖음/습기,비,교차로 - 교차로안,건설기계,남,32세,상해없음,승용,남,63세,경상
2022100700100124,2022년 10월 7일 08시,금요일,강원도 강릉시 교동,경상사고,0,0,1,0,차대차 - 기타,안전운전불이행,젖음/습기,비,단일로 - 기타,승용,남,74세,기타불명,승용,여,48세,경상
2022100700100125,2022년 10월 7일 08시,금요일,강원도 인제군 인제읍,경상사고,0,0,1,0,차대차 - 정면충돌,안전운전불이행,건조,맑음,교차로 - 교차로안,승용,여,32세,상해없음,자전거,남,12세,경상
2022100700100170,2022년 10월 7일 09시,금요일,강원도 춘천시 온의동,경상사고,0,0,1,0,차대차 - 기타,안전거리미확보,건조,맑음,단일로 - 기타,승용,여,58세,상해없음,승합,남,53세,경상
2022100700100171,2022년 10월 7일 09시,금요일,강원도 영월군 영월읍,중상사고,0,1,0,0,차대차 - 측면충돌,신호위반,건조,맑음,교차로 - 교차로안,승용,남,67세,상해없음,화물,남,59세,중상
2022100700100172,2022년 10월 7일 09시,금요일,강원도 강릉시 성산면,부상신고사고,0,0,0,2,차량단독 - 전도전복 - 전도,안전운전불이행,젖음/습기,비,단일로 - 기타,승용,여,37세,상해없음,,,,
2022100700100205,2022년 10월 7일 10시,금요일,강원도 춘천시 근화동,사망사고,1,0,0,0,차량단독 - 공작물충돌,안전운전불이행,건조,맑음,단일로 - 교량,승용,남,58세,사망,,,,
2022100700100206,2022년 10월 7일 10시,금요일,강원도 영월군 영월읍,부상신고사고,0,0,0,1,차대차 - 측면충돌,중앙선침범,젖음/습기,흐림,단일로 - 기타,승용,여,55세,상해없음,승용,여,65세,상해없음
2022100700100207,2022년 10월 7일 10시,금요일,강원도 정선군 남면,경상사고,0,0,2,0,차대차 - 기타,안전운전불이행,건조,맑음,기타 - 기타,승용,여,69세,상해없음,승용,여,62세,경상
2022100700100208,2022년 10월 7일 10시,금요일,강원도 강릉시 강동면,경상사고,0,0,1,0,차대차 - 추돌,안전운전불이행,젖음/습기,비,단일로 - 기타,승용,남,31세,상해없음,특수,남,42세,경상
2022100700100233,2022년 10월 7일 11시,금요일,강원도 춘천시 근화동,부상신고사고,0,0,0,2,차대차 - 측면충돌,안전운전불이행,건조,맑음,교차로 - 교차로부근,화물,남,79세,상해없음,승용,남,50세,부상신고
2022100700100312,2022년 10월 7일 13시,금요일,강원도 속초시 교동,중상사고,0,1,0,0,차대차 - 측면충돌,안전거리미확보,젖음/습기,비,단일로 - 기타,승용,남,63세,상해없음,승합,남,59세,중상
2022100700100313,2022년 10월 7일 13시,금요일,강원도 횡성군 우천면,경상사고,0,0,1,0,차량단독 - 도로외이탈 - 추락,안전운전불이행,건조,흐림,단일로 - 기타,화물,남,40세,상해없음,,,,
2022100700100353,2022년 10월 7일 14시,금요일,강원도 원주시 관설동,경상사고,0,0,1,0,차대차 - 후진중충돌,안전운전불이행,건조,맑음,단일로 - 기타,승용,남,69세,상해없음,승용,남,31세,경상
2022100700100354,2022년 10월 7일 14시,금요일,강원도 영월군 영월읍,중상사고,0,1,2,1,차대차 - 추돌,안전운전불이행,젖음/습기,비,단일로 - 기타,건설기계,남,53세,중상,화물,남,30세,경상
2022100700100355,2022년 10월 7일 14시,금요일,강원도 횡성군 갑천면,사망사고,1,0,0,0,차대차 - 정면충돌,중앙선침범,건조,맑음,단일로 - 기타,승용,남,26세,기타불명,승용,여,47세,사망
2022100700100356,2022년 10월 7일 14시,금요일,강원도 인제군 상남면,부상신고사고,0,0,0,6,차대차 - 측면충돌,안전운전불이행,건조,맑음,주차장 - 주차장,승용,여,43세,상해없음,승용,남,38세,부상신고
2022100700100428,2022년 10월 7일 16시,금요일,강원도 강릉시 노암동,경상사고,0,0,1,0,차대차 - 기타,안전운전불이행,건조,맑음,단일로 - 기타,승용,남,51세,기타불명,승용,여,27세,경상
2022100700100479,2022년 10월 7일 17시,금요일,강원도 강릉시 유천동,경상사고,0,0,2,0,차대차 - 기타,신호위반,건조,맑음,교차로 - 교차로안,승용,여,54세,상해없음,화물,남,28세,경상
2022100700100480,2022년 10월 7일 17시,금요일,강원도 고성군 거진읍,경상사고,0,0,1,0,차대차 - 추돌,교차로운행방법위반,젖음/습기,흐림,교차로 - 교차로부근,승용,남,34세,상해없음,승용,남,57세,경상
2022100700100481,2022년 10월 7일 17시,금요일,강원도 원주시 문막읍,경상사고,0,0,1,0,차대사람 - 기타,안전운전불이행,젖음/습기,비,주차장 - 주차장,기타불명,기타불명,미분류,기타불명,보행자,남,15세,경상
2022100700100519,2022년 10월 7일 18시,금요일,강원도 강릉시 교동,중상사고,0,4,2,0,차대차 - 기타,중앙선침범,젖음/습기,비,단일로 - 기타,승용,남,53세,기타불명,승용,남,52세,경상
2022100800100066,2022년 10월 8일 05시,토요일,강원도 원주시 명륜동,경상사고,0,0,2,0,차대차 - 측면충돌,중앙선침범,건조,맑음,교차로 - 교차로안,승용,여,42세,상해없음,승용,남,38세,경상
2022100800100096,2022년 10월 8일 07시,토요일,강원도 철원군 동송읍,중상사고,0,1,0,0,차대사람 - 차도통행중,안전운전불이행,건조,맑음,교차로 - 교차로안,화물,남,59세,상해없음,보행자,여,63세,중상
2022100800100139,2022년 10월 8일 09시,토요일,강원도 춘천시 석사동,경상사고,0,0,4,1,차대차 - 기타,신호위반,건조,맑음,교차로 - 교차로안,승용,여,64세,상해없음,승용,남,64세,경상
2022100800100165,2022년 10월 8일 10시,토요일,강원도 원주시 우산동,경상사고,0,0,1,0,차대차 - 추돌,안전운전불이행,건조,맑음,단일로 - 기타,승용,남,77세,상해없음,승용,남,35세,경상
2022100800100207,2022년 10월 8일 11시,토요일,강원도 춘천시 신북읍,경상사고,0,0,1,0,차대차 - 측면충돌,안전운전불이행,건조,맑음,교차로 - 교차로안,승용,여,62세,상해없음,자전거,남,54세,경상
2022100800100208,2022년 10월 8일 11시,토요일,강원도 동해시 지흥동,경상사고,0,0,1,2,차대차 - 추돌,차로위반,건조,맑음,단일로 - 기타,승용,남,71세,상해없음,승합,남,64세,상해없음
2022100800100256,2022년 10월 8일 12시,토요일,강원도 춘천시 신동,중상사고,0,1,0,0,차대차 - 기타,안전운전불이행,건조,맑음,기타 - 기타,승용,남,34세,상해없음,이륜,남,47세,중상
2022100800100257,2022년 10월 8일 12시,토요일,강원도 인제군 남면,중상사고,0,2,0,0,차대차 - 추돌,안전운전불이행,건조,맑음,교차로 - 교차로안,화물,남,64세,상해없음,승용,여,61세,중상
2022100800100258,2022년 10월 8일 12시,토요일,강원도 동해시 발한동,경상사고,0,0,1,0,차대차 - 측면충돌,안전운전불이행,건조,맑음,주차장 - 주차장,승용,남,70세,상해없음,승용,남,40세,경상
2022100800100304,2022년 10월 8일 13시,토요일,강원도 양양군 서면,경상사고,0,0,7,0,차대차 - 정면충돌,중앙선침범,건조,맑음,단일로 - 기타,승용,남,26세,상해없음,승용,여,56세,경상