사고번호,사고일시,요일,시군구,사고내용,사망자수,중상자수,경상자수,부상신고자수,사고유형,법규위반,노면상태,기상상태,도로형태,가해운전자 차종,가해운전자 성별,가해운전자 연령,가해운전자 상해정도,피해운전자 차종,피해운전자 성별,피해운전자 연령,피해운전자 상해정도
2022100800100305,2022년 10월 8일 13시,토요일,강원도 고성군 간성읍,경상사고,0,0,2,0,차대차 - 추돌,안전운전불이행,건조,맑음,교차로 - 교차로안,승용,남,77세,상해없음,승용,여,45세,경상
2022100800100374,2022년 10월 8일 15시,토요일,강원도 춘천시 우두동,경상사고,0,0,2,2,차대차 - 추돌,안전거리미확보,건조,맑음,단일로 - 기타,승용,여,32세,상해없음,승용,남,70세,경상
2022100800100454,2022년 10월 8일 17시,토요일,강원도 영월군 주천면,경상사고,0,0,1,0,차대차 - 측면충돌,기타,건조,맑음,단일로 - 기타,승용,남,63세,상해없음,화물,여,44세,경상
2022100800100455,2022년 10월 8일 17시,토요일,강원도 평창군 평창읍,경상사고,0,0,1,0,차대차 - 측면충돌,신호위반,건조,맑음,교차로 - 교차로안,화물,여,54세,상해없음,승용,여,49세,경상
2022100800100500,2022년 10월 8일 18시,토요일,강원도 태백시 황지동,경상사고,0,0,2,0,차대차 - 후진중충돌,안전운전불이행,건조,맑음,주차장 - 주차장,승용,여,32세,상해없음,승용,여,48세,경상
2022100800100501,2022년 10월 8일 18시,토요일,강원도 정선군 사북읍,경상사고,0,0,2,0,차대차 - 측면충돌,안전운전불이행,건조,맑음,단일로 - 기타,승용,남,28세,상해없음,승용,남,32세,경상
2022100800100650,2022년 10월 8일 23시,토요일,강원도 동해시 천곡동,중상사고,0,1,0,0,차대차 - 측면충돌,신호위반,건조,맑음,교차로 - 교차로안,승용,남,48세,상해없음,승용,남,60세,중상
2022100900100046,2022년 10월 9일 04시,일요일,강원도 원주시 중앙동,중상사고,0,1,0,0,차대차 - 측면충돌,안전운전불이행,건조,흐림,교차로 - 교차로안,승용,여,58세,상해없음,승용,남,45세,중상
2022100900100078,2022년 10월 9일 08시,일요일,강원도 강릉시 교동,경상사고,0,0,1,0,차대차 - 측면충돌,안전운전불이행,건조,맑음,단일로 - 기타,승용,남,55세,상해없음,승용,남,54세,경상
2022100900100089,2022년 10월 9일 09시,일요일,강원도 삼척시 근덕면,경상사고,0,0,2,0,차대차 - 측면충돌,안전운전불이행,건조,맑음,단일로 - 기타,화물,남,53세,경상,화물,남,38세,경상
2022100900100112,2022년 10월 9일 10시,일요일,강원도 춘천시 석사동,경상사고,0,0,1,0,차대차 - 추돌,안전운전불이행,건조,맑음,단일로 - 기타,승용,남,80세,상해없음,승용,남,63세,경상
2022100900100132,2022년 10월 9일 11시,일요일,강원도 강릉시 주문진읍,경상사고,0,0,1,0,차대사람 - 기타,안전운전불이행,젖음/습기,맑음,기타 - 기타,이륜,남,45세,상해없음,보행자,여,69세,경상
2022100900100133,2022년 10월 9일 11시,일요일,강원도 강릉시 청량동,경상사고,0,0,1,0,차대차 - 기타,안전운전불이행,건조,맑음,교차로 - 교차로안,승용,남,66세,상해없음,승용,여,51세,경상
2022100900100134,2022년 10월 9일 11시,일요일,강원도 양양군 현남면,경상사고,0,0,1,0,차대차 - 후진중충돌,안전운전불이행,건조,맑음,단일로 - 기타,승용,남,42세,상해없음,승용,남,39세,경상
2022100900100135,2022년 10월 9일 11시,일요일,강원도 동해시 부곡동,경상사고,0,0,2,0,차대차 - 측면충돌,안전운전불이행,건조,맑음,교차로 - 교차로부근,승용,남,62세,상해없음,승용,남,30세,경상
2022100900100160,2022년 10월 9일 12시,일요일,강원도 원주시 무실동,경상사고,0,0,1,0,차대사람 - 횡단중,보행자보호의무위반,젖음/습기,비,교차로 - 교차로횡단보도내,승용,여,48세,상해없음,보행자,여,25세,경상
2022100900100161,2022년 10월 9일 12시,일요일,강원도 속초시 청호동,경상사고,0,0,1,0,차대사람 - 기타,안전운전불이행,건조,맑음,단일로 - 고가도로위,승용,남,40세,상해없음,보행자,남,44세,경상
2022100900100162,2022년 10월 9일 12시,일요일,강원도 태백시 동점동,경상사고,0,0,2,0,차대차 - 기타,안전운전불이행,건조,맑음,단일로 - 기타,승용,여,64세,상해없음,화물,남,69세,경상
2022100900100191,2022년 10월 9일 13시,일요일,강원도 춘천시 신동면,경상사고,0,0,1,0,차대사람 - 차도통행중,안전운전불이행,젖음/습기,비,단일로 - 기타,승용,남,54세,상해없음,보행자,남,50세,경상
2022100900100192,2022년 10월 9일 13시,일요일,강원도 춘천시 동면,경상사고,0,0,1,0,차대차 - 추돌,신호위반,건조,맑음,교차로 - 교차로안,승용,여,60세,상해없음,승용,남,79세,경상
2022100900100193,2022년 10월 9일 13시,일요일,강원도 양양군 양양읍,경상사고,0,0,1,0,차대차 - 측면충돌,교차로운행방법위반,건조,맑음,교차로 - 교차로안,승용,남,31세,상해없음,자전거,남,38세,경상
2022100900100221,2022년 10월 9일 14시,일요일,강원도 원주시 우산동,경상사고,0,0,1,0,차대차 - 측면충돌,안전운전불이행,젖음/습기,맑음,단일로 - 기타,승용,남,50세,상해없음,원동기,남,31세,경상
2022100900100256,2022년 10월 9일 15시,일요일,강원도 정선군 사북읍,경상사고,0,0,1,0,차대차 - 기타,안전운전불이행,건조,맑음,기타 - 기타,승용,남,22세,기타불명,승용,남,59세,경상
2022100900100284,2022년 10월 9일 16시,일요일,강원도 속초시 청호동,경상사고,0,0,2,0,차대차 - 측면충돌,안전운전불이행,젖음/습기,비,주차장 - 주차장,승용,남,55세,상해없음,승용,남,38세,경상
2022100900100301,2022년 10월 9일 17시,일요일,강원도 동해시 천곡동,중상사고,0,1,0,0,차대차 - 측면충돌,교차로운행방법위반,건조,흐림,교차로 - 교차로안,승용,남,61세,상해없음,승용,남,21세,중상
2022100900100347,2022년 10월 9일 18시,일요일,강원도 원주시 학성동,중상사고,0,1,0,0,차대사람 - 기타,안전운전불이행,건조,맑음,기타 - 기타,승용,남,53세,상해없음,보행자,여,53세,중상
2022100900100348,2022년 10월 9일 18시,일요일,강원도 평창군 대관령면,경상사고,0,0,1,0,차대차 - 측면충돌,안전운전불이행,젖음/습기,비,교차로 - 교차로안,화물,남,64세,상해없음,승용,남,36세,상해없음
2022100900100349,2022년 10월 9일 18시,일요일,강원도 고성군 토성면,중상사고,0,1,0,0,차대차 - 추돌,안전운전불이행,젖음/습기,흐림,단일로 - 기타,화물,남,57세,상해없음,승용,남,42세,중상
2022100900100398,2022년 10월 9일 19시,일요일,강원도 춘천시 남산면,경상사고,0,0,1,0,차대차 - 추돌,기타,젖음/습기,비,단일로 - 기타,승용,남,70세,상해없음,승용,남,53세,경상
2022100900100399,2022년 10월 9일 19시,일요일,강원도 양구군 양구읍,경상사고,0,0,2,0,차대차 - 측면충돌,직진우회전진행방해,건조,흐림,교차로 - 교차로안,승용,남,22세,상해없음,화물,남,64세,경상
2022100900100447,2022년 10월 9일 20시,일요일,강원도 춘천시 효자동,경상사고,0,0,1,0,차대차 - 측면충돌,안전운전불이행,젖음/습기,비,교차로 - 교차로부근,화물,남,67세,상해없음,승용,남,52세,경상
2022100900100526,2022년 10월 9일 23시,일요일,강원도 춘천시 효자동,경상사고,0,0,2,0,차대사람 - 횡단중,보행자보호의무위반,젖음/습기,비,교차로 - 교차로횡단보도내,승용,여,21세,상해없음,보행자,남,25세,경상
2022101000100004,2022년 10월 10일 00시,월요일,강원도 춘천시 효자동,경상사고,0,0,3,0,차대사람 - 기타,안전운전불이행,젖음/습기,비,교차로 - 교차로부근,승용,남,20세,기타불명,보행자,남,27세,경상
2022101000100100,2022년 10월 10일 10시,월요일,강원도 춘천시 우두동,중상사고,0,1,0,0,차량단독 - 기타,안전운전불이행,건조,맑음,단일로 - 교량,이륜,남,17세,상해없음,,,,
2022101000100116,2022년 10월 10일 11시,월요일,강원도 평창군 진부면,중상사고,0,1,1,0,차대차 - 측면충돌,안전운전불이행,건조,맑음,단일로 - 지하차도(도로)내,승용,남,57세,상해없음,승용,남,55세,경상
2022101000100142,2022년 10월 10일 12시,월요일,강원도 강릉시 구정면,중상사고,0,1,0,0,차대차 - 측면충돌,안전운전불이행,건조,맑음,단일로 - 기타,화물,남,58세,상해없음,화물,남,53세,중상
2022101000100206,2022년 10월 10일 14시,월요일,강원도 영월군 김삿갓면,중상사고,0,1,0,0,차대사람 - 차도통행중,안전운전불이행,건조,맑음,단일로 - 기타,화물,남,61세,상해없음,보행자,남,84세,중상
2022101000100207,2022년 10월 10일 14시,월요일,강원도 태백시 혈동,경상사고,0,0,2,0,차대차 - 측면충돌,중앙선침범,건조,맑음,단일로 - 기타,승용,여,64세,상해없음,승용,남,76세,경상
2022101000100250,2022년 10월 10일 15시,월요일,강원도 원주시 흥업면,중상사고,0,1,2,1,차대차 - 추돌,안전운전불이행,건조,맑음,단일로 - 기타,승용,여,29세,부상신고,승용,남,61세,경상
2022101000100326,2022년 10월 10일 17시,월요일,강원도 춘천시 우두동,경상사고,0,0,1,0,차대사람 - 차도통행중,안전운전불이행,건조,맑음,단일로 - 기타,승용,남,68세,상해없음,보행자,여,52세,경상
2022101000100441,2022년 10월 10일 21시,월요일,강원도 강릉시 포남동,경상사고,0,0,1,0,차대차 - 측면충돌,안전운전불이행,건조,맑음,교차로 - 교차로안,승용,남,31세,상해없음,이륜,남,49세,경상
2022101000100467,2022년 10월 10일 22시,월요일,강원도 춘천시 후평동,중상사고,0,1,0,0,차대사람 - 길가장자리구역통행중,안전운전불이행,건조,맑음,단일로 - 기타,승용,남,35세,상해없음,보행자,남,65세,중상
2022101100100002,2022년 10월 11일 00시,화요일,강원도 원주시 단계동,경상사고,0,0,1,0,차대사람 - 기타,안전운전불이행,건조,맑음,단일로 - 기타,승용,남,58세,상해없음,보행자,남,25세,경상
2022101100100044,2022년 10월 11일 06시,화요일,강원도 원주시 문막읍,경상사고,0,0,1,0,차대차 - 측면충돌,안전운전불이행,건조,흐림,단일로 - 기타,승용,남,25세,상해없음,승용,남,54세,경상
2022101100100108,2022년 10월 11일 08시,화요일,강원도 강릉시 사천면,경상사고,0,0,2,0,차대차 - 추돌,안전운전불이행,건조,맑음,단일로 - 기타,화물,남,49세,상해없음,승용,여,48세,경상
2022101100100109,2022년 10월 11일 08시,화요일,강원도 동해시 나안동,경상사고,0,0,3,0,차대차 - 추돌,안전거리미확보,건조,맑음,교차로 - 교차로부근,승용,남,55세,상해없음,승용,남,37세,경상
2022101100100200,2022년 10월 11일 10시,화요일,강원도 철원군 서면,중상사고,0,1,0,0,차대차 - 측면충돌,안전운전불이행,건조,맑음,단일로 - 기타,이륜,남,77세,중상,화물,남,57세,상해없음
2022101100100231,2022년 10월 11일 11시,화요일,강원도 화천군 사내면,경상사고,0,0,1,0,차대사람 - 기타,안전운전불이행,건조,맑음,기타 - 기타,승용,남,24세,상해없음,보행자,남,34세,경상
2022101100100265,2022년 10월 11일 12시,화요일,강원도 춘천시 운교동,경상사고,0,0,1,0,차대사람 - 기타,안전운전불이행,건조,맑음,교차로 - 교차로안,승용,남,63세,기타불명,보행자,여,87세,경상
2022101100100266,2022년 10월 11일 12시,화요일,강원도 태백시 황지동,경상사고,0,0,3,0,차대차 - 정면충돌,중앙선침범,건조,맑음,단일로 - 기타,승용,여,48세,상해없음,승용,남,70세,경상
2022101100100335,2022년 10월 11일 14시,화요일,강원도 춘천시 효자동,경상사고,0,0,1,0,차대사람 - 기타,안전운전불이행,건조,맑음,단일로 - 기타,승용,남,49세,상해없음,보행자,여,54세,경상
2022101100100336,2022년 10월 11일 14시,화요일,강원도 강릉시 주문진읍,경상사고,0,0,2,0,차대차 - 측면충돌,신호위반,건조,맑음,교차로 - 교차로안,승용,여,75세,상해없음,승용,여,53세,경상
2022101100100337,2022년 10월 11일 14시,화요일,강원도 삼척시 남양동,중상사고,0,1,0,0,차대차 - 측면충돌,안전운전불이행,건조,맑음,교차로 - 교차로안,승용,여,60세,상해없음,승용,여,41세,중상
2022101100100338,2022년 10월 11일 14시,화요일,강원도 화천군 상서면,경상사고,0,0,2,0,차대차 - 정면충돌,중앙선침범,건조,맑음,단일로 - 기타,화물,남,63세,상해없음,승용,여,67세,경상
2022101100100387,2022년 10월 11일 15시,화요일,강원도 춘천시 동내면,중상사고,0,1,0,1,차대차 - 기타,안전운전불이행,건조,맑음,교차로 - 교차로횡단보도내,승합,남,60세,부상신고,자전거,남,11세,중상
2022101100100436,2022년 10월 11일 16시,화요일,강원도 태백시 황지동,경상사고,0,0,5,0,차대차 - 측면충돌,차로위반,건조,맑음,교차로 - 교차로부근,승용,남,70세,상해없음,승용,여,43세,경상
2022101100100482,2022년 10월 11일 17시,화요일,강원도 평창군 대관령면,경상사고,0,0,2,0,차대차 - 측면충돌,안전거리미확보,건조,맑음,교차로 - 교차로안,승용,남,60세,상해없음,승용,남,30세,경상
2022101100100529,2022년 10월 11일 18시,화요일,강원도 태백시 황지동,경상사고,0,0,1,0,차대사람 - 횡단중,신호위반,건조,맑음,교차로 - 교차로횡단보도내,승용,여,58세,상해없음,보행자,남,30세,경상
2022101100100587,2022년 10월 11일 19시,화요일,강원도 속초시 조양동,중상사고,0,1,0,0,차대차 - 기타,안전운전불이행,건조,맑음,교차로 - 교차로부근,승용,남,33세,상해없음,이륜,남,28세,중상
2022101100100588,2022년 10월 11일 19시,화요일,강원도 태백시 황지동,경상사고,0,0,1,0,차대차 - 기타,직진우회전진행방해,건조,맑음,교차로 - 교차로안,승용,남,31세,상해없음,승용,남,33세,경상
2022101100100589,2022년 10월 11일 19시,화요일,강원도 동해시 묵호진동,경상사고,0,0,1,0,차대사람 - 차도통행중,안전운전불이행,건조,맑음,단일로 - 기타,승용,남,64세,상해없음,보행자,남,67세,경상
2022101100100653,2022년 10월 11일 21시,화요일,강원도 원주시 지정면,경상사고,0,0,1,0,차대차 - 측면충돌,안전운전불이행,건조,맑음,교차로 - 교차로부근,승용,여,32세,상해없음,승용,여,35세,경상
2022101100100664,2022년 10월 11일 22시,화요일,강원도 인제군 인제읍,경상사고,0,0,1,0,차대차 - 측면충돌,안전운전불이행,건조,맑음,교차로 - 교차로안,승용,여,44세,상해없음,승용,여,20세,경상
2022101100100679,2022년 10월 11일 23시,화요일,강원도 원주시 단구동,중상사고,0,2,0,0,차대차 - 측면충돌,신호위반,건조,맑음,교차로 - 교차로안,승용,여,28세,상해없음,승용,남,32세,중상
2022101200100023,2022년 10월 12일 04시,수요일,강원도 춘천시 동산면,경상사고,0,0,1,0,차량단독 - 공작물충돌,안전운전불이행,건조,맑음,단일로 - 기타,승용,여,25세,경상,,,,
2022101200100041,2022년 10월 12일 06시,수요일,강원도 원주시 가현동,중상사고,0,1,0,0,차대사람 - 횡단중,신호위반,젖음/습기,안개,교차로 - 교차로횡단보도내,승용,남,56세,상해없음,보행자,남,51세,중상
2022101200100114,2022년 10월 12일 08시,수요일,강원도 춘천시 석사동,경상사고,0,0,1,0,차대차 - 기타,안전운전불이행,건조,맑음,교차로 - 교차로부근,승용,남,66세,상해없음,승용,여,42세,경상
2022101200100223,2022년 10월 12일 11시,수요일,강원도 춘천시 동내면,경상사고,0,0,1,0,차대차 - 기타,신호위반,건조,맑음,교차로 - 교차로안,승용,남,27세,상해없음,승용,여,36세,경상
2022101200100255,2022년 10월 12일 12시,수요일,강원도 춘천시 효자동,부상신고사고,0,0,0,1,차대차 - 기타,안전거리미확보,건조,맑음,단일로 - 기타,승용,여,28세,상해없음,이륜,남,43세,부상신고
2022101200100256,2022년 10월 12일 12시,수요일,강원도 강릉시 포남동,중상사고,0,1,0,0,차대차 - 측면충돌,안전운전불이행,건조,맑음,교차로 - 교차로안,승용,남,35세,상해없음,승용,여,65세,중상
2022101200100257,2022년 10월 12일 12시,수요일,강원도 인제군 북면,경상사고,0,0,2,0,차대차 - 측면충돌,신호위반,건조,맑음,교차로 - 교차로안,승용,남,72세,상해없음,승용,남,68세,경상
2022101200100258,2022년 10월 12일 12시,수요일,강원도 동해시 구호동,경상사고,0,0,2,0,차대차 - 측면충돌,안전운전불이행,건조,맑음,단일로 - 기타,화물,남,61세,상해없음,승용,남,44세,경상
2022101200100285,2022년 10월 12일 13시,수요일,강원도 양양군 현남면,경상사고,0,0,5,0,차대차 - 측면충돌,안전운전불이행,건조,맑음,단일로 - 기타,승용,여,60세,상해없음,승용,남,41세,경상
2022101200100286,2022년 10월 12일 13시,수요일,강원도 고성군 현내면,경상사고,0,0,1,0,차대사람 - 차도통행중,안전운전불이행,건조,맑음,단일로 - 기타,승용,남,68세,상해없음,보행자,남,20세,경상
2022101200100362,2022년 10월 12일 15시,수요일,강원도 춘천시 소양로1가,경상사고,0,0,2,0,차대차 - 추돌,안전운전불이행,건조,맑음,교차로 - 교차로부근,승용,남,18세,상해없음,승용,남,27세,경상
2022101200100394,2022년 10월 12일 16시,수요일,강원도 춘천시 중앙로2가,경상사고,0,0,1,0,차량단독 - 기타,안전운전불이행,건조,맑음,단일로 - 기타,승합,남,52세,상해없음,,,,
2022101200100438,2022년 10월 12일 17시,수요일,강원도 원주시 무실동,경상사고,0,0,1,0,차대차 - 기타,안전거리미확보,건조,맑음,단일로 - 기타,승용,남,42세,상해없음,승용,남,23세,경상
2022101200100485,2022년 10월 12일 18시,수요일,강원도 동해시 부곡동,경상사고,0,0,1,0,차대차 - 측면충돌,안전운전불이행,건조,맑음,교차로 - 교차로안,화물,남,20세,상해없음,승용,여,27세,경상
2022101200100541,2022년 10월 12일 19시,수요일,강원도 속초시 노학동,중상사고,0,2,3,0,차대차 - 정면충돌,신호위반,건조,맑음,교차로 - 교차로안,승용,남,56세,경상,승용,남,43세,중상
2022101200100583,2022년 10월 12일 20시,수요일,강원도 원주시 단계동,경상사고,0,0,3,0,차대차 - 기타,직진우회전진행방해,건조,맑음,교차로 - 교차로안,승용,여,32세,경상,승용,남,56세,경상
2022101300100008,2022년 10월 13일 00시,목요일,강원도 원주시 무실동,중상사고,0,2,0,0,차대차 - 측면충돌,신호위반,건조,맑음,교차로 - 교차로안,승용,남,69세,상해없음,승용,남,32세,중상
2022101300100014,2022년 10월 13일 01시,목요일,강원도 춘천시 석사동,경상사고,0,0,1,1,차량단독 - 공작물충돌,기타,건조,맑음,교차로 - 교차로안,승용,남,24세,부상신고,,,,
2022101300100036,2022년 10월 13일 04시,목요일,강원도 원주시 단계동,경상사고,0,0,1,0,차대차 - 기타,안전운전불이행,건조,맑음,단일로 - 기타,승용,남,24세,상해없음,승용,남,61세,경상
2022101300100115,2022년 10월 13일 08시,목요일,강원도 원주시 단계동,경상사고,0,0,2,0,차대차 - 측면충돌,안전운전불이행,건조,맑음,교차로 - 교차로안,승용,여,26세,상해없음,승용,여,54세,경상
2022101300100116,2022년 10월 13일 08시,목요일,강원도 원주시 개운동,중상사고,0,1,0,0,차대차 - 추돌,안전운전불이행,건조,맑음,교차로 - 교차로안,승용,남,52세,상해없음,개인형이동수단(PM),남,69세,중상
2022101300100117,2022년 10월 13일 08시,목요일,강원도 원주시 우산동,중상사고,0,1,0,0,차대사람 - 기타,안전운전불이행,건조,맑음,단일로 - 기타,승용,여,41세,상해없음,보행자,여,86세,중상
2022101300100118,2022년 10월 13일 08시,목요일,강원도 동해시 이도동,경상사고,0,0,1,0,차대차 - 측면충돌,교차로운행방법위반,건조,맑음,교차로 - 교차로안,승용,여,35세,상해없음,화물,남,56세,경상
2022101300100196,2022년 10월 13일 10시,목요일,강원도 원주시 호저면,경상사고,0,0,1,0,차대차 - 기타,안전거리미확보,건조,맑음,단일로 - 기타,화물,남,60세,상해없음,승용,여,46세,경상
2022101300100232,2022년 10월 13일 11시,목요일,강원도 춘천시 온의동,부상신고사고,0,0,0,1,차대차 - 측면충돌,교차로운행방법위반,건조,맑음,교차로 - 교차로안,이륜,남,61세,상해없음,이륜,남,21세,부상신고
2022101300100288,2022년 10월 13일 13시,목요일,강원도 춘천시 근화동,경상사고,0,0,1,0,차대차 - 추돌,안전운전불이행,건조,맑음,교차로 - 교차로부근,승용,여,56세,기타불명,승용,여,64세,경상
2022101300100289,2022년 10월 13일 13시,목요일,강원도 춘천시 퇴계동,경상사고,0,0,2,0,차대차 - 기타,차로위반,건조,맑음,단일로 - 기타,승용,남,29세,상해없음,승용,남,61세,경상
2022101300100290,2022년 10월 13일 13시,목요일,강원도 강릉시 사천면,중상사고,0,2,0,0,차대차 - 측면충돌,안전운전불이행,건조,맑음,단일로 - 기타,건설기계,남,50세,상해없음,승용,여,59세,중상
2022101300100291,2022년 10월 13일 13시,목요일,강원도 원주시 단계동,경상사고,0,0,1,0,차대사람 - 차도통행중,안전운전불이행,건조,맑음,단일로 - 기타,승합,남,61세,상해없음,보행자,여,67세,경상
2022101300100292,2022년 10월 13일 13시,목요일,강원도 홍천군 두촌면,중상사고,0,1,0,0,차대차 - 기타,안전거리미확보,건조,맑음,단일로 - 기타,승용,남,59세,상해없음,이륜,남,45세,중상
2022101300100321,2022년 10월 13일 14시,목요일,강원도 강릉시 교동,경상사고,0,0,2,0,차대차 - 추돌,안전운전불이행,건조,맑음,단일로 - 기타,화물,남,72세,상해없음,승용,남,41세,경상
2022101300100322,2022년 10월 13일 14시,목요일,강원도 고성군 거진읍,경상사고,0,0,2,0,차대차 - 측면충돌,교차로운행방법위반,건조,맑음,교차로 - 교차로안,화물,남,50세,상해없음,승용,남,75세,경상
2022101300100357,2022년 10월 13일 15시,목요일,강원도 강릉시 구정면,경상사고,0,0,1,0,차대차 - 기타,안전운전불이행,건조,맑음,교차로 - 교차로안,승용,남,73세,상해없음,승용,여,36세,경상
2022101300100358,2022년 10월 13일 15시,목요일,강원도 원주시 개운동,경상사고,0,0,1,0,차대사람 - 차도통행중,안전운전불이행,건조,맑음,단일로 - 기타,승용,여,58세,상해없음,보행자,남,23세,경상
2022101300100397,2022년 10월 13일 16시,목요일,강원도 평창군 대관령면,경상사고,0,0,2,0,차대차 - 정면충돌,직진우회전진행방해,건조,맑음,교차로 - 교차로안,승용,남,40세,경상,승용,여,51세,경상
2022101300100448,2022년 10월 13일 17시,목요일,강원도 춘천시 후평동,경상사고,0,0,1,0,차대차 - 기타,신호위반,건조,맑음,교차로 - 교차로안,이륜,남,27세,기타불명,승용,남,27세,경상
2022101300100496,2022년 10월 13일 18시,목요일,강원도 춘천시 낙원동,부상신고사고,0,0,0,1,차량단독 - 기타,안전운전불이행,건조,맑음,단일로 - 기타,승합,남,53세,상해없음,,,,
2022101300100497,2022년 10월 13일 18시,목요일,강원도 양구군 양구읍,경상사고,0,0,1,0,차대차 - 정면충돌,신호위반,건조,맑음,교차로 - 교차로안,승용,남,53세,상해없음,승용,남,66세,경상
2022101300100498,2022년 10월 13일 18시,목요일,강원도 동해시 천곡동,경상사고,0,0,2,0,차대차 - 기타,교차로운행방법위반,건조,맑음,교차로 - 교차로안,승용,여,56세,경상,승용,여,66세,경상
2022101300100616,2022년 10월 13일 21시,목요일,강원도 강릉시 연곡면,중상사고,0,2,0,0,차량단독 - 공작물충돌,기타,건조,맑음,단일로 - 기타,승용,남,27세,중상,,,,
2022101400100099,2022년 10월 14일 08시,금요일,강원도 속초시 장사동,경상사고,0,0,1,0,차대차 - 측면충돌,안전운전불이행,건조,맑음,주차장 - 주차장,승용,남,70세,상해없음,승용,남,29세,경상
2022101400100100,2022년 10월 14일 08시,금요일,강원도 평창군 진부면,경상사고,0,0,1,0,차대차 - 측면충돌,기타,건조,맑음,교차로 - 교차로안,승용,남,75세,상해없음,승용,남,32세,경상
2022101400100145,2022년 10월 14일 09시,금요일,강원도 춘천시 효자동,부상신고사고,0,0,0,5,차대차 - 기타,안전운전불이행,건조,맑음,단일로 - 기타,승용,남,62세,상해없음,승합,남,59세,상해없음
2022101400100146,2022년 10월 14일 09시,금요일,강원도 철원군 갈말읍,경상사고,0,0,1,0,차대차 - 측면충돌,신호위반,건조,맑음,교차로 - 교차로안,승용,여,61세,상해없음,승용,남,26세,경상
2022101400100165,2022년 10월 14일 10시,금요일,강원도 철원군 서면,경상사고,0,0,1,2,차대차 - 측면충돌,안전운전불이행,건조,맑음,단일로 - 기타,승용,남,42세,상해없음,승용,여,35세,경상
2022101400100166,2022년 10월 14일 10시,금요일,강원도 철원군 철원읍,경상사고,0,0,2,0,차대차 - 기타,중앙선침범,건조,맑음,단일로 - 기타,화물,남,77세,상해없음,승용,남,40세,경상
2022101400100192,2022년 10월 14일 11시,금요일,강원도 강릉시 교동,경상사고,0,0,1,0,차대사람 - 기타,안전운전불이행,건조,맑음,기타 - 기타,승용,남,62세,상해없음,보행자,남,62세,경상
2022101400100193,2022년 10월 14일 11시,금요일,강원도 철원군 김화읍,중상사고,0,1,0,0,차대사람 - 횡단중,안전운전불이행,건조,맑음,단일로 - 기타,특수,남,68세,상해없음,보행자,남,83세,중상
2022101400100194,2022년 10월 14일 11시,금요일,강원도 횡성군 둔내면,중상사고,0,1,1,0,차대차 - 추돌,안전운전불이행,건조,맑음,단일로 - 기타,승용,여,48세,상해없음,승용,남,68세,중상
2022101400100222,2022년 10월 14일 12시,금요일,강원도 춘천시 옥천동,경상사고,0,0,1,0,차대차 - 기타,직진우회전진행방해,건조,맑음,교차로 - 교차로안,승용,여,54세,상해없음,승용,여,30세,경상
2022101400100223,2022년 10월 14일 12시,금요일,강원도 인제군 남면,중상사고,0,1,1,0,차대차 - 측면충돌,안전운전불이행,건조,맑음,교차로 - 교차로부근,승용,남,21세,상해없음,화물,남,61세,중상
2022101400100269,2022년 10월 14일 13시,금요일,강원도 춘천시 교동,중상사고,0,1,0,0,차대차 - 측면충돌,안전운전불이행,건조,맑음,교차로 - 교차로안,승용,남,75세,상해없음,이륜,남,31세,중상
2022101400100270,2022년 10월 14일 13시,금요일,강원도 원주시 단계동,경상사고,0,0,1,0,차대차 - 추돌,안전운전불이행,건조,맑음,교차로 - 교차로안,승용,남,55세,상해없음,승용,여,54세,경상
2022101400100271,2022년 10월 14일 13시,금요일,강원도 삼척시 남양동,중상사고,0,1,0,0,차대차 - 측면충돌,안전운전불이행,건조,맑음,단일로 - 기타,승용,여,54세,상해없음,자전거,남,61세,중상
2022101400100272,2022년 10월 14일 13시,금요일,강원도 횡성군 횡성읍,사망사고,1,0,0,0,차대차 - 기타,안전운전불이행,건조,맑음,단일로 - 기타,화물,남,57세,사망,화물,남,42세,상해없음
2022101400100397,2022년 10월 14일 16시,금요일,강원도 춘천시 후평동,경상사고,0,0,1,0,차대차 - 후진중충돌,안전운전불이행,건조,맑음,단일로 - 기타,승용,여,65세,상해없음,승용,여,34세,경상
2022101400100398,2022년 10월 14일 16시,금요일,강원도 삼척시 남양동,경상사고,0,0,2,0,차대차 - 측면충돌,안전거리미확보,건조,맑음,단일로 - 지하차도(도로)내,승용,남,34세,상해없음,승용,남,45세,경상
2022101400100399,2022년 10월 14일 16시,금요일,강원도 홍천군 홍천읍,경상사고,0,0,1,0,차대차 - 기타,차로위반,건조,맑음,단일로 - 기타,승합,남,46세,상해없음,화물,남,60세,경상
2022101400100451,2022년 10월 14일 17시,금요일,강원도 춘천시 석사동,경상사고,0,0,1,0,차대사람 - 보도통행중,안전운전불이행,건조,맑음,기타 - 기타,개인형이동수단(PM),기타불명,미분류,기타불명,보행자,여,71세,경상