사고번호,사고일시,요일,시군구,사고내용,사망자수,중상자수,경상자수,부상신고자수,사고유형,법규위반,노면상태,기상상태,도로형태,가해운전자 차종,가해운전자 성별,가해운전자 연령,가해운전자 상해정도,피해운전자 차종,피해운전자 성별,피해운전자 연령,피해운전자 상해정도
2022101400100452,2022년 10월 14일 17시,금요일,강원도 횡성군 우천면,중상사고,0,1,1,0,차대차 - 측면충돌,안전운전불이행,건조,맑음,단일로 - 기타,승용,남,71세,상해없음,화물,남,45세,경상
2022101400100517,2022년 10월 14일 18시,금요일,강원도 원주시 문막읍,경상사고,0,0,5,0,차대차 - 추돌,안전거리미확보,건조,맑음,단일로 - 기타,승용,여,26세,경상,승용,남,48세,경상
2022101400100518,2022년 10월 14일 18시,금요일,강원도 양양군 양양읍,중상사고,0,1,0,0,차대차 - 측면충돌,안전운전불이행,건조,맑음,교차로 - 교차로안,승용,여,48세,상해없음,이륜,남,38세,중상
2022101400100519,2022년 10월 14일 18시,금요일,강원도 고성군 간성읍,경상사고,0,0,2,0,차대차 - 추돌,교차로운행방법위반,건조,흐림,교차로 - 교차로부근,승용,남,21세,상해없음,승용,남,27세,경상
2022101400100520,2022년 10월 14일 18시,금요일,강원도 철원군 갈말읍,경상사고,0,0,1,0,차대차 - 측면충돌,기타,건조,맑음,교차로 - 교차로안,승용,남,22세,상해없음,승용,여,57세,경상
2022101400100521,2022년 10월 14일 18시,금요일,강원도 동해시 이도동,경상사고,0,0,1,0,차대차 - 측면충돌,직진우회전진행방해,건조,맑음,교차로 - 교차로안,승용,여,31세,상해없음,승용,여,56세,경상
2022101400100585,2022년 10월 14일 19시,금요일,강원도 원주시 단구동,경상사고,0,0,1,0,차대차 - 추돌,신호위반,건조,맑음,교차로 - 교차로안,승용,남,62세,상해없음,승용,여,57세,경상
2022101400100646,2022년 10월 14일 21시,금요일,강원도 동해시 동회동,경상사고,0,0,1,0,차대차 - 정면충돌,중앙선침범,건조,맑음,단일로 - 기타,승용,남,55세,상해없음,승용,여,48세,경상
2022101500100053,2022년 10월 15일 06시,토요일,강원도 원주시 단구동,경상사고,0,0,1,0,차대차 - 추돌,안전운전불이행,건조,맑음,교차로 - 교차로부근,승용,남,31세,상해없음,화물,남,42세,경상
2022101500100096,2022년 10월 15일 09시,토요일,강원도 원주시 명륜동,경상사고,0,0,1,0,차대차 - 추돌,안전거리미확보,건조,맑음,교차로 - 교차로부근,승용,여,40세,상해없음,승용,여,63세,경상
2022101500100160,2022년 10월 15일 11시,토요일,강원도 원주시 태장동,경상사고,0,0,2,0,차대차 - 측면충돌,안전거리미확보,건조,맑음,단일로 - 기타,승용,남,38세,상해없음,승용,남,49세,경상
2022101500100161,2022년 10월 15일 11시,토요일,강원도 원주시 우산동,경상사고,0,0,4,0,차대차 - 측면충돌,차로위반,건조,맑음,단일로 - 기타,화물,남,62세,상해없음,승용,남,29세,경상
2022101500100246,2022년 10월 15일 13시,토요일,강원도 속초시 노학동,중상사고,0,3,1,0,차대차 - 측면충돌,직진우회전진행방해,건조,맑음,교차로 - 교차로안,승용,남,68세,상해없음,승용,남,54세,경상
2022101500100290,2022년 10월 15일 14시,토요일,강원도 춘천시 봉의동,부상신고사고,0,0,0,1,차량단독 - 전도전복 - 전도,안전운전불이행,건조,맑음,단일로 - 기타,사륜오토바이(ATV),남,83세,부상신고,,,,
2022101500100291,2022년 10월 15일 14시,토요일,강원도 강릉시 포남동,경상사고,0,0,2,0,차대차 - 기타,안전운전불이행,건조,맑음,교차로 - 교차로안,이륜,남,28세,상해없음,승용,여,25세,경상
2022101500100292,2022년 10월 15일 14시,토요일,강원도 원주시 소초면,경상사고,0,0,1,0,차대차 - 후진중충돌,안전운전불이행,건조,맑음,교차로 - 교차로부근,승용,남,55세,상해없음,승용,여,59세,경상
2022101500100329,2022년 10월 15일 15시,토요일,강원도 춘천시 퇴계동,경상사고,0,0,1,0,차대차 - 기타,신호위반,건조,맑음,교차로 - 교차로안,승용,남,59세,상해없음,승용,남,58세,경상
2022101500100330,2022년 10월 15일 15시,토요일,강원도 춘천시 신북읍,사망사고,1,2,0,0,차대차 - 정면충돌,중앙선침범,건조,맑음,단일로 - 기타,화물,남,63세,중상,승용,남,51세,중상
2022101500100377,2022년 10월 15일 16시,토요일,강원도 평창군 대관령면,사망사고,1,0,0,0,차량단독 - 공작물충돌,안전운전불이행,건조,맑음,교차로 - 교차로안,이륜,여,46세,사망,,,,
2022101500100378,2022년 10월 15일 16시,토요일,강원도 평창군 대관령면,경상사고,0,0,2,0,차대차 - 측면충돌,안전운전불이행,건조,맑음,단일로 - 지하차도(도로)내,승용,여,56세,상해없음,승용,남,35세,경상
2022101500100421,2022년 10월 15일 17시,토요일,강원도 속초시 조양동,중상사고,0,1,0,0,차대사람 - 기타,안전운전불이행,건조,맑음,기타 - 기타,기타불명,기타불명,미분류,기타불명,보행자,여,84세,중상
2022101500100422,2022년 10월 15일 17시,토요일,강원도 양양군 현남면,경상사고,0,0,3,0,차량단독 - 기타,안전운전불이행,건조,맑음,단일로 - 지하차도(도로)내,승합,남,44세,상해없음,,,,
2022101500100462,2022년 10월 15일 18시,토요일,강원도 강릉시 견소동,경상사고,0,0,1,0,차대사람 - 횡단중,보행자보호의무위반,건조,맑음,단일로 - 기타,화물,남,55세,기타불명,보행자,여,43세,경상
2022101500100463,2022년 10월 15일 18시,토요일,강원도 강릉시 홍제동,경상사고,0,0,1,0,차대차 - 기타,신호위반,건조,맑음,교차로 - 교차로안,승합,기타불명,미분류,기타불명,승용,남,50세,경상
2022101500100509,2022년 10월 15일 19시,토요일,강원도 강릉시 내곡동,경상사고,0,0,1,0,차대차 - 측면충돌,안전운전불이행,건조,맑음,단일로 - 기타,승용,여,46세,상해없음,이륜,남,32세,경상
2022101500100510,2022년 10월 15일 19시,토요일,강원도 속초시 교동,경상사고,0,0,1,0,차대차 - 정면충돌,신호위반,건조,맑음,교차로 - 교차로안,이륜,남,62세,기타불명,승용,남,62세,경상
2022101500100511,2022년 10월 15일 19시,토요일,강원도 횡성군 횡성읍,중상사고,0,1,0,0,차대차 - 측면충돌,안전운전불이행,건조,맑음,교차로 - 교차로안,승용,남,74세,상해없음,이륜,남,39세,중상
2022101500100535,2022년 10월 15일 20시,토요일,강원도 춘천시 후평동,경상사고,0,0,1,0,차대사람 - 차도통행중,안전운전불이행,건조,맑음,기타 - 기타,이륜,남,28세,상해없음,보행자,남,53세,경상
2022101500100612,2022년 10월 15일 23시,토요일,강원도 평창군 대관령면,경상사고,0,0,1,0,차대차 - 측면충돌,안전운전불이행,건조,맑음,교차로 - 교차로안,승용,남,22세,상해없음,승용,남,28세,경상
2022101500100613,2022년 10월 15일 23시,토요일,강원도 태백시 황지동,경상사고,0,0,1,0,차대차 - 측면충돌,안전운전불이행,건조,맑음,단일로 - 기타,승용,남,18세,상해없음,자전거,남,64세,경상
2022101600100091,2022년 10월 16일 08시,일요일,강원도 동해시 용정동,사망사고,1,0,1,0,차대차 - 정면충돌,교차로운행방법위반,건조,흐림,교차로 - 교차로안,승용,남,33세,경상,이륜,남,47세,사망
2022101600100102,2022년 10월 16일 09시,일요일,강원도 춘천시 효자동,경상사고,0,0,2,0,차대사람 - 기타,안전운전불이행,건조,맑음,주차장 - 주차장,승용,남,75세,경상,보행자,남,65세,경상
2022101600100103,2022년 10월 16일 09시,일요일,강원도 원주시 학성동,경상사고,0,0,1,0,차대사람 - 횡단중,안전운전불이행,건조,맑음,교차로 - 교차로안,승용,남,76세,상해없음,보행자,여,84세,경상
2022101600100104,2022년 10월 16일 09시,일요일,강원도 원주시 지정면,경상사고,0,0,3,0,차대차 - 정면충돌,신호위반,건조,맑음,교차로 - 교차로안,승용,여,51세,상해없음,승용,남,60세,경상
2022101600100141,2022년 10월 16일 11시,일요일,강원도 삼척시 원덕읍,경상사고,0,0,1,0,차대차 - 측면충돌,안전운전불이행,건조,맑음,교차로 - 교차로안,승용,남,46세,상해없음,승용,남,57세,경상
2022101600100172,2022년 10월 16일 12시,일요일,강원도 춘천시 서면,경상사고,0,0,1,0,차대차 - 기타,안전운전불이행,건조,맑음,단일로 - 기타,자전거,남,62세,상해없음,자전거,남,46세,경상
2022101600100173,2022년 10월 16일 12시,일요일,강원도 원주시 부론면,사망사고,1,1,0,0,차대차 - 기타,안전운전불이행,건조,맑음,단일로 - 기타,승용,남,77세,중상,승용,여,22세,상해없음
2022101600100208,2022년 10월 16일 13시,일요일,강원도 화천군 사내면,경상사고,0,0,1,0,차대차 - 측면충돌,중앙선침범,젖음/습기,비,단일로 - 기타,승용,남,65세,상해없음,이륜,남,32세,경상
2022101600100209,2022년 10월 16일 13시,일요일,강원도 원주시 지정면,경상사고,0,0,5,1,차대차 - 추돌,안전거리미확보,건조,맑음,단일로 - 터널,승용,남,34세,상해없음,승용,남,28세,부상신고
2022101600100268,2022년 10월 16일 15시,일요일,강원도 홍천군 홍천읍,사망사고,1,0,0,0,차대사람 - 횡단중,보행자보호의무위반,건조,맑음,교차로 - 교차로횡단보도내,승합,남,36세,상해없음,보행자,남,84세,사망
2022101600100296,2022년 10월 16일 16시,일요일,강원도 강릉시 죽헌동,경상사고,0,0,2,0,차대차 - 추돌,안전운전불이행,건조,맑음,단일로 - 기타,승용,여,61세,상해없음,승용,남,67세,경상
2022101600100297,2022년 10월 16일 16시,일요일,강원도 평창군 봉평면,사망사고,1,0,0,0,차량단독 - 공작물충돌,안전운전불이행,건조,맑음,단일로 - 지하차도(도로)내,이륜,남,47세,사망,,,,
2022101600100324,2022년 10월 16일 17시,일요일,강원도 강릉시 청량동,경상사고,0,0,1,0,차대차 - 측면충돌,안전운전불이행,건조,맑음,교차로 - 교차로안,화물,남,79세,상해없음,화물,남,66세,경상
2022101600100366,2022년 10월 16일 18시,일요일,강원도 평창군 대관령면,경상사고,0,0,1,0,차량단독 - 공작물충돌,안전운전불이행,건조,맑음,교차로 - 교차로안,이륜,남,22세,경상,,,,
2022101600100405,2022년 10월 16일 19시,일요일,강원도 춘천시 근화동,경상사고,0,0,1,0,차대차 - 기타,안전운전불이행,건조,맑음,교차로 - 교차로횡단보도내,승용,여,61세,상해없음,자전거,남,13세,경상
2022101600100406,2022년 10월 16일 19시,일요일,강원도 홍천군 홍천읍,경상사고,0,0,2,0,차대차 - 추돌,안전거리미확보,건조,맑음,교차로 - 교차로부근,승용,남,39세,상해없음,승용,남,54세,경상
2022101600100453,2022년 10월 16일 21시,일요일,강원도 춘천시 석사동,중상사고,0,1,0,0,차대차 - 측면충돌,안전운전불이행,건조,맑음,교차로 - 교차로안,승용,여,47세,상해없음,이륜,남,38세,중상
2022101700100145,2022년 10월 17일 09시,월요일,강원도 원주시 지정면,경상사고,0,0,1,0,차대차 - 추돌,중앙선침범,건조,맑음,교차로 - 교차로횡단보도내,화물,남,60세,상해없음,원동기,남,30세,경상
2022101700100146,2022년 10월 17일 09시,월요일,강원도 양양군 강현면,경상사고,0,0,2,0,차대차 - 추돌,안전운전불이행,건조,맑음,단일로 - 기타,화물,남,38세,상해없음,승용,여,74세,경상
2022101700100189,2022년 10월 17일 10시,월요일,강원도 원주시 일산동,중상사고,0,1,0,0,차대사람 - 보도통행중,안전운전불이행,건조,맑음,단일로 - 기타,화물,남,66세,상해없음,보행자,여,63세,중상
2022101700100190,2022년 10월 17일 10시,월요일,강원도 원주시 단계동,경상사고,0,0,1,0,차대사람 - 횡단중,보행자보호의무위반,건조,맑음,교차로 - 교차로부근,화물,남,31세,상해없음,보행자,남,40세,경상
2022101700100191,2022년 10월 17일 10시,월요일,강원도 동해시 천곡동,중상사고,0,1,0,0,차대차 - 측면충돌,신호위반,건조,맑음,교차로 - 교차로안,승용,남,87세,상해없음,화물,여,62세,중상
2022101700100227,2022년 10월 17일 11시,월요일,강원도 춘천시 운교동,경상사고,0,0,2,1,차대차 - 측면충돌,차로위반,건조,맑음,교차로 - 교차로부근,승용,남,57세,부상신고,승합,남,61세,경상
2022101700100228,2022년 10월 17일 11시,월요일,강원도 춘천시 남산면,경상사고,0,0,1,0,차대차 - 추돌,안전운전불이행,건조,맑음,교차로 - 교차로부근,승용,남,52세,상해없음,승용,남,68세,경상
2022101700100229,2022년 10월 17일 11시,월요일,강원도 양양군 서면,경상사고,0,0,1,0,차대차 - 측면충돌,안전운전불이행,건조,맑음,단일로 - 고가도로위,승용,남,56세,상해없음,승용,여,47세,경상
2022101700100230,2022년 10월 17일 11시,월요일,강원도 화천군 간동면,경상사고,0,0,2,1,차대차 - 측면충돌,불법유턴,건조,맑음,단일로 - 기타,승용,남,57세,부상신고,승용,여,27세,경상
2022101700100231,2022년 10월 17일 11시,월요일,강원도 태백시 황지동,경상사고,0,0,2,0,차대차 - 측면충돌,차로위반,건조,맑음,교차로 - 교차로안,승용,여,53세,상해없음,승용,여,35세,경상
2022101700100306,2022년 10월 17일 13시,월요일,강원도 강릉시 성산면,경상사고,0,0,1,0,차대차 - 후진중충돌,안전운전불이행,건조,맑음,단일로 - 기타,화물,남,55세,상해없음,승용,여,39세,경상
2022101700100307,2022년 10월 17일 13시,월요일,강원도 속초시 노학동,경상사고,0,0,2,0,차대차 - 추돌,안전운전불이행,건조,맑음,단일로 - 기타,승용,남,74세,상해없음,화물,남,25세,경상
2022101700100308,2022년 10월 17일 13시,월요일,강원도 양양군 서면,경상사고,0,0,1,0,차대차 - 측면충돌,안전운전불이행,건조,맑음,단일로 - 기타,승용,남,65세,상해없음,승용,남,30세,경상
2022101700100394,2022년 10월 17일 15시,월요일,강원도 춘천시 퇴계동,경상사고,0,0,1,0,차대사람 - 기타,안전운전불이행,건조,맑음,기타 - 기타,개인형이동수단(PM),남,13세,상해없음,보행자,남,22세,경상
2022101700100395,2022년 10월 17일 15시,월요일,강원도 춘천시 석사동,경상사고,0,0,1,0,차대차 - 측면충돌,안전운전불이행,건조,맑음,단일로 - 기타,화물,남,40세,상해없음,승용,여,61세,경상
2022101700100396,2022년 10월 17일 15시,월요일,강원도 속초시 교동,경상사고,0,0,2,0,차대차 - 측면충돌,안전운전불이행,건조,맑음,단일로 - 기타,원동기,남,80세,상해없음,화물,남,54세,경상
2022101700100397,2022년 10월 17일 15시,월요일,강원도 동해시 천곡동,경상사고,0,0,1,0,차대차 - 측면충돌,안전운전불이행,건조,맑음,단일로 - 기타,화물,남,51세,상해없음,자전거,여,71세,경상
2022101700100443,2022년 10월 17일 16시,월요일,강원도 홍천군 남면,중상사고,0,1,0,0,차량단독 - 전도전복 - 전도,안전운전불이행,건조,맑음,단일로 - 기타,이륜,남,78세,중상,,,,
2022101700100444,2022년 10월 17일 16시,월요일,강원도 철원군 동송읍,중상사고,0,1,0,0,차대차 - 측면충돌,교차로운행방법위반,건조,맑음,교차로 - 교차로안,승용,여,52세,상해없음,자전거,여,61세,중상
2022101700100445,2022년 10월 17일 16시,월요일,강원도 양구군 양구읍,경상사고,0,0,1,0,차대차 - 측면충돌,교차로운행방법위반,건조,맑음,교차로 - 교차로안,승용,남,81세,상해없음,승용,여,22세,경상
2022101700100500,2022년 10월 17일 17시,월요일,강원도 강릉시 교동,경상사고,0,0,1,0,차대차 - 기타,중앙선침범,건조,흐림,단일로 - 기타,승용,남,55세,상해없음,승용,남,45세,경상
2022101700100501,2022년 10월 17일 17시,월요일,강원도 홍천군 내촌면,경상사고,0,0,1,0,차대차 - 추돌,안전거리미확보,건조,맑음,단일로 - 기타,화물,남,69세,상해없음,승용,여,64세,경상
2022101700100502,2022년 10월 17일 17시,월요일,강원도 홍천군 홍천읍,경상사고,0,0,1,0,차량단독 - 공작물충돌,안전운전불이행,기타,맑음,단일로 - 기타,이륜,남,51세,경상,,,,
2022101700100566,2022년 10월 17일 18시,월요일,강원도 강릉시 옥천동,중상사고,0,1,0,0,차대사람 - 횡단중,보행자보호의무위반,건조,맑음,단일로 - 기타,승용,남,54세,상해없음,보행자,남,14세,중상
2022101700100567,2022년 10월 17일 18시,월요일,강원도 강릉시 난곡동,경상사고,0,0,1,0,차대차 - 기타,안전운전불이행,건조,맑음,교차로 - 교차로안,승용,남,51세,상해없음,승용,남,64세,경상
2022101700100568,2022년 10월 17일 18시,월요일,강원도 원주시 학성동,중상사고,0,1,0,0,차대차 - 측면충돌,안전운전불이행,건조,맑음,기타 - 기타,화물,남,71세,상해없음,이륜,여,69세,중상
2022101700100569,2022년 10월 17일 18시,월요일,강원도 삼척시 성북동,중상사고,0,1,0,0,차대사람 - 횡단중,안전운전불이행,건조,맑음,단일로 - 지하차도(도로)내,승용,남,40세,상해없음,보행자,남,70세,중상
2022101700100570,2022년 10월 17일 18시,월요일,강원도 정선군 고한읍,경상사고,0,0,1,0,차대사람 - 차도통행중,안전운전불이행,건조,맑음,단일로 - 기타,승용,남,57세,상해없음,보행자,남,41세,경상
2022101700100624,2022년 10월 17일 19시,월요일,강원도 원주시 태장동,경상사고,0,0,1,0,차대차 - 추돌,안전운전불이행,건조,맑음,교차로 - 교차로안,승용,남,58세,상해없음,승용,여,32세,경상
2022101700100625,2022년 10월 17일 19시,월요일,강원도 속초시 교동,중상사고,0,1,0,0,차대사람 - 횡단중,보행자보호의무위반,건조,맑음,교차로 - 교차로안,승용,남,42세,상해없음,보행자,여,76세,중상
2022101700100651,2022년 10월 17일 20시,월요일,강원도 양양군 양양읍,경상사고,0,0,1,0,차대사람 - 차도통행중,안전운전불이행,건조,맑음,교차로 - 교차로안,특수,남,26세,상해없음,보행자,여,34세,경상
2022101700100673,2022년 10월 17일 21시,월요일,강원도 영월군 주천면,부상신고사고,0,0,0,1,차대사람 - 기타,안전운전불이행,건조,맑음,단일로 - 기타,승용,남,49세,상해없음,보행자,남,52세,부상신고
2022101800100055,2022년 10월 18일 07시,화요일,강원도 원주시 반곡동,경상사고,0,0,2,0,차대차 - 추돌,안전거리미확보,건조,흐림,단일로 - 기타,승용,남,39세,상해없음,승용,여,40세,경상
2022101800100100,2022년 10월 18일 08시,화요일,강원도 춘천시 요선동,경상사고,0,0,1,0,차대차 - 측면충돌,중앙선침범,건조,맑음,단일로 - 기타,승용,여,35세,상해없음,승용,여,47세,경상
2022101800100101,2022년 10월 18일 08시,화요일,강원도 속초시 교동,경상사고,0,0,1,0,차대차 - 측면충돌,신호위반,건조,맑음,교차로 - 교차로안,승용,여,69세,상해없음,원동기,남,24세,경상
2022101800100102,2022년 10월 18일 08시,화요일,강원도 홍천군 북방면,경상사고,0,0,1,0,차대차 - 추돌,안전운전불이행,건조,맑음,단일로 - 지하차도(도로)내,화물,남,61세,상해없음,승용,여,35세,경상
2022101800100103,2022년 10월 18일 08시,화요일,강원도 고성군 간성읍,중상사고,0,1,2,0,차대차 - 추돌,교차로운행방법위반,건조,맑음,교차로 - 교차로부근,승용,남,66세,상해없음,승용,남,51세,경상
2022101800100150,2022년 10월 18일 09시,화요일,강원도 원주시 태장동,경상사고,0,0,1,0,차대차 - 기타,신호위반,건조,맑음,교차로 - 교차로안,승용,여,52세,상해없음,승합,남,48세,경상
2022101800100151,2022년 10월 18일 09시,화요일,강원도 원주시 단계동,경상사고,0,0,1,1,차대차 - 기타,안전운전불이행,건조,맑음,단일로 - 기타,승용,여,52세,부상신고,승용,기타불명,미분류,기타불명
2022101800100152,2022년 10월 18일 09시,화요일,강원도 원주시 문막읍,경상사고,0,0,1,0,차대차 - 측면충돌,안전운전불이행,건조,맑음,교차로 - 교차로안,승용,여,65세,상해없음,승용,남,69세,경상
2022101800100153,2022년 10월 18일 09시,화요일,강원도 삼척시 교동,경상사고,0,0,1,0,차대차 - 측면충돌,안전운전불이행,건조,맑음,교차로 - 교차로안,승용,여,31세,상해없음,화물,남,64세,경상
2022101800100154,2022년 10월 18일 09시,화요일,강원도 강릉시 왕산면,중상사고,0,1,1,0,차대차 - 추돌,안전거리미확보,건조,맑음,단일로 - 기타,승합,남,60세,상해없음,화물,남,57세,중상
2022101800100177,2022년 10월 18일 10시,화요일,강원도 원주시 무실동,중상사고,0,1,0,0,차대차 - 측면충돌,기타,건조,맑음,단일로 - 기타,특수,남,37세,중상,화물,남,28세,상해없음
2022101800100208,2022년 10월 18일 11시,화요일,강원도 춘천시 효자동,경상사고,0,0,1,0,차대사람 - 횡단중,보행자보호의무위반,건조,맑음,교차로 - 교차로횡단보도내,승용,여,68세,상해없음,보행자,여,30세,경상
2022101800100209,2022년 10월 18일 11시,화요일,강원도 강릉시 성산면,중상사고,0,1,0,0,차대사람 - 기타,안전운전불이행,건조,맑음,기타 - 기타,특수,남,39세,상해없음,보행자,여,85세,중상
2022101800100276,2022년 10월 18일 13시,화요일,강원도 강릉시 홍제동,경상사고,0,0,1,0,차대차 - 정면충돌,신호위반,건조,맑음,교차로 - 교차로안,승용,여,48세,상해없음,승용,남,38세,경상
2022101800100277,2022년 10월 18일 13시,화요일,강원도 원주시 명륜동,경상사고,0,0,1,0,차대사람 - 길가장자리구역통행중,안전운전불이행,건조,맑음,교차로 - 교차로안,승용,여,65세,상해없음,보행자,여,64세,경상
2022101800100278,2022년 10월 18일 13시,화요일,강원도 평창군 진부면,경상사고,0,0,1,0,차대차 - 추돌,안전거리미확보,건조,맑음,단일로 - 지하차도(도로)내,화물,남,46세,상해없음,이륜,남,36세,경상
2022101800100332,2022년 10월 18일 14시,화요일,강원도 춘천시 퇴계동,부상신고사고,0,0,0,2,차대차 - 측면충돌,안전거리미확보,건조,맑음,단일로 - 기타,승용,여,63세,기타불명,승용,남,67세,부상신고
2022101800100333,2022년 10월 18일 14시,화요일,강원도 원주시 관설동,경상사고,0,0,1,0,차대차 - 기타,교차로운행방법위반,건조,맑음,교차로 - 교차로안,승용,남,64세,상해없음,화물,남,57세,경상
2022101800100334,2022년 10월 18일 14시,화요일,강원도 양양군 양양읍,중상사고,0,1,0,0,차대차 - 측면충돌,안전운전불이행,건조,맑음,교차로 - 교차로안,화물,남,64세,상해없음,승용,남,52세,중상
2022101800100335,2022년 10월 18일 14시,화요일,강원도 홍천군 홍천읍,경상사고,0,0,2,0,차대차 - 기타,교차로운행방법위반,건조,맑음,교차로 - 교차로안,승용,여,53세,경상,승용,남,66세,상해없음
2022101800100422,2022년 10월 18일 16시,화요일,강원도 원주시 단계동,경상사고,0,0,1,0,차대차 - 측면충돌,안전운전불이행,건조,맑음,교차로 - 교차로부근,화물,남,42세,상해없음,승용,여,32세,경상
2022101800100423,2022년 10월 18일 16시,화요일,강원도 화천군 사내면,중상사고,0,1,0,0,차대차 - 측면충돌,교차로운행방법위반,건조,맑음,교차로 - 교차로안,화물,남,48세,상해없음,화물,여,56세,중상
2022101800100513,2022년 10월 18일 18시,화요일,강원도 춘천시 후평동,경상사고,0,0,1,0,차대사람 - 횡단중,안전운전불이행,건조,맑음,교차로 - 교차로안,승용,여,57세,상해없음,보행자,남,42세,경상
2022101800100514,2022년 10월 18일 18시,화요일,강원도 강릉시 강문동,경상사고,0,0,1,0,차대사람 - 횡단중,안전운전불이행,건조,흐림,기타 - 기타,승용,남,61세,상해없음,보행자,여,33세,경상
2022101800100572,2022년 10월 18일 19시,화요일,강원도 춘천시 운교동,경상사고,0,0,1,0,차대사람 - 기타,안전운전불이행,건조,맑음,단일로 - 기타,승용,남,52세,상해없음,보행자,남,69세,경상
2022101800100573,2022년 10월 18일 19시,화요일,강원도 원주시 태장동,경상사고,0,0,1,0,차대차 - 측면충돌,안전운전불이행,건조,맑음,교차로 - 교차로부근,승용,여,41세,기타불명,승합,남,39세,경상
2022101800100611,2022년 10월 18일 20시,화요일,강원도 평창군 대관령면,경상사고,0,0,1,0,차대차 - 측면충돌,기타,건조,맑음,교차로 - 교차로안,승용,남,61세,상해없음,승용,남,32세,경상
2022101800100612,2022년 10월 18일 20시,화요일,강원도 태백시 문곡동,사망사고,1,0,0,0,차대사람 - 차도통행중,안전운전불이행,건조,맑음,단일로 - 기타,승용,여,53세,상해없음,보행자,여,84세,사망
2022101800100641,2022년 10월 18일 21시,화요일,강원도 춘천시 퇴계동,경상사고,0,0,2,0,차대차 - 기타,안전운전불이행,건조,맑음,교차로 - 교차로부근,승용,여,52세,기타불명,승용,여,38세,경상
2022101800100642,2022년 10월 18일 21시,화요일,강원도 강릉시 포남동,경상사고,0,0,2,0,차대차 - 추돌,안전운전불이행,젖음/습기,맑음,단일로 - 기타,원동기,남,19세,상해없음,승용,남,50세,경상
2022101900100004,2022년 10월 19일 00시,수요일,강원도 속초시 대포동,경상사고,0,0,2,0,차대차 - 추돌,안전운전불이행,건조,맑음,단일로 - 지하차도(도로)내,승용,남,43세,상해없음,승용,남,33세,경상
2022101900100011,2022년 10월 19일 01시,수요일,강원도 원주시 단계동,경상사고,0,0,1,0,차대차 - 추돌,안전운전불이행,건조,맑음,단일로 - 기타,승용,남,36세,상해없음,승용,남,69세,경상
2022101900100103,2022년 10월 19일 08시,수요일,강원도 원주시 단구동,경상사고,0,0,1,0,차대차 - 기타,안전운전불이행,건조,맑음,단일로 - 기타,승용,여,72세,상해없음,승용,여,64세,경상
2022101900100104,2022년 10월 19일 08시,수요일,강원도 원주시 태장동,경상사고,0,0,1,0,차대차 - 기타,안전운전불이행,건조,맑음,교차로 - 교차로부근,승합,남,66세,상해없음,승용,남,36세,경상
2022101900100153,2022년 10월 19일 09시,수요일,강원도 동해시 단봉동,경상사고,0,0,1,0,차대차 - 기타,교차로운행방법위반,건조,맑음,교차로 - 교차로안,승용,여,54세,상해없음,자전거,여,66세,경상
2022101900100186,2022년 10월 19일 10시,수요일,강원도 춘천시 효자동,경상사고,0,0,1,0,차대사람 - 횡단중,안전운전불이행,건조,맑음,단일로 - 기타,화물,남,58세,상해없음,보행자,여,83세,경상
2022101900100187,2022년 10월 19일 10시,수요일,강원도 강릉시 교동,중상사고,0,1,0,0,차대사람 - 길가장자리구역통행중,안전운전불이행,건조,맑음,단일로 - 기타,승용,여,61세,상해없음,보행자,여,65세,중상
2022101900100188,2022년 10월 19일 10시,수요일,강원도 원주시 반곡동,경상사고,0,0,1,0,차대차 - 추돌,안전운전불이행,건조,맑음,교차로 - 교차로횡단보도내,승용,여,48세,상해없음,승용,남,58세,경상
2022101900100217,2022년 10월 19일 11시,수요일,강원도 원주시 단계동,경상사고,0,0,1,0,차대차 - 추돌,안전거리미확보,건조,맑음,단일로 - 기타,승용,남,75세,상해없음,승용,남,58세,경상
2022101900100218,2022년 10월 19일 11시,수요일,강원도 횡성군 안흥면,사망사고,1,6,1,0,차대사람 - 차도통행중,안전운전불이행,건조,맑음,기타 - 기타,승용,여,65세,상해없음,보행자,남,62세,사망
2022101900100251,2022년 10월 19일 12시,수요일,강원도 춘천시 사농동,부상신고사고,0,0,0,1,차량단독 - 기타,안전운전불이행,건조,맑음,교차로 - 교차로안,승합,남,60세,상해없음,,,,
2022101900100330,2022년 10월 19일 14시,수요일,강원도 원주시 학성동,경상사고,0,0,1,0,차대차 - 추돌,안전거리미확보,건조,맑음,기타 - 기타,화물,남,63세,상해없음,승용,남,23세,경상
2022101900100331,2022년 10월 19일 14시,수요일,강원도 철원군 동송읍,경상사고,0,0,3,0,차대차 - 측면충돌,직진우회전진행방해,건조,맑음,교차로 - 교차로안,화물,남,23세,상해없음,승합,남,59세,상해없음
2022101900100332,2022년 10월 19일 14시,수요일,강원도 동해시 천곡동,중상사고,0,1,0,0,차대차 - 측면충돌,직진우회전진행방해,건조,맑음,교차로 - 교차로안,승용,남,38세,상해없음,화물,남,37세,상해없음