사고번호,사고일시,요일,시군구,사고내용,사망자수,중상자수,경상자수,부상신고자수,사고유형,법규위반,노면상태,기상상태,도로형태,가해운전자 차종,가해운전자 성별,가해운전자 연령,가해운전자 상해정도,피해운전자 차종,피해운전자 성별,피해운전자 연령,피해운전자 상해정도
2022101900100363,2022년 10월 19일 15시,수요일,강원도 원주시 우산동,경상사고,0,0,3,0,차대차 - 측면충돌,교차로운행방법위반,건조,흐림,교차로 - 교차로안,승용,남,63세,상해없음,승용,남,33세,경상
2022101900100402,2022년 10월 19일 16시,수요일,강원도 원주시 단계동,경상사고,0,0,1,0,차대차 - 기타,신호위반,건조,맑음,교차로 - 교차로안,승용,여,35세,상해없음,이륜,남,27세,경상
2022101900100403,2022년 10월 19일 16시,수요일,강원도 원주시 문막읍,경상사고,0,0,1,0,차대차 - 측면충돌,차로위반,건조,흐림,단일로 - 기타,승용,여,52세,상해없음,승용,남,63세,경상
2022101900100494,2022년 10월 19일 18시,수요일,강원도 원주시 태장동,경상사고,0,0,1,0,차대차 - 측면충돌,교차로운행방법위반,건조,맑음,교차로 - 교차로안,승용,남,66세,상해없음,승용,여,26세,경상
2022101900100495,2022년 10월 19일 18시,수요일,강원도 원주시 학성동,경상사고,0,0,1,0,차대차 - 측면충돌,직진우회전진행방해,건조,맑음,교차로 - 교차로안,이륜,여,24세,상해없음,승용,여,39세,경상
2022101900100496,2022년 10월 19일 18시,수요일,강원도 속초시 금호동,중상사고,0,2,1,0,차대사람 - 길가장자리구역통행중,기타,건조,맑음,교차로 - 교차로부근,승합,남,69세,상해없음,보행자,여,82세,중상
2022101900100561,2022년 10월 19일 19시,수요일,강원도 춘천시 효자동,부상신고사고,0,0,0,1,차대사람 - 기타,안전운전불이행,건조,맑음,교차로 - 교차로부근,승용,여,48세,상해없음,보행자,여,47세,부상신고
2022101900100562,2022년 10월 19일 19시,수요일,강원도 춘천시 퇴계동,경상사고,0,0,1,0,차대차 - 추돌,안전운전불이행,건조,맑음,교차로 - 교차로부근,승용,여,46세,상해없음,승용,남,36세,경상
2022101900100563,2022년 10월 19일 19시,수요일,강원도 삼척시 교동,경상사고,0,0,1,0,차대차 - 측면충돌,안전운전불이행,건조,맑음,교차로 - 교차로안,승용,남,61세,상해없음,이륜,여,48세,경상
2022101900100564,2022년 10월 19일 19시,수요일,강원도 횡성군 둔내면,경상사고,0,0,1,0,차대차 - 측면충돌,기타,건조,맑음,단일로 - 기타,화물,남,80세,상해없음,승합,남,40세,경상
2022101900100597,2022년 10월 19일 20시,수요일,강원도 삼척시 당저동,중상사고,0,1,1,0,차대사람 - 기타,안전운전불이행,건조,맑음,단일로 - 기타,이륜,남,20세,경상,보행자,여,29세,중상
2022101900100624,2022년 10월 19일 21시,수요일,강원도 정선군 여량면,경상사고,0,0,1,0,차대차 - 기타,중앙선침범,건조,기타,단일로 - 기타,승용,여,63세,기타불명,승용,남,23세,경상
2022101900100654,2022년 10월 19일 23시,수요일,강원도 원주시 단계동,경상사고,0,0,5,0,차대차 - 추돌,안전운전불이행,건조,맑음,교차로 - 교차로부근,승용,남,31세,상해없음,승용,남,18세,경상
2022102000100011,2022년 10월 20일 00시,목요일,강원도 인제군 기린면,중상사고,0,1,0,0,차량단독 - 공작물충돌,안전운전불이행,건조,맑음,단일로 - 터널,승용,남,43세,상해없음,,,,
2022102000100035,2022년 10월 20일 05시,목요일,강원도 강릉시 교동,중상사고,0,1,0,0,차대사람 - 횡단중,안전운전불이행,건조,맑음,기타 - 기타,화물,남,76세,상해없음,보행자,여,76세,중상
2022102000100045,2022년 10월 20일 06시,목요일,강원도 춘천시 서면,경상사고,0,0,1,0,차대차 - 기타,중앙선침범,건조,맑음,단일로 - 교량,승용,남,72세,상해없음,화물,남,45세,경상
2022102000100046,2022년 10월 20일 06시,목요일,강원도 춘천시 서면,경상사고,0,0,1,0,차대차 - 추돌,안전거리미확보,건조,흐림,기타 - 기타,승용,여,51세,상해없음,승용,남,66세,경상
2022102000100064,2022년 10월 20일 07시,목요일,강원도 속초시 영랑동,중상사고,0,1,0,0,차대차 - 측면충돌,안전운전불이행,건조,맑음,단일로 - 기타,승용,여,37세,상해없음,개인형이동수단(PM),남,48세,중상
2022102000100065,2022년 10월 20일 07시,목요일,강원도 고성군 토성면,경상사고,0,0,1,0,차대차 - 측면충돌,교차로운행방법위반,건조,맑음,교차로 - 교차로부근,화물,남,68세,상해없음,승용,남,51세,경상
2022102000100103,2022년 10월 20일 08시,목요일,강원도 춘천시 후평동,중상사고,0,1,0,0,차대사람 - 보도통행중,보행자보호의무위반,건조,맑음,교차로 - 교차로횡단보도내,화물,남,45세,상해없음,보행자,여,63세,중상
2022102000100104,2022년 10월 20일 08시,목요일,강원도 동해시 효가동,경상사고,0,0,1,0,차대차 - 측면충돌,직진우회전진행방해,건조,맑음,교차로 - 교차로안,화물,남,76세,상해없음,승용,여,37세,경상
2022102000100194,2022년 10월 20일 10시,목요일,강원도 춘천시 조양동,중상사고,0,1,0,0,차대사람 - 횡단중,보행자보호의무위반,건조,맑음,교차로 - 교차로횡단보도내,화물,남,41세,상해없음,보행자,여,79세,중상
2022102000100195,2022년 10월 20일 10시,목요일,강원도 춘천시 온의동,경상사고,0,0,1,0,차대차 - 추돌,안전운전불이행,건조,맑음,교차로 - 교차로부근,승용,남,71세,상해없음,승용,남,43세,경상
2022102000100257,2022년 10월 20일 12시,목요일,강원도 고성군 현내면,중상사고,0,2,0,0,차대차 - 측면충돌,안전운전불이행,건조,맑음,교차로 - 교차로안,승용,남,78세,상해없음,화물,남,47세,중상
2022102000100301,2022년 10월 20일 13시,목요일,강원도 속초시 대포동,경상사고,0,0,1,0,차대차 - 추돌,안전거리미확보,건조,맑음,교차로 - 교차로부근,건설기계,남,63세,상해없음,승용,여,59세,경상
2022102000100302,2022년 10월 20일 13시,목요일,강원도 삼척시 남양동,중상사고,0,1,0,0,차대사람 - 횡단중,안전운전불이행,기타,맑음,교차로 - 교차로횡단보도내,승합,남,59세,상해없음,보행자,여,77세,중상
2022102000100303,2022년 10월 20일 13시,목요일,강원도 동해시 송정동,경상사고,0,0,1,0,차대차 - 기타,교차로운행방법위반,건조,맑음,교차로 - 교차로안,승용,남,63세,상해없음,승용,남,52세,경상
2022102000100333,2022년 10월 20일 14시,목요일,강원도 원주시 우산동,경상사고,0,0,1,0,차대차 - 추돌,안전거리미확보,건조,맑음,단일로 - 기타,승합,남,59세,상해없음,승용,여,48세,경상
2022102000100334,2022년 10월 20일 14시,목요일,강원도 양구군 양구읍,경상사고,0,0,1,0,차대차 - 측면충돌,안전운전불이행,건조,맑음,교차로 - 교차로안,승용,남,69세,상해없음,승용,여,27세,경상
2022102000100383,2022년 10월 20일 15시,목요일,강원도 춘천시 후평동,경상사고,0,0,1,0,차대사람 - 보도통행중,신호위반,건조,맑음,교차로 - 교차로횡단보도내,승합,남,54세,상해없음,보행자,여,13세,경상
2022102000100384,2022년 10월 20일 15시,목요일,강원도 양구군 국토정중앙면,중상사고,0,2,1,0,차대차 - 추돌,안전운전불이행,건조,맑음,교차로 - 교차로부근,승용,남,41세,상해없음,승용,남,38세,경상
2022102000100471,2022년 10월 20일 17시,목요일,강원도 삼척시 도계읍,중상사고,0,1,0,0,차대차 - 정면충돌,중앙선침범,기타,맑음,단일로 - 기타,승용,남,58세,상해없음,이륜,남,59세,중상
2022102000100472,2022년 10월 20일 17시,목요일,강원도 횡성군 횡성읍,경상사고,0,0,1,0,차대차 - 측면충돌,안전운전불이행,건조,맑음,교차로 - 교차로안,승용,남,73세,상해없음,승용,남,31세,경상
2022102000100521,2022년 10월 20일 18시,목요일,강원도 춘천시 북산면,부상신고사고,0,0,0,2,차대차 - 측면충돌,중앙선침범,건조,맑음,단일로 - 기타,승용,남,32세,상해없음,승용,남,53세,부상신고
2022102000100522,2022년 10월 20일 18시,목요일,강원도 원주시 문막읍,경상사고,0,0,1,0,차대차 - 측면충돌,안전운전불이행,건조,맑음,단일로 - 기타,승용,여,48세,상해없음,승용,여,46세,경상
2022102000100523,2022년 10월 20일 18시,목요일,강원도 삼척시 교동,경상사고,0,0,1,0,차대차 - 측면충돌,신호위반,건조,맑음,교차로 - 교차로안,승용,남,41세,상해없음,자전거,남,30세,경상
2022102000100576,2022년 10월 20일 19시,목요일,강원도 강릉시 성남동,중상사고,0,1,0,0,차대차 - 기타,안전운전불이행,건조,맑음,교차로 - 교차로안,승용,남,68세,상해없음,이륜,남,22세,중상
2022102000100577,2022년 10월 20일 19시,목요일,강원도 원주시 명륜동,경상사고,0,0,1,0,차대사람 - 횡단중,안전운전불이행,건조,흐림,기타 - 기타,승용,남,67세,상해없음,보행자,남,12세,경상
2022102000100578,2022년 10월 20일 19시,목요일,강원도 횡성군 둔내면,중상사고,0,1,1,0,차대사람 - 기타,안전운전불이행,건조,맑음,단일로 - 기타,화물,여,58세,상해없음,보행자,여,25세,경상
2022102000100615,2022년 10월 20일 20시,목요일,강원도 춘천시 석사동,중상사고,0,1,0,0,차대차 - 기타,신호위반,건조,맑음,교차로 - 교차로안,승용,남,53세,상해없음,이륜,남,45세,중상
2022102000100616,2022년 10월 20일 20시,목요일,강원도 춘천시 석사동,경상사고,0,0,1,0,차대차 - 기타,안전운전불이행,건조,맑음,교차로 - 교차로부근,승합,남,53세,상해없음,승용,기타불명,미분류,기타불명
2022102000100617,2022년 10월 20일 20시,목요일,강원도 춘천시 온의동,경상사고,0,0,1,0,차대차 - 기타,차로위반,건조,맑음,단일로 - 기타,승용,남,61세,상해없음,승용,여,29세,경상
2022102000100618,2022년 10월 20일 20시,목요일,강원도 태백시 문곡동,경상사고,0,0,1,0,차대차 - 기타,신호위반,건조,맑음,교차로 - 교차로안,승용,남,30세,상해없음,승합,남,48세,경상
2022102000100644,2022년 10월 20일 21시,목요일,강원도 원주시 원동,경상사고,0,0,1,0,차대사람 - 보도통행중,보행자보호의무위반,건조,맑음,단일로 - 기타,이륜,남,42세,상해없음,보행자,남,54세,경상
2022102000100645,2022년 10월 20일 21시,목요일,강원도 홍천군 내촌면,경상사고,0,0,1,0,차대차 - 추돌,기타,건조,맑음,단일로 - 기타,승용,남,21세,상해없음,승용,남,30세,경상
2022102000100674,2022년 10월 20일 22시,목요일,강원도 춘천시 근화동,경상사고,0,0,1,0,차대차 - 정면충돌,안전운전불이행,건조,맑음,단일로 - 기타,이륜,남,71세,상해없음,개인형이동수단(PM),남,26세,경상
2022102100100031,2022년 10월 21일 04시,금요일,강원도 춘천시 우두동,부상신고사고,0,0,0,2,차대차 - 기타,직진우회전진행방해,건조,맑음,교차로 - 교차로안,승용,여,54세,부상신고,승용,남,47세,부상신고
2022102100100037,2022년 10월 21일 05시,금요일,강원도 인제군 기린면,경상사고,0,0,4,0,차대차 - 추돌,안전거리미확보,건조,맑음,단일로 - 기타,특수,남,52세,경상,승용,남,18세,경상
2022102100100051,2022년 10월 21일 06시,금요일,강원도 고성군 죽왕면,중상사고,0,1,0,0,차대차 - 추돌,안전운전불이행,건조,맑음,교차로 - 교차로부근,승용,남,54세,상해없음,농기계,남,62세,중상
2022102100100119,2022년 10월 21일 08시,금요일,강원도 춘천시 근화동,부상신고사고,0,0,0,1,차대차 - 측면충돌,안전운전불이행,건조,맑음,교차로 - 교차로안,승용,여,40세,상해없음,승용,남,31세,부상신고
2022102100100120,2022년 10월 21일 08시,금요일,강원도 원주시 반곡동,경상사고,0,0,1,0,차대차 - 측면충돌,안전운전불이행,건조,맑음,단일로 - 기타,승용,여,57세,상해없음,승용,남,56세,상해없음
2022102100100121,2022년 10월 21일 08시,금요일,강원도 동해시 발한동,경상사고,0,0,1,0,차대사람 - 횡단중,보행자보호의무위반,건조,맑음,기타 - 기타,승합,남,63세,상해없음,보행자,남,41세,경상
2022102100100158,2022년 10월 21일 09시,금요일,강원도 철원군 갈말읍,경상사고,0,0,1,0,차대차 - 측면충돌,신호위반,건조,맑음,교차로 - 교차로안,화물,남,58세,상해없음,승용,남,40세,경상
2022102100100187,2022년 10월 21일 10시,금요일,강원도 정선군 고한읍,경상사고,0,0,1,0,차량단독 - 기타,기타,건조,맑음,단일로 - 기타,승합,남,43세,상해없음,,,,
2022102100100218,2022년 10월 21일 11시,금요일,강원도 원주시 관설동,경상사고,0,0,2,0,차대차 - 기타,안전운전불이행,건조,맑음,단일로 - 기타,승용,여,44세,상해없음,승용,남,39세,경상
2022102100100247,2022년 10월 21일 12시,금요일,강원도 원주시 학성동,경상사고,0,0,1,0,차대차 - 측면충돌,안전운전불이행,건조,맑음,단일로 - 기타,원동기,남,83세,상해없음,승용,남,34세,경상
2022102100100272,2022년 10월 21일 13시,금요일,강원도 춘천시 동내면,사망사고,1,0,0,0,차대차 - 추돌,안전거리미확보,건조,맑음,단일로 - 기타,사륜오토바이(ATV),여,83세,사망,승용,남,32세,상해없음
2022102100100273,2022년 10월 21일 13시,금요일,강원도 영월군 영월읍,경상사고,0,0,1,0,차대차 - 측면충돌,신호위반,건조,맑음,교차로 - 교차로안,이륜,남,82세,상해없음,화물,남,53세,경상
2022102100100305,2022년 10월 21일 14시,금요일,강원도 춘천시 퇴계동,경상사고,0,0,1,0,차대차 - 측면충돌,안전운전불이행,건조,맑음,교차로 - 교차로안,화물,남,63세,상해없음,승용,여,24세,경상
2022102100100306,2022년 10월 21일 14시,금요일,강원도 횡성군 둔내면,중상사고,0,1,1,0,차대차 - 기타,중앙선침범,건조,맑음,단일로 - 기타,승용,남,84세,상해없음,승용,여,49세,경상
2022102100100329,2022년 10월 21일 15시,금요일,강원도 속초시 중앙동,중상사고,0,1,0,0,차대사람 - 횡단중,안전운전불이행,건조,맑음,단일로 - 기타,승용,여,50세,상해없음,보행자,여,57세,중상
2022102100100330,2022년 10월 21일 15시,금요일,강원도 양구군 양구읍,경상사고,0,0,1,0,차대차 - 측면충돌,안전운전불이행,건조,맑음,교차로 - 교차로안,승용,여,35세,상해없음,화물,남,68세,경상
2022102100100368,2022년 10월 21일 16시,금요일,강원도 춘천시 석사동,경상사고,0,0,1,0,차대차 - 기타,안전운전불이행,건조,맑음,단일로 - 기타,승용,남,65세,상해없음,승용,남,35세,경상
2022102100100369,2022년 10월 21일 16시,금요일,강원도 철원군 갈말읍,경상사고,0,0,2,0,차대차 - 측면충돌,안전운전불이행,건조,맑음,교차로 - 교차로안,승용,남,68세,상해없음,승용,남,70세,상해없음
2022102100100411,2022년 10월 21일 17시,금요일,강원도 강릉시 노암동,경상사고,0,0,1,0,차대차 - 기타,안전운전불이행,건조,맑음,기타 - 기타,승용,남,79세,상해없음,승용,남,33세,경상
2022102100100475,2022년 10월 21일 18시,금요일,강원도 춘천시 퇴계동,경상사고,0,0,1,0,차대차 - 추돌,안전거리미확보,건조,맑음,단일로 - 기타,승용,남,31세,상해없음,이륜,남,47세,경상
2022102100100476,2022년 10월 21일 18시,금요일,강원도 춘천시 후평동,경상사고,0,0,1,0,차대차 - 측면충돌,교차로운행방법위반,건조,맑음,교차로 - 교차로안,승합,남,64세,상해없음,승용,남,75세,경상
2022102100100477,2022년 10월 21일 18시,금요일,강원도 원주시 흥업면,경상사고,0,0,1,0,차대차 - 추돌,안전거리미확보,건조,맑음,단일로 - 기타,승용,남,45세,상해없음,화물,남,32세,경상
2022102100100478,2022년 10월 21일 18시,금요일,강원도 속초시 교동,경상사고,0,0,2,0,차대차 - 추돌,안전운전불이행,건조,맑음,단일로 - 기타,승용,남,69세,상해없음,승용,여,38세,경상
2022102100100542,2022년 10월 21일 19시,금요일,강원도 화천군 상서면,경상사고,0,0,1,0,차대차 - 추돌,안전운전불이행,건조,맑음,단일로 - 기타,승용,남,38세,상해없음,농기계,남,58세,경상
2022102100100583,2022년 10월 21일 20시,금요일,강원도 춘천시 퇴계동,부상신고사고,0,0,0,2,차대차 - 추돌,안전운전불이행,건조,맑음,단일로 - 기타,승용,여,66세,상해없음,승용,남,29세,부상신고
2022102200100138,2022년 10월 22일 09시,토요일,강원도 양구군 양구읍,경상사고,0,0,2,0,차대차 - 정면충돌,중앙선침범,건조,맑음,단일로 - 기타,사륜오토바이(ATV),남,68세,경상,화물,여,58세,상해없음
2022102200100139,2022년 10월 22일 09시,토요일,강원도 홍천군 화촌면,경상사고,0,0,1,0,차대사람 - 차도통행중,안전운전불이행,건조,맑음,주차장 - 주차장,승용,여,53세,상해없음,보행자,여,70세,경상
2022102200100167,2022년 10월 22일 10시,토요일,강원도 속초시 노학동,경상사고,0,0,1,0,차대차 - 측면충돌,안전운전불이행,건조,맑음,교차로 - 교차로안,승용,남,26세,상해없음,승용,여,61세,경상
2022102200100168,2022년 10월 22일 10시,토요일,강원도 삼척시 교동,경상사고,0,0,2,0,차대차 - 측면충돌,직진우회전진행방해,건조,맑음,교차로 - 교차로안,화물,남,64세,경상,승용,남,54세,경상
2022102200100169,2022년 10월 22일 10시,토요일,강원도 태백시 황지동,경상사고,0,0,1,0,차대사람 - 기타,안전운전불이행,건조,맑음,교차로 - 교차로안,승용,여,23세,상해없음,보행자,남,61세,경상
2022102200100203,2022년 10월 22일 11시,토요일,강원도 태백시 화전동,경상사고,0,0,4,0,차대차 - 추돌,안전거리미확보,건조,맑음,교차로 - 교차로안,건설기계,남,45세,상해없음,승용,여,51세,경상
2022102200100240,2022년 10월 22일 12시,토요일,강원도 속초시 교동,경상사고,0,0,1,1,차대차 - 측면충돌,교차로운행방법위반,건조,맑음,교차로 - 교차로안,승용,남,77세,경상,승용,남,73세,부상신고
2022102200100241,2022년 10월 22일 12시,토요일,강원도 속초시 교동,경상사고,0,0,1,0,차대차 - 측면충돌,교차로운행방법위반,건조,맑음,교차로 - 교차로안,화물,남,79세,상해없음,승용,남,38세,상해없음
2022102200100282,2022년 10월 22일 13시,토요일,강원도 원주시 단구동,경상사고,0,0,1,0,차대차 - 추돌,안전거리미확보,건조,흐림,단일로 - 기타,승용,여,53세,상해없음,승용,남,43세,경상
2022102200100323,2022년 10월 22일 14시,토요일,강원도 춘천시 퇴계동,경상사고,0,0,1,1,차대차 - 측면충돌,차로위반,건조,맑음,교차로 - 교차로부근,승용,남,69세,부상신고,이륜,남,30세,경상
2022102200100324,2022년 10월 22일 14시,토요일,강원도 원주시 무실동,경상사고,0,0,1,1,차대차 - 측면충돌,안전운전불이행,건조,맑음,단일로 - 기타,승용,여,29세,부상신고,승용,여,49세,경상
2022102200100325,2022년 10월 22일 14시,토요일,강원도 홍천군 서면,중상사고,0,1,0,0,차대사람 - 기타,불법유턴,건조,맑음,기타 - 기타,화물,남,25세,상해없음,보행자,남,69세,중상
2022102200100364,2022년 10월 22일 15시,토요일,강원도 원주시 흥업면,중상사고,0,1,3,0,차대차 - 추돌,안전거리미확보,건조,맑음,단일로 - 기타,화물,남,63세,상해없음,승용,남,57세,중상
2022102200100365,2022년 10월 22일 15시,토요일,강원도 삼척시 교동,경상사고,0,0,1,0,차대차 - 측면충돌,안전거리미확보,건조,맑음,단일로 - 지하차도(도로)내,건설기계,남,62세,상해없음,승용,여,42세,경상
2022102200100407,2022년 10월 22일 16시,토요일,강원도 춘천시 근화동,부상신고사고,0,0,0,1,차대차 - 측면충돌,안전운전불이행,건조,맑음,단일로 - 기타,승용,남,54세,상해없음,자전거,남,60세,부상신고
2022102200100408,2022년 10월 22일 16시,토요일,강원도 인제군 인제읍,경상사고,0,0,5,0,차대차 - 측면충돌,안전운전불이행,건조,맑음,교차로 - 교차로안,승용,남,59세,상해없음,승용,남,62세,경상
2022102200100443,2022년 10월 22일 17시,토요일,강원도 횡성군 청일면,중상사고,0,1,1,0,차량단독 - 기타,안전운전불이행,건조,맑음,단일로 - 기타,승용,남,65세,상해없음,,,,
2022102200100444,2022년 10월 22일 17시,토요일,강원도 인제군 인제읍,부상신고사고,0,0,0,1,차대사람 - 횡단중,안전운전불이행,건조,맑음,교차로 - 교차로부근,승합,여,42세,상해없음,보행자,여,77세,부상신고
2022102200100492,2022년 10월 22일 18시,토요일,강원도 원주시 개운동,경상사고,0,0,1,0,차대사람 - 기타,안전운전불이행,건조,맑음,단일로 - 기타,화물,남,62세,상해없음,보행자,남,68세,경상
2022102200100493,2022년 10월 22일 18시,토요일,강원도 원주시 무실동,경상사고,0,0,2,0,차대차 - 측면충돌,안전운전불이행,건조,맑음,교차로 - 교차로안,승용,남,62세,상해없음,승용,여,54세,경상
2022102200100494,2022년 10월 22일 18시,토요일,강원도 홍천군 내촌면,경상사고,0,0,5,0,차대차 - 기타,안전운전불이행,건조,맑음,단일로 - 터널,화물,남,56세,경상,승용,여,31세,상해없음
2022102200100535,2022년 10월 22일 19시,토요일,강원도 속초시 도문동,중상사고,0,1,3,0,차대차 - 정면충돌,중앙선침범,건조,맑음,단일로 - 고가도로위,화물,남,59세,상해없음,승용,남,60세,중상
2022102200100536,2022년 10월 22일 19시,토요일,강원도 홍천군 내촌면,경상사고,0,0,4,0,차대차 - 추돌,안전운전불이행,건조,맑음,단일로 - 터널,승용,남,51세,상해없음,승용,남,35세,경상
2022102300100005,2022년 10월 23일 00시,일요일,강원도 춘천시 석사동,경상사고,0,0,2,0,차대차 - 기타,교차로운행방법위반,건조,흐림,교차로 - 교차로안,승용,남,64세,상해없음,승용,여,53세,경상
2022102300100051,2022년 10월 23일 06시,일요일,강원도 양양군 현남면,사망사고,1,0,0,0,차대사람 - 길가장자리구역통행중,안전운전불이행,젖음/습기,비,단일로 - 기타,화물,남,61세,상해없음,보행자,남,68세,사망
2022102300100070,2022년 10월 23일 08시,일요일,강원도 춘천시 근화동,경상사고,0,0,1,0,차대차 - 기타,안전운전불이행,건조,맑음,단일로 - 기타,화물,남,59세,상해없음,승용,남,36세,경상
2022102300100090,2022년 10월 23일 09시,일요일,강원도 춘천시 동내면,경상사고,0,0,1,1,차대차 - 기타,신호위반,건조,맑음,교차로 - 교차로안,승용,여,46세,상해없음,승용,여,69세,경상
2022102300100091,2022년 10월 23일 09시,일요일,강원도 원주시 태장동,중상사고,0,1,1,0,차대차 - 기타,안전운전불이행,건조,맑음,교차로 - 교차로부근,승용,남,62세,상해없음,승용,남,32세,경상
2022102300100092,2022년 10월 23일 09시,일요일,강원도 속초시 교동,경상사고,0,0,1,0,차대차 - 정면충돌,교차로운행방법위반,젖음/습기,비,교차로 - 교차로안,승용,여,62세,상해없음,이륜,남,26세,경상
2022102300100124,2022년 10월 23일 11시,일요일,강원도 춘천시 동면,사망사고,1,0,0,0,차대차 - 추돌,안전운전불이행,건조,맑음,교차로 - 교차로부근,승용,남,75세,상해없음,원동기,남,84세,사망
2022102300100125,2022년 10월 23일 11시,일요일,강원도 원주시 명륜동,경상사고,0,0,3,0,차대차 - 추돌,안전운전불이행,건조,맑음,교차로 - 교차로부근,승용,남,68세,상해없음,승용,여,31세,경상
2022102300100155,2022년 10월 23일 12시,일요일,강원도 춘천시 석사동,중상사고,0,1,0,0,차대사람 - 기타,안전운전불이행,건조,맑음,단일로 - 기타,개인형이동수단(PM),남,20세,상해없음,보행자,여,36세,중상
2022102300100156,2022년 10월 23일 12시,일요일,강원도 철원군 동송읍,중상사고,0,1,0,0,차대사람 - 횡단중,안전운전불이행,건조,맑음,단일로 - 기타,승용,남,56세,상해없음,보행자,여,62세,중상
2022102300100185,2022년 10월 23일 13시,일요일,강원도 강릉시 주문진읍,중상사고,0,1,0,0,차대차 - 기타,안전운전불이행,젖음/습기,흐림,교차로 - 교차로부근,승용,남,28세,상해없음,승용,남,26세,상해없음
2022102300100212,2022년 10월 23일 14시,일요일,강원도 춘천시 서면,경상사고,0,0,2,0,차대차 - 추돌,안전거리미확보,건조,맑음,단일로 - 기타,승용,남,26세,상해없음,승용,남,34세,경상
2022102300100213,2022년 10월 23일 14시,일요일,강원도 원주시 단구동,경상사고,0,0,2,0,차대차 - 측면충돌,신호위반,건조,맑음,교차로 - 교차로안,승용,남,19세,기타불명,승용,남,44세,상해없음
2022102300100214,2022년 10월 23일 14시,일요일,강원도 삼척시 교동,경상사고,0,0,1,0,차량단독 - 공작물충돌,안전운전불이행,젖음/습기,비,단일로 - 기타,승용,남,37세,상해없음,,,,
2022102300100341,2022년 10월 23일 18시,일요일,강원도 원주시 지정면,중상사고,0,1,0,0,차대차 - 기타,신호위반,건조,맑음,교차로 - 교차로안,승용,여,58세,상해없음,승용,남,30세,중상
2022102300100373,2022년 10월 23일 19시,일요일,강원도 춘천시 사북면,중상사고,0,1,0,0,차대차 - 측면충돌,직진우회전진행방해,건조,맑음,교차로 - 교차로안,승용,남,59세,상해없음,승용,남,47세,중상
2022102300100374,2022년 10월 23일 19시,일요일,강원도 태백시 황지동,경상사고,0,0,2,0,차대차 - 측면충돌,차로위반,건조,맑음,단일로 - 기타,승용,남,49세,상해없음,승용,여,35세,경상
2022102300100397,2022년 10월 23일 20시,일요일,강원도 춘천시 효자동,경상사고,0,0,1,0,차대차 - 추돌,안전운전불이행,건조,맑음,단일로 - 기타,승용,남,63세,상해없음,이륜,남,39세,경상
2022102300100398,2022년 10월 23일 20시,일요일,강원도 원주시 단구동,중상사고,0,1,2,0,차대차 - 측면충돌,안전운전불이행,건조,맑음,교차로 - 교차로안,승용,남,74세,상해없음,승용,남,61세,중상
2022102300100425,2022년 10월 23일 22시,일요일,강원도 평창군 대화면,경상사고,0,0,1,0,차대차 - 측면충돌,중앙선침범,건조,맑음,단일로 - 지하차도(도로)내,승용,남,64세,상해없음,승합,남,43세,경상
2022102400100003,2022년 10월 24일 00시,월요일,강원도 춘천시 퇴계동,부상신고사고,0,0,0,2,차대차 - 추돌,안전운전불이행,건조,맑음,단일로 - 기타,승용,남,25세,상해없음,승용,남,26세,부상신고
2022102400100013,2022년 10월 24일 02시,월요일,강원도 속초시 조양동,사망사고,1,0,0,0,차대사람 - 횡단중,안전운전불이행,건조,맑음,단일로 - 교량,승용,남,55세,상해없음,보행자,여,94세,사망
2022102400100020,2022년 10월 24일 04시,월요일,강원도 홍천군 홍천읍,경상사고,0,0,1,0,차대차 - 측면충돌,교차로운행방법위반,건조,맑음,교차로 - 교차로안,승용,여,56세,상해없음,화물,남,58세,경상
2022102400100069,2022년 10월 24일 07시,월요일,강원도 인제군 인제읍,경상사고,0,0,2,0,차대차 - 정면충돌,안전운전불이행,건조,맑음,교차로 - 교차로안,승용,남,34세,상해없음,승합,남,66세,경상
2022102400100168,2022년 10월 24일 09시,월요일,강원도 정선군 정선읍,중상사고,0,1,0,0,차대차 - 기타,안전운전불이행,건조,맑음,단일로 - 기타,이륜,남,82세,중상,화물,남,85세,상해없음
2022102400100209,2022년 10월 24일 10시,월요일,강원도 원주시 단구동,중상사고,0,1,0,0,차대사람 - 횡단중,안전운전불이행,건조,맑음,단일로 - 기타,승용,남,53세,상해없음,보행자,여,71세,중상
2022102400100210,2022년 10월 24일 10시,월요일,강원도 화천군 사내면,경상사고,0,0,2,0,차대차 - 후진중충돌,안전운전불이행,건조,맑음,단일로 - 기타,화물,남,38세,상해없음,승용,남,72세,경상
2022102400100251,2022년 10월 24일 11시,월요일,강원도 춘천시 신동,중상사고,0,1,0,0,차대차 - 기타,교차로운행방법위반,건조,맑음,교차로 - 교차로안,승합,남,55세,상해없음,이륜,남,74세,중상