사고번호,사고일시,요일,시군구,사고내용,사망자수,중상자수,경상자수,부상신고자수,사고유형,법규위반,노면상태,기상상태,도로형태,가해운전자 차종,가해운전자 성별,가해운전자 연령,가해운전자 상해정도,피해운전자 차종,피해운전자 성별,피해운전자 연령,피해운전자 상해정도
2022102400100252,2022년 10월 24일 11시,월요일,강원도 춘천시 퇴계동,경상사고,0,0,1,0,차대차 - 기타,신호위반,건조,맑음,교차로 - 교차로안,승용,남,56세,상해없음,승용,남,73세,경상
2022102400100253,2022년 10월 24일 11시,월요일,강원도 횡성군 공근면,경상사고,0,0,1,0,차대차 - 기타,안전운전불이행,건조,맑음,단일로 - 기타,승용,남,73세,상해없음,승용,여,27세,경상
2022102400100286,2022년 10월 24일 12시,월요일,강원도 원주시 문막읍,경상사고,0,0,1,0,차대차 - 정면충돌,신호위반,건조,맑음,교차로 - 교차로안,승용,여,58세,기타불명,화물,남,35세,경상
2022102400100287,2022년 10월 24일 12시,월요일,강원도 홍천군 화촌면,경상사고,0,0,1,3,차대차 - 추돌,안전거리미확보,건조,맑음,단일로 - 기타,승용,여,39세,상해없음,승용,남,44세,경상
2022102400100318,2022년 10월 24일 13시,월요일,강원도 춘천시 석사동,부상신고사고,0,0,0,1,차대차 - 측면충돌,교차로운행방법위반,건조,맑음,교차로 - 교차로안,승용,남,81세,상해없음,승용,여,58세,부상신고
2022102400100319,2022년 10월 24일 13시,월요일,강원도 동해시 천곡동,경상사고,0,0,1,0,차대차 - 측면충돌,교차로운행방법위반,젖음/습기,흐림,교차로 - 교차로안,승용,여,64세,상해없음,승용,여,42세,경상
2022102400100360,2022년 10월 24일 14시,월요일,강원도 춘천시 교동,중상사고,0,1,0,0,차량단독 - 기타,안전운전불이행,건조,맑음,교차로 - 교차로안,승합,남,55세,상해없음,,,,
2022102400100361,2022년 10월 24일 14시,월요일,강원도 정선군 남면,중상사고,0,1,0,0,차량단독 - 공작물충돌,안전운전불이행,젖음/습기,비,기타 - 기타,승용,남,57세,중상,,,,
2022102400100362,2022년 10월 24일 14시,월요일,강원도 횡성군 서원면,경상사고,0,0,1,0,차대차 - 측면충돌,안전운전불이행,건조,맑음,단일로 - 기타,기타불명,남,29세,상해없음,승용,여,77세,경상
2022102400100393,2022년 10월 24일 15시,월요일,강원도 강릉시 옥천동,중상사고,0,1,0,0,차대차 - 추돌,안전운전불이행,젖음/습기,비,교차로 - 교차로부근,승합,남,81세,상해없음,승용,여,66세,중상
2022102400100394,2022년 10월 24일 15시,월요일,강원도 속초시 교동,경상사고,0,0,1,0,차대차 - 추돌,안전운전불이행,건조,맑음,단일로 - 고가도로위,승용,여,63세,상해없음,승합,남,58세,경상
2022102400100395,2022년 10월 24일 15시,월요일,강원도 양구군 동면,경상사고,0,0,1,0,차대차 - 정면충돌,안전운전불이행,건조,맑음,단일로 - 기타,승용,여,58세,기타불명,승용,남,26세,경상
2022102400100469,2022년 10월 24일 17시,월요일,강원도 홍천군 홍천읍,중상사고,0,2,0,0,차대차 - 측면충돌,교차로운행방법위반,건조,맑음,교차로 - 교차로안,화물,남,64세,상해없음,승용,남,67세,중상
2022102400100519,2022년 10월 24일 18시,월요일,강원도 춘천시 서면,경상사고,0,0,3,0,차대차 - 측면충돌,교차로운행방법위반,건조,맑음,교차로 - 교차로안,승용,남,79세,경상,화물,남,53세,경상
2022102400100520,2022년 10월 24일 18시,월요일,강원도 속초시 교동,경상사고,0,0,1,0,차대차 - 측면충돌,교차로운행방법위반,젖음/습기,비,교차로 - 교차로안,승용,여,62세,상해없음,승용,여,31세,경상
2022102400100602,2022년 10월 24일 20시,월요일,강원도 강릉시 포남동,경상사고,0,0,1,0,차대사람 - 기타,안전운전불이행,건조,맑음,단일로 - 기타,이륜,남,24세,상해없음,보행자,남,66세,경상
2022102400100625,2022년 10월 24일 21시,월요일,강원도 동해시 천곡동,경상사고,0,0,2,0,차대차 - 기타,교차로운행방법위반,젖음/습기,비,교차로 - 교차로안,승용,여,44세,경상,승용,여,33세,경상
2022102500100044,2022년 10월 25일 06시,화요일,강원도 강릉시 홍제동,중상사고,0,1,0,0,차대사람 - 횡단중,보행자보호의무위반,젖음/습기,비,교차로 - 교차로횡단보도내,승용,남,42세,기타불명,보행자,여,78세,중상
2022102500100045,2022년 10월 25일 06시,화요일,강원도 홍천군 화촌면,중상사고,0,1,0,0,차대차 - 추돌,안전운전불이행,건조,맑음,단일로 - 기타,화물,남,40세,상해없음,농기계,남,31세,중상
2022102500100102,2022년 10월 25일 08시,화요일,강원도 원주시 태장동,중상사고,0,1,0,0,차대차 - 측면충돌,기타,건조,맑음,단일로 - 기타,승합,남,66세,상해없음,승용,남,69세,중상
2022102500100173,2022년 10월 25일 10시,화요일,강원도 동해시 천곡동,중상사고,0,1,0,0,차대차 - 기타,안전운전불이행,젖음/습기,흐림,단일로 - 기타,화물,남,47세,상해없음,자전거,남,81세,중상
2022102500100234,2022년 10월 25일 12시,화요일,강원도 춘천시 동내면,중상사고,0,1,0,0,차대차 - 추돌,신호위반,건조,맑음,교차로 - 교차로부근,승용,여,50세,상해없음,승용,여,60세,중상
2022102500100235,2022년 10월 25일 12시,화요일,강원도 양양군 현북면,중상사고,0,1,0,0,차대사람 - 길가장자리구역통행중,안전운전불이행,건조,맑음,교차로 - 교차로부근,건설기계,남,61세,상해없음,보행자,여,82세,중상
2022102500100236,2022년 10월 25일 12시,화요일,강원도 평창군 진부면,경상사고,0,0,1,0,차대차 - 측면충돌,직진우회전진행방해,건조,맑음,교차로 - 교차로안,승용,남,57세,상해없음,승합,남,64세,경상
2022102500100269,2022년 10월 25일 13시,화요일,강원도 춘천시 신동면,경상사고,0,0,2,0,차대차 - 측면충돌,안전거리미확보,건조,맑음,단일로 - 기타,승용,남,74세,상해없음,건설기계,남,46세,경상
2022102500100270,2022년 10월 25일 13시,화요일,강원도 춘천시 근화동,경상사고,0,0,1,1,차대차 - 측면충돌,차로위반,건조,맑음,교차로 - 교차로부근,승용,여,57세,부상신고,화물,남,63세,경상
2022102500100308,2022년 10월 25일 14시,화요일,강원도 강릉시 입암동,경상사고,0,0,2,0,차대차 - 추돌,안전운전불이행,건조,흐림,교차로 - 교차로안,승용,여,37세,상해없음,승용,남,69세,경상
2022102500100342,2022년 10월 25일 15시,화요일,강원도 춘천시 동면,중상사고,0,1,0,0,차량단독 - 기타,기타,건조,맑음,단일로 - 기타,이륜,남,17세,중상,,,,
2022102500100343,2022년 10월 25일 15시,화요일,강원도 동해시 발한동,중상사고,0,1,0,0,차대사람 - 길가장자리구역통행중,안전운전불이행,건조,맑음,단일로 - 기타,승용,남,70세,상해없음,보행자,여,72세,중상
2022102500100398,2022년 10월 25일 16시,화요일,강원도 원주시 판부면,중상사고,0,2,0,0,차대차 - 측면충돌,안전운전불이행,건조,맑음,단일로 - 기타,승용,남,68세,상해없음,화물,남,67세,중상
2022102500100399,2022년 10월 25일 16시,화요일,강원도 홍천군 홍천읍,경상사고,0,0,1,0,차대사람 - 횡단중,보행자보호의무위반,건조,맑음,교차로 - 교차로횡단보도내,승용,여,32세,상해없음,보행자,남,38세,경상
2022102500100400,2022년 10월 25일 16시,화요일,강원도 홍천군 화촌면,경상사고,0,0,5,1,차대차 - 추돌,안전거리미확보,건조,맑음,단일로 - 기타,승용,여,28세,상해없음,승용,남,40세,경상
2022102500100451,2022년 10월 25일 17시,화요일,강원도 춘천시 퇴계동,경상사고,0,0,1,0,차대차 - 기타,안전운전불이행,건조,맑음,단일로 - 기타,승용,여,50세,상해없음,승용,남,32세,경상
2022102500100452,2022년 10월 25일 17시,화요일,강원도 원주시 소초면,중상사고,0,1,0,0,차대차 - 정면충돌,중앙선침범,건조,흐림,기타 - 기타,승용,여,28세,기타불명,화물,남,60세,중상
2022102500100507,2022년 10월 25일 18시,화요일,강원도 원주시 무실동,경상사고,0,0,1,0,차대사람 - 횡단중,보행자보호의무위반,건조,맑음,단일로 - 기타,승용,남,52세,상해없음,보행자,남,58세,경상
2022102500100566,2022년 10월 25일 19시,화요일,강원도 원주시 단계동,경상사고,0,0,5,0,차대차 - 측면충돌,신호위반,젖음/습기,맑음,교차로 - 교차로안,승용,여,26세,상해없음,승용,여,34세,경상
2022102500100567,2022년 10월 25일 19시,화요일,강원도 양양군 양양읍,중상사고,0,2,0,0,차대사람 - 횡단중,안전운전불이행,건조,맑음,교차로 - 교차로부근,승용,여,46세,상해없음,보행자,남,21세,중상
2022102500100605,2022년 10월 25일 20시,화요일,강원도 평창군 평창읍,경상사고,0,0,1,0,차대차 - 정면충돌,신호위반,건조,맑음,단일로 - 지하차도(도로)내,승용,여,54세,상해없음,승용,남,34세,경상
2022102500100662,2022년 10월 25일 23시,화요일,강원도 원주시 흥업면,중상사고,0,1,1,0,차대사람 - 횡단중,신호위반,건조,맑음,기타 - 기타,승용,여,45세,상해없음,보행자,남,23세,중상
2022102600100007,2022년 10월 26일 00시,수요일,강원도 춘천시 퇴계동,경상사고,0,0,1,0,차대차 - 기타,안전운전불이행,젖음/습기,맑음,교차로 - 교차로부근,승용,남,39세,상해없음,승용,여,28세,경상
2022102600100113,2022년 10월 26일 08시,수요일,강원도 원주시 학성동,중상사고,0,1,2,1,차대차 - 추돌,안전거리미확보,건조,맑음,교차로 - 교차로부근,이륜,남,74세,중상,승용,남,40세,경상
2022102600100114,2022년 10월 26일 08시,수요일,강원도 삼척시 마달동,중상사고,0,1,0,0,차대차 - 추돌,안전거리미확보,기타,맑음,단일로 - 기타,승용,여,44세,상해없음,승용,남,39세,중상
2022102600100115,2022년 10월 26일 08시,수요일,강원도 평창군 대관령면,중상사고,0,1,0,0,차대차 - 측면충돌,신호위반,건조,맑음,교차로 - 교차로안,승용,여,61세,상해없음,승용,남,44세,중상
2022102600100154,2022년 10월 26일 09시,수요일,강원도 원주시 문막읍,경상사고,0,0,3,0,차대차 - 측면충돌,직진우회전진행방해,건조,맑음,교차로 - 교차로안,승용,남,50세,경상,승용,남,74세,경상
2022102600100190,2022년 10월 26일 10시,수요일,강원도 삼척시 성북동,중상사고,0,1,0,0,차대사람 - 횡단중,보행자보호의무위반,건조,맑음,단일로 - 기타,화물,남,88세,상해없음,보행자,남,70세,중상
2022102600100191,2022년 10월 26일 10시,수요일,강원도 철원군 서면,경상사고,0,0,1,0,차대사람 - 차도통행중,안전운전불이행,건조,맑음,교차로 - 교차로안,승용,여,69세,상해없음,보행자,남,67세,경상
2022102600100235,2022년 10월 26일 12시,수요일,강원도 강릉시 포남동,중상사고,0,1,0,0,차대사람 - 기타,안전운전불이행,건조,맑음,기타 - 기타,승용,여,31세,상해없음,보행자,여,54세,중상
2022102600100236,2022년 10월 26일 12시,수요일,강원도 양양군 양양읍,중상사고,0,1,0,0,차대차 - 측면충돌,교차로운행방법위반,건조,맑음,교차로 - 교차로안,승용,여,51세,상해없음,이륜,남,79세,중상
2022102600100237,2022년 10월 26일 12시,수요일,강원도 정선군 남면,경상사고,0,0,2,0,차대차 - 측면충돌,안전거리미확보,건조,맑음,단일로 - 기타,승용,남,28세,상해없음,승용,여,60세,경상
2022102600100271,2022년 10월 26일 13시,수요일,강원도 춘천시 효자동,경상사고,0,0,1,0,차대차 - 측면충돌,안전운전불이행,건조,맑음,교차로 - 교차로부근,이륜,남,54세,상해없음,승용,남,26세,경상
2022102600100299,2022년 10월 26일 14시,수요일,강원도 영월군 영월읍,부상신고사고,0,0,0,1,차대차 - 추돌,안전운전불이행,건조,맑음,교차로 - 교차로부근,승용,여,50세,상해없음,승용,여,53세,부상신고
2022102600100300,2022년 10월 26일 14시,수요일,강원도 인제군 기린면,부상신고사고,0,0,0,3,차량단독 - 공작물충돌,안전운전불이행,건조,맑음,단일로 - 터널,승용,여,51세,상해없음,,,,
2022102600100366,2022년 10월 26일 16시,수요일,강원도 춘천시 서면,중상사고,0,1,0,0,차대차 - 측면충돌,신호위반,건조,맑음,단일로 - 교량,원동기,남,86세,중상,화물,남,51세,상해없음
2022102600100367,2022년 10월 26일 16시,수요일,강원도 춘천시 온의동,경상사고,0,0,2,1,차대차 - 측면충돌,교차로운행방법위반,건조,맑음,교차로 - 교차로안,승용,여,49세,부상신고,승용,여,42세,경상
2022102600100368,2022년 10월 26일 16시,수요일,강원도 양구군 양구읍,경상사고,0,0,1,0,차대사람 - 횡단중,안전운전불이행,건조,맑음,단일로 - 기타,화물,남,54세,상해없음,보행자,남,8세,경상
2022102600100369,2022년 10월 26일 16시,수요일,강원도 원주시 문막읍,경상사고,0,0,1,0,차대차 - 추돌,안전운전불이행,건조,맑음,단일로 - 기타,화물,남,54세,상해없음,화물,남,56세,경상
2022102600100406,2022년 10월 26일 17시,수요일,강원도 태백시 황지동,경상사고,0,0,1,0,차대차 - 측면충돌,차로위반,건조,맑음,교차로 - 교차로안,화물,남,49세,상해없음,승용,여,54세,경상
2022102600100510,2022년 10월 26일 19시,수요일,강원도 속초시 조양동,중상사고,0,1,0,0,차대차 - 측면충돌,교차로운행방법위반,건조,맑음,교차로 - 교차로안,승용,남,49세,상해없음,승용,여,61세,중상
2022102600100630,2022년 10월 26일 23시,수요일,강원도 속초시 교동,경상사고,0,0,2,0,차대차 - 측면충돌,안전운전불이행,건조,맑음,교차로 - 교차로안,승용,남,30세,상해없음,승용,남,66세,경상
2022102700100008,2022년 10월 27일 00시,목요일,강원도 속초시 교동,경상사고,0,0,3,0,차량단독 - 공작물충돌,안전운전불이행,건조,맑음,단일로 - 지하차도(도로)내,승합,남,68세,상해없음,,,,
2022102700100037,2022년 10월 27일 05시,목요일,강원도 삼척시 원덕읍,중상사고,0,1,0,0,차대차 - 기타,기타,건조,맑음,단일로 - 기타,특수,남,54세,상해없음,특수,남,62세,중상
2022102700100159,2022년 10월 27일 09시,목요일,강원도 강릉시 성남동,중상사고,0,1,1,0,차대차 - 기타,안전운전불이행,건조,맑음,교차로 - 교차로안,승용,남,80세,상해없음,화물,남,64세,중상
2022102700100160,2022년 10월 27일 09시,목요일,강원도 원주시 명륜동,경상사고,0,0,1,0,차대차 - 추돌,안전거리미확보,건조,맑음,교차로 - 교차로안,승합,남,45세,기타불명,승용,여,38세,경상
2022102700100161,2022년 10월 27일 09시,목요일,강원도 삼척시 도계읍,경상사고,0,0,1,0,차대사람 - 길가장자리구역통행중,안전운전불이행,건조,맑음,단일로 - 지하차도(도로)내,승용,여,57세,상해없음,보행자,여,80세,경상
2022102700100162,2022년 10월 27일 09시,목요일,강원도 태백시 장성동,중상사고,0,1,1,0,차대차 - 추돌,안전거리미확보,건조,맑음,교차로 - 교차로부근,화물,남,72세,상해없음,승용,남,59세,경상
2022102700100199,2022년 10월 27일 10시,목요일,강원도 홍천군 영귀미면,경상사고,0,0,1,0,차대차 - 측면충돌,안전운전불이행,건조,맑음,단일로 - 지하차도(도로)내,이륜,남,67세,경상,건설기계,남,33세,상해없음
2022102700100305,2022년 10월 27일 13시,목요일,강원도 춘천시 중앙로1가,부상신고사고,0,0,0,1,차대사람 - 횡단중,안전운전불이행,건조,맑음,교차로 - 교차로안,승용,여,28세,상해없음,보행자,남,47세,부상신고
2022102700100306,2022년 10월 27일 13시,목요일,강원도 원주시 단계동,경상사고,0,0,2,0,차대차 - 측면충돌,신호위반,건조,맑음,교차로 - 교차로안,승용,남,61세,상해없음,승용,남,64세,경상
2022102700100307,2022년 10월 27일 13시,목요일,강원도 원주시 명륜동,중상사고,0,2,2,0,차대차 - 측면충돌,안전운전불이행,건조,맑음,교차로 - 교차로부근,승용,여,63세,중상,승용,여,63세,중상
2022102700100334,2022년 10월 27일 14시,목요일,강원도 강릉시 사천면,경상사고,0,0,2,0,차대차 - 기타,안전운전불이행,건조,맑음,교차로 - 교차로부근,승용,남,77세,상해없음,승용,남,46세,경상
2022102700100335,2022년 10월 27일 14시,목요일,강원도 양양군 현북면,경상사고,0,0,1,0,차대차 - 측면충돌,안전거리미확보,건조,맑음,단일로 - 고가도로위,승용,남,63세,기타불명,승용,남,35세,경상
2022102700100336,2022년 10월 27일 14시,목요일,강원도 평창군 평창읍,경상사고,0,0,3,0,차대차 - 측면충돌,안전운전불이행,건조,맑음,교차로 - 교차로부근,승용,남,60세,경상,승용,남,42세,경상
2022102700100378,2022년 10월 27일 15시,목요일,강원도 원주시 단구동,경상사고,0,0,3,0,차대차 - 측면충돌,안전운전불이행,건조,맑음,기타 - 기타,승용,남,69세,경상,승용,여,48세,경상
2022102700100379,2022년 10월 27일 15시,목요일,강원도 원주시 신림면,경상사고,0,0,1,0,차대사람 - 기타,안전운전불이행,건조,맑음,단일로 - 기타,승용,남,73세,상해없음,보행자,남,79세,경상
2022102700100456,2022년 10월 27일 17시,목요일,강원도 강릉시 교동,경상사고,0,0,1,0,차대차 - 후진중충돌,안전운전불이행,건조,맑음,단일로 - 기타,승용,남,49세,상해없음,이륜,남,35세,경상
2022102700100457,2022년 10월 27일 17시,목요일,강원도 원주시 반곡동,중상사고,0,1,3,0,차대차 - 추돌,안전운전불이행,건조,맑음,단일로 - 기타,승용,여,38세,상해없음,승용,여,44세,경상
2022102700100522,2022년 10월 27일 18시,목요일,강원도 강릉시 교동,경상사고,0,0,1,0,차대차 - 기타,안전운전불이행,건조,맑음,교차로 - 교차로안,승용,여,37세,상해없음,이륜,남,57세,경상
2022102700100523,2022년 10월 27일 18시,목요일,강원도 원주시 인동,경상사고,0,0,1,0,차대차 - 기타,안전거리미확보,건조,맑음,교차로 - 교차로안,승용,남,29세,상해없음,이륜,남,27세,경상
2022102700100524,2022년 10월 27일 18시,목요일,강원도 양양군 강현면,경상사고,0,0,1,0,차대차 - 추돌,안전운전불이행,건조,맑음,단일로 - 지하차도(도로)내,승용,남,43세,상해없음,승용,여,56세,경상
2022102700100525,2022년 10월 27일 18시,목요일,강원도 고성군 거진읍,중상사고,0,1,0,0,차대차 - 측면충돌,안전운전불이행,건조,맑음,교차로 - 교차로안,승용,남,40세,상해없음,승용,남,71세,중상
2022102700100573,2022년 10월 27일 19시,목요일,강원도 원주시 판부면,경상사고,0,0,1,0,차대차 - 추돌,안전운전불이행,건조,맑음,교차로 - 교차로부근,승용,남,23세,상해없음,승용,남,29세,경상
2022102700100610,2022년 10월 27일 20시,목요일,강원도 원주시 지정면,경상사고,0,0,1,0,차대차 - 기타,안전운전불이행,건조,맑음,교차로 - 교차로안,승용,여,23세,상해없음,승용,남,43세,경상
2022102700100655,2022년 10월 27일 22시,목요일,강원도 춘천시 동내면,경상사고,0,0,1,0,차대차 - 측면충돌,신호위반,건조,맑음,교차로 - 교차로안,승용,남,52세,기타불명,승용,여,45세,경상
2022102700100674,2022년 10월 27일 23시,목요일,강원도 태백시 장성동,중상사고,0,1,0,0,차대차 - 후진중충돌,안전운전불이행,건조,맑음,단일로 - 기타,특수,남,59세,상해없음,승용,남,25세,상해없음
2022102800100010,2022년 10월 28일 00시,금요일,강원도 태백시 황지동,경상사고,0,0,1,0,차대차 - 측면충돌,중앙선침범,건조,맑음,단일로 - 기타,승용,여,62세,상해없음,승용,남,49세,기타불명
2022102800100156,2022년 10월 28일 09시,금요일,강원도 화천군 하남면,중상사고,0,2,0,0,차대차 - 정면충돌,중앙선침범,건조,맑음,단일로 - 기타,승용,여,38세,중상,승용,남,52세,중상
2022102800100190,2022년 10월 28일 10시,금요일,강원도 원주시 태장동,경상사고,0,0,1,0,차대차 - 추돌,안전운전불이행,건조,맑음,기타 - 기타,승용,여,41세,상해없음,승용,여,56세,경상
2022102800100191,2022년 10월 28일 10시,금요일,강원도 평창군 진부면,중상사고,0,3,0,0,차대차 - 정면충돌,중앙선침범,젖음/습기,비,단일로 - 지하차도(도로)내,승용,남,80세,중상,건설기계,남,65세,중상
2022102800100264,2022년 10월 28일 12시,금요일,강원도 정선군 고한읍,경상사고,0,0,3,0,차대차 - 기타,직진우회전진행방해,건조,맑음,교차로 - 교차로안,승용,남,72세,상해없음,승용,남,41세,경상
2022102800100305,2022년 10월 28일 13시,금요일,강원도 원주시 흥업면,중상사고,0,1,1,0,차대차 - 측면충돌,안전거리미확보,건조,맑음,단일로 - 기타,승용,남,23세,상해없음,승용,남,60세,경상
2022102800100306,2022년 10월 28일 13시,금요일,강원도 태백시 장성동,경상사고,0,0,1,0,차대차 - 측면충돌,교차로운행방법위반,젖음/습기,비,교차로 - 교차로안,승용,남,69세,상해없음,승용,여,56세,경상
2022102800100342,2022년 10월 28일 14시,금요일,강원도 평창군 대관령면,중상사고,0,3,0,0,차대차 - 측면충돌,교차로운행방법위반,건조,흐림,교차로 - 교차로안,승용,남,69세,중상,건설기계,남,58세,상해없음
2022102800100441,2022년 10월 28일 16시,금요일,강원도 춘천시 후평동,경상사고,0,0,1,1,차대차 - 측면충돌,교차로운행방법위반,건조,맑음,교차로 - 교차로안,승용,남,75세,상해없음,승용,남,43세,경상
2022102800100484,2022년 10월 28일 17시,금요일,강원도 강릉시 송정동,경상사고,0,0,1,0,차대차 - 기타,안전운전불이행,건조,흐림,단일로 - 기타,승용,남,42세,상해없음,승용,남,22세,상해없음
2022102800100485,2022년 10월 28일 17시,금요일,강원도 원주시 일산동,중상사고,0,1,0,0,차대차 - 추돌,안전거리미확보,건조,맑음,기타 - 기타,승용,여,52세,기타불명,원동기,남,18세,중상
2022102800100554,2022년 10월 28일 18시,금요일,강원도 춘천시 신동,경상사고,0,0,1,0,차대차 - 기타,안전운전불이행,건조,맑음,교차로 - 교차로안,화물,남,63세,상해없음,승용,남,48세,경상
2022102800100555,2022년 10월 28일 18시,금요일,강원도 원주시 행구동,중상사고,0,1,0,0,차대사람 - 횡단중,보행자보호의무위반,건조,맑음,교차로 - 교차로횡단보도내,승용,남,70세,상해없음,보행자,여,27세,중상
2022102800100556,2022년 10월 28일 18시,금요일,강원도 원주시 지정면,중상사고,0,1,0,0,차대차 - 정면충돌,중앙선침범,건조,흐림,기타 - 기타,승용,남,71세,기타불명,승용,여,44세,중상
2022102800100680,2022년 10월 28일 20시,금요일,강원도 춘천시 퇴계동,경상사고,0,0,1,0,차대사람 - 기타,안전운전불이행,건조,맑음,기타 - 기타,승용,여,42세,상해없음,보행자,남,49세,경상
2022102800100681,2022년 10월 28일 20시,금요일,강원도 원주시 개운동,경상사고,0,0,1,0,차대차 - 후진중충돌,안전운전불이행,건조,맑음,교차로 - 교차로안,승용,남,62세,상해없음,이륜,남,43세,경상
2022102800100719,2022년 10월 28일 21시,금요일,강원도 춘천시 퇴계동,경상사고,0,0,1,0,차대차 - 기타,중앙선침범,건조,맑음,단일로 - 기타,승용,남,51세,상해없음,승용,남,26세,경상
2022102900100085,2022년 10월 29일 08시,토요일,강원도 강릉시 교동,경상사고,0,0,2,0,차대차 - 기타,안전운전불이행,건조,흐림,교차로 - 교차로안,승합,남,19세,상해없음,승용,여,29세,경상
2022102900100104,2022년 10월 29일 09시,토요일,강원도 평창군 대관령면,중상사고,0,1,0,0,차량단독 - 공작물충돌,안전운전불이행,젖음/습기,안개,교차로 - 교차로안,이륜,남,36세,중상,,,,
2022102900100188,2022년 10월 29일 11시,토요일,강원도 춘천시 근화동,부상신고사고,0,0,0,1,차대차 - 기타,안전운전불이행,건조,맑음,교차로 - 교차로부근,승용,남,55세,상해없음,승용,남,40세,상해없음
2022102900100189,2022년 10월 29일 11시,토요일,강원도 강릉시 교동,경상사고,0,0,1,0,차대차 - 추돌,안전운전불이행,건조,맑음,교차로 - 교차로부근,승용,남,64세,상해없음,승용,여,60세,경상
2022102900100190,2022년 10월 29일 11시,토요일,강원도 영월군 영월읍,부상신고사고,0,0,0,2,차대차 - 추돌,안전운전불이행,건조,맑음,단일로 - 교량,이륜,남,21세,상해없음,승용,남,46세,부상신고
2022102900100191,2022년 10월 29일 11시,토요일,강원도 영월군 영월읍,부상신고사고,0,0,0,1,차대사람 - 차도통행중,안전운전불이행,건조,맑음,교차로 - 교차로안,화물,남,61세,상해없음,보행자,여,61세,부상신고
2022102900100192,2022년 10월 29일 11시,토요일,강원도 고성군 토성면,경상사고,0,0,1,0,차대차 - 기타,안전운전불이행,건조,맑음,기타 - 기타,승용,남,68세,상해없음,승용,남,45세,상해없음
2022102900100309,2022년 10월 29일 14시,토요일,강원도 원주시 흥업면,중상사고,0,1,0,0,차대차 - 추돌,안전거리미확보,건조,흐림,교차로 - 교차로부근,승용,남,31세,기타불명,승용,여,60세,중상
2022102900100348,2022년 10월 29일 15시,토요일,강원도 평창군 용평면,경상사고,0,0,5,0,차대차 - 기타,기타,건조,맑음,단일로 - 기타,승용,남,46세,상해없음,화물,남,58세,상해없음
2022102900100383,2022년 10월 29일 16시,토요일,강원도 동해시 묵호진동,경상사고,0,0,1,0,차대사람 - 기타,안전운전불이행,건조,맑음,단일로 - 기타,승용,여,68세,상해없음,보행자,남,50세,경상
2022102900100421,2022년 10월 29일 17시,토요일,강원도 삼척시 도계읍,경상사고,0,0,2,0,차대차 - 측면충돌,직진우회전진행방해,건조,맑음,교차로 - 교차로안,승용,남,42세,상해없음,승용,여,51세,경상
2022102900100460,2022년 10월 29일 18시,토요일,강원도 춘천시 조양동,경상사고,0,0,1,0,차대사람 - 기타,안전운전불이행,건조,맑음,단일로 - 기타,이륜,남,33세,상해없음,보행자,여,55세,경상
2022102900100461,2022년 10월 29일 18시,토요일,강원도 강릉시 교동,경상사고,0,0,4,0,차대차 - 추돌,안전운전불이행,건조,맑음,교차로 - 교차로부근,승용,남,37세,상해없음,승용,남,29세,경상
2022102900100508,2022년 10월 29일 19시,토요일,강원도 춘천시 퇴계동,경상사고,0,0,1,0,차량단독 - 기타,기타,젖음/습기,맑음,기타 - 기타,승용,남,70세,상해없음,,,,
2022102900100509,2022년 10월 29일 19시,토요일,강원도 원주시 문막읍,중상사고,0,1,0,0,차대차 - 측면충돌,안전운전불이행,건조,맑음,단일로 - 기타,승용,남,57세,상해없음,승용,남,64세,상해없음
2022102900100510,2022년 10월 29일 19시,토요일,강원도 원주시 지정면,경상사고,0,0,2,0,차대차 - 측면충돌,차로위반,건조,맑음,교차로 - 교차로부근,승용,남,51세,기타불명,승용,여,38세,경상
2022102900100547,2022년 10월 29일 20시,토요일,강원도 원주시 단계동,경상사고,0,0,3,0,차대차 - 측면충돌,직진우회전진행방해,건조,흐림,교차로 - 교차로안,승용,남,65세,기타불명,이륜,남,24세,상해없음
2022102900100581,2022년 10월 29일 21시,토요일,강원도 춘천시 우두동,중상사고,0,1,0,0,차대차 - 기타,안전운전불이행,건조,맑음,교차로 - 교차로부근,승용,남,40세,상해없음,이륜,남,40세,중상
2022102900100617,2022년 10월 29일 22시,토요일,강원도 홍천군 서면,부상신고사고,0,0,0,1,차대사람 - 차도통행중,안전운전불이행,건조,맑음,교차로 - 교차로안,승용,남,61세,상해없음,보행자,남,46세,부상신고
2022103000100080,2022년 10월 30일 07시,일요일,강원도 속초시 동명동,중상사고,0,1,2,0,차대차 - 추돌,안전운전불이행,건조,맑음,교차로 - 교차로부근,화물,남,68세,상해없음,승용,남,48세,경상
2022103000100096,2022년 10월 30일 08시,일요일,강원도 속초시 교동,중상사고,0,1,0,0,차대사람 - 횡단중,안전운전불이행,건조,맑음,교차로 - 교차로횡단보도내,화물,남,52세,상해없음,보행자,여,80세,중상
2022103000100132,2022년 10월 30일 10시,일요일,강원도 춘천시 퇴계동,경상사고,0,0,1,0,차대차 - 기타,신호위반,건조,맑음,교차로 - 교차로횡단보도내,승용,남,26세,상해없음,자전거,남,61세,경상