사고번호,사고일시,요일,시군구,사고내용,사망자수,중상자수,경상자수,부상신고자수,사고유형,법규위반,노면상태,기상상태,도로형태,가해운전자 차종,가해운전자 성별,가해운전자 연령,가해운전자 상해정도,피해운전자 차종,피해운전자 성별,피해운전자 연령,피해운전자 상해정도
2022103000100133,2022년 10월 30일 10시,일요일,강원도 화천군 화천읍,경상사고,0,0,1,0,차대차 - 측면충돌,중앙선침범,건조,맑음,단일로 - 기타,화물,남,73세,상해없음,승용,여,58세,경상
2022103000100154,2022년 10월 30일 11시,일요일,강원도 양양군 서면,중상사고,0,5,0,0,차대차 - 정면충돌,중앙선침범,건조,맑음,단일로 - 지하차도(도로)내,승용,남,61세,중상,화물,남,58세,중상
2022103000100155,2022년 10월 30일 11시,일요일,강원도 홍천군 서석면,중상사고,0,4,2,0,차대차 - 측면충돌,중앙선침범,건조,맑음,단일로 - 기타,승용,여,60세,상해없음,승용,여,48세,중상
2022103000100181,2022년 10월 30일 12시,일요일,강원도 춘천시 후평동,경상사고,0,0,1,0,차대사람 - 보도통행중,보행자보호의무위반,건조,맑음,교차로 - 교차로횡단보도내,이륜,남,38세,상해없음,보행자,여,87세,경상
2022103000100182,2022년 10월 30일 12시,일요일,강원도 원주시 단계동,경상사고,0,0,3,0,차대차 - 기타,안전운전불이행,건조,맑음,단일로 - 기타,이륜,남,34세,상해없음,승용,여,30세,경상
2022103000100183,2022년 10월 30일 12시,일요일,강원도 동해시 망상동,경상사고,0,0,3,0,차대차 - 추돌,안전거리미확보,건조,맑음,교차로 - 교차로부근,승용,남,77세,상해없음,승용,여,49세,경상
2022103000100220,2022년 10월 30일 13시,일요일,강원도 춘천시 운교동,경상사고,0,0,1,0,차대사람 - 기타,안전운전불이행,건조,맑음,단일로 - 기타,승용,여,60세,상해없음,보행자,남,14세,경상
2022103000100221,2022년 10월 30일 13시,일요일,강원도 강릉시 교동,경상사고,0,0,1,0,차대사람 - 횡단중,신호위반,건조,맑음,기타 - 기타,승용,남,24세,상해없음,보행자,남,88세,경상
2022103000100256,2022년 10월 30일 14시,일요일,강원도 춘천시 효자동,중상사고,0,1,0,0,차대차 - 측면충돌,차로위반,건조,맑음,단일로 - 기타,승용,남,79세,상해없음,이륜,남,48세,중상
2022103000100276,2022년 10월 30일 15시,일요일,강원도 춘천시 후평동,중상사고,0,1,0,0,차대차 - 측면충돌,안전운전불이행,건조,맑음,단일로 - 기타,승용,남,63세,상해없음,이륜,남,62세,중상
2022103000100277,2022년 10월 30일 15시,일요일,강원도 태백시 장성동,경상사고,0,0,1,0,차대차 - 정면충돌,신호위반,건조,맑음,교차로 - 교차로안,승용,남,39세,상해없음,승용,남,29세,경상
2022103000100278,2022년 10월 30일 15시,일요일,강원도 고성군 간성읍,중상사고,0,1,0,0,차대차 - 측면충돌,안전운전불이행,건조,흐림,기타 - 기타,승용,남,42세,상해없음,이륜,남,56세,중상
2022103000100336,2022년 10월 30일 17시,일요일,강원도 홍천군 홍천읍,경상사고,0,0,1,0,차대차 - 측면충돌,안전운전불이행,건조,맑음,주차장 - 주차장,화물,남,60세,상해없음,승용,남,60세,경상
2022103000100367,2022년 10월 30일 18시,일요일,강원도 속초시 청호동,경상사고,0,0,3,0,차대차 - 추돌,안전운전불이행,건조,맑음,단일로 - 기타,승용,남,46세,상해없음,승용,남,38세,경상
2022103000100368,2022년 10월 30일 18시,일요일,강원도 홍천군 서면,경상사고,0,0,1,0,차대차 - 측면충돌,중앙선침범,건조,맑음,단일로 - 기타,화물,남,52세,상해없음,승용,남,57세,경상
2022103000100411,2022년 10월 30일 20시,일요일,강원도 강릉시 주문진읍,중상사고,0,1,0,0,차대사람 - 기타,안전운전불이행,건조,맑음,단일로 - 기타,승용,남,28세,상해없음,보행자,여,69세,중상
2022103000100425,2022년 10월 30일 21시,일요일,강원도 홍천군 화촌면,부상신고사고,0,0,0,2,차대차 - 추돌,안전거리미확보,건조,맑음,단일로 - 기타,승용,남,30세,상해없음,승용,남,19세,부상신고
2022103100100017,2022년 10월 31일 04시,월요일,강원도 원주시 개운동,중상사고,0,1,0,0,차대사람 - 기타,안전운전불이행,건조,맑음,단일로 - 기타,승용,남,58세,상해없음,보행자,남,47세,중상
2022103100100055,2022년 10월 31일 07시,월요일,강원도 춘천시 효자동,부상신고사고,0,0,0,1,차대사람 - 기타,안전운전불이행,건조,맑음,기타 - 기타,개인형이동수단(PM),남,17세,상해없음,보행자,여,58세,부상신고
2022103100100087,2022년 10월 31일 08시,월요일,강원도 원주시 문막읍,경상사고,0,0,2,0,차대차 - 추돌,안전운전불이행,건조,맑음,기타 - 기타,승용,남,48세,상해없음,화물,남,47세,경상
2022103100100133,2022년 10월 31일 09시,월요일,강원도 춘천시 퇴계동,중상사고,0,1,0,0,차대사람 - 횡단중,보행자보호의무위반,건조,맑음,기타 - 기타,승용,남,38세,상해없음,보행자,여,93세,중상
2022103100100191,2022년 10월 31일 11시,월요일,강원도 강릉시 주문진읍,경상사고,0,0,1,0,차대차 - 측면충돌,안전운전불이행,건조,맑음,교차로 - 교차로안,화물,남,73세,상해없음,화물,남,80세,경상
2022103100100192,2022년 10월 31일 11시,월요일,강원도 홍천군 홍천읍,경상사고,0,0,2,0,차대차 - 측면충돌,신호위반,건조,맑음,교차로 - 교차로안,승용,여,53세,경상,승용,여,47세,경상
2022103100100237,2022년 10월 31일 12시,월요일,강원도 원주시 원동,중상사고,0,1,0,0,차대사람 - 횡단중,보행자보호의무위반,건조,맑음,기타 - 기타,승용,여,65세,상해없음,보행자,남,58세,중상
2022103100100238,2022년 10월 31일 12시,월요일,강원도 원주시 반곡동,경상사고,0,0,1,0,차대사람 - 기타,안전운전불이행,건조,맑음,기타 - 기타,승용,남,69세,상해없음,보행자,남,68세,경상
2022103100100341,2022년 10월 31일 15시,월요일,강원도 원주시 명륜동,경상사고,0,0,1,0,차대차 - 측면충돌,교차로운행방법위반,건조,맑음,교차로 - 교차로부근,승용,남,52세,상해없음,승용,남,26세,경상
2022103100100383,2022년 10월 31일 16시,월요일,강원도 강릉시 교동,경상사고,0,0,1,0,차대차 - 측면충돌,안전운전불이행,건조,맑음,단일로 - 기타,건설기계,남,68세,상해없음,승용,여,29세,경상
2022103100100384,2022년 10월 31일 16시,월요일,강원도 원주시 단계동,경상사고,0,0,1,0,차대차 - 추돌,안전운전불이행,건조,맑음,교차로 - 교차로안,화물,남,64세,상해없음,승용,여,30세,경상
2022103100100385,2022년 10월 31일 16시,월요일,강원도 태백시 황지동,경상사고,0,0,2,0,차대차 - 측면충돌,교차로운행방법위반,건조,맑음,교차로 - 교차로안,승용,여,38세,상해없음,이륜,남,78세,경상
2022103100100416,2022년 10월 31일 17시,월요일,강원도 춘천시 석사동,경상사고,0,0,1,0,차대차 - 측면충돌,안전운전불이행,건조,맑음,교차로 - 교차로안,승용,남,60세,상해없음,승용,남,51세,경상
2022103100100576,2022년 10월 31일 21시,월요일,강원도 강릉시 교동,경상사고,0,0,1,0,차대차 - 정면충돌,중앙선침범,건조,맑음,교차로 - 교차로부근,승용,남,63세,상해없음,승용,남,26세,경상
2022110100100036,2022년 11월 1일 04시,화요일,강원도 원주시 학성동,중상사고,0,1,0,0,차량단독 - 전도전복 - 전도,안전운전불이행,건조,맑음,단일로 - 기타,원동기,남,18세,중상,,,,
2022110100100038,2022년 11월 1일 05시,화요일,강원도 삼척시 남양동,경상사고,0,0,2,0,차대차 - 측면충돌,신호위반,건조,맑음,교차로 - 교차로안,승용,남,74세,상해없음,승용,남,61세,경상
2022110100100091,2022년 11월 1일 08시,화요일,강원도 춘천시 석사동,경상사고,0,0,1,1,차대차 - 기타,안전거리미확보,건조,맑음,단일로 - 기타,승용,남,26세,상해없음,승용,여,51세,경상
2022110100100183,2022년 11월 1일 11시,화요일,강원도 화천군 사내면,부상신고사고,0,0,0,2,차대차 - 측면충돌,안전운전불이행,건조,맑음,교차로 - 교차로부근,농기계,남,61세,상해없음,승용,여,26세,부상신고
2022110100100217,2022년 11월 1일 12시,화요일,강원도 춘천시 효자동,경상사고,0,0,2,0,차대차 - 기타,신호위반,건조,맑음,교차로 - 교차로안,승용,남,28세,상해없음,화물,남,75세,경상
2022110100100253,2022년 11월 1일 13시,화요일,강원도 춘천시 후평동,경상사고,0,0,1,0,차대차 - 기타,신호위반,건조,맑음,교차로 - 교차로안,특수,남,63세,상해없음,승용,여,48세,경상
2022110100100254,2022년 11월 1일 13시,화요일,강원도 춘천시 근화동,부상신고사고,0,0,0,1,차대차 - 기타,직진우회전진행방해,건조,맑음,교차로 - 교차로안,승용,여,50세,상해없음,이륜,남,30세,부상신고
2022110100100255,2022년 11월 1일 13시,화요일,강원도 영월군 남면,사망사고,1,2,2,0,차대차 - 정면충돌,신호위반,젖음/습기,맑음,단일로 - 교량,승용,남,83세,사망,화물,남,51세,경상
2022110100100287,2022년 11월 1일 14시,화요일,강원도 홍천군 홍천읍,경상사고,0,0,1,0,차대차 - 측면충돌,안전운전불이행,건조,맑음,단일로 - 기타,승용,여,57세,상해없음,승용,여,64세,경상
2022110100100288,2022년 11월 1일 14시,화요일,강원도 양구군 양구읍,경상사고,0,0,1,0,차대차 - 측면충돌,중앙선침범,건조,맑음,교차로 - 교차로부근,자전거,남,67세,경상,승용,남,62세,상해없음
2022110100100322,2022년 11월 1일 15시,화요일,강원도 속초시 교동,경상사고,0,0,1,0,차대사람 - 보도통행중,기타,건조,맑음,단일로 - 기타,개인형이동수단(PM),남,25세,상해없음,보행자,여,25세,경상
2022110100100366,2022년 11월 1일 16시,화요일,강원도 춘천시 소양로1가,경상사고,0,0,1,0,차량단독 - 공작물충돌,안전운전불이행,건조,맑음,단일로 - 기타,승합,남,53세,기타불명,,,,
2022110100100367,2022년 11월 1일 16시,화요일,강원도 원주시 단구동,경상사고,0,0,2,0,차대차 - 추돌,안전운전불이행,건조,맑음,단일로 - 기타,승용,여,47세,상해없음,승용,여,46세,경상
2022110100100411,2022년 11월 1일 17시,화요일,강원도 원주시 우산동,경상사고,0,0,1,0,차대차 - 추돌,안전운전불이행,건조,맑음,단일로 - 기타,승용,남,54세,상해없음,승용,남,27세,경상
2022110100100465,2022년 11월 1일 18시,화요일,강원도 원주시 흥업면,경상사고,0,0,1,0,차대차 - 기타,안전거리미확보,건조,흐림,기타 - 기타,승용,남,67세,상해없음,승용,남,44세,경상
2022110100100466,2022년 11월 1일 18시,화요일,강원도 원주시 개운동,경상사고,0,0,1,0,차대차 - 기타,안전거리미확보,건조,맑음,교차로 - 교차로부근,이륜,남,27세,상해없음,승용,남,54세,상해없음
2022110100100467,2022년 11월 1일 18시,화요일,강원도 화천군 화천읍,경상사고,0,0,3,0,차대차 - 기타,안전운전불이행,건조,맑음,단일로 - 기타,승용,남,51세,상해없음,승용,남,65세,상해없음
2022110100100468,2022년 11월 1일 18시,화요일,강원도 동해시 망상동,중상사고,0,1,0,0,차대차 - 측면충돌,안전운전불이행,건조,맑음,단일로 - 기타,승용,남,59세,상해없음,승용,남,49세,중상
2022110100100532,2022년 11월 1일 19시,화요일,강원도 삼척시 우지동,경상사고,0,0,1,0,차대사람 - 차도통행중,신호위반,건조,맑음,교차로 - 교차로안,승용,남,28세,상해없음,보행자,남,63세,경상
2022110100100622,2022년 11월 1일 23시,화요일,강원도 원주시 지정면,경상사고,0,0,2,0,차대차 - 측면충돌,안전거리미확보,건조,흐림,기타 - 기타,승용,여,29세,상해없음,승용,남,37세,경상
2022110200100027,2022년 11월 2일 04시,수요일,강원도 춘천시 후평동,중상사고,0,1,0,0,차량단독 - 공작물충돌,안전운전불이행,건조,맑음,교차로 - 교차로안,승합,남,69세,중상,,,,
2022110200100100,2022년 11월 2일 08시,수요일,강원도 춘천시 후평동,경상사고,0,0,2,0,차대차 - 측면충돌,직진우회전진행방해,건조,맑음,교차로 - 교차로안,승용,여,39세,상해없음,승용,남,61세,경상
2022110200100101,2022년 11월 2일 08시,수요일,강원도 강릉시 포남동,경상사고,0,0,1,0,차대차 - 기타,안전운전불이행,건조,맑음,단일로 - 기타,승용,남,53세,상해없음,승용,남,43세,경상
2022110200100102,2022년 11월 2일 08시,수요일,강원도 원주시 반곡동,경상사고,0,0,1,0,차대차 - 측면충돌,신호위반,건조,맑음,교차로 - 교차로안,승용,여,32세,상해없음,승용,여,24세,경상
2022110200100151,2022년 11월 2일 09시,수요일,강원도 원주시 판부면,경상사고,0,0,4,0,차대차 - 추돌,안전운전불이행,건조,맑음,교차로 - 교차로부근,승용,여,42세,상해없음,승용,여,46세,경상
2022110200100152,2022년 11월 2일 09시,수요일,강원도 원주시 평원동,경상사고,0,0,2,0,차대차 - 측면충돌,차로위반,건조,흐림,교차로 - 교차로안,승용,남,66세,상해없음,승용,남,25세,경상
2022110200100153,2022년 11월 2일 09시,수요일,강원도 인제군 남면,중상사고,0,1,1,0,차량단독 - 전도전복 - 전도,안전운전불이행,건조,맑음,단일로 - 기타,승합,남,46세,상해없음,,,,
2022110200100185,2022년 11월 2일 10시,수요일,강원도 강릉시 신석동,경상사고,0,0,1,0,차대사람 - 차도통행중,안전운전불이행,건조,맑음,교차로 - 교차로부근,화물,여,49세,상해없음,보행자,여,78세,경상
2022110200100186,2022년 11월 2일 10시,수요일,강원도 원주시 태장동,경상사고,0,0,1,0,차대차 - 정면충돌,안전운전불이행,건조,맑음,교차로 - 교차로안,승용,남,70세,기타불명,승용,남,69세,기타불명
2022110200100187,2022년 11월 2일 10시,수요일,강원도 속초시 청학동,경상사고,0,0,1,0,차대차 - 측면충돌,교차로운행방법위반,건조,맑음,교차로 - 교차로안,승용,여,19세,상해없음,이륜,남,27세,경상
2022110200100213,2022년 11월 2일 11시,수요일,강원도 속초시 교동,중상사고,0,1,0,0,차대사람 - 횡단중,보행자보호의무위반,건조,맑음,교차로 - 교차로횡단보도내,승용,남,74세,상해없음,보행자,여,55세,중상
2022110200100214,2022년 11월 2일 11시,수요일,강원도 삼척시 성북동,경상사고,0,0,1,0,차대차 - 추돌,안전거리미확보,건조,맑음,교차로 - 교차로안,승용,남,44세,상해없음,승용,남,55세,경상
2022110200100237,2022년 11월 2일 12시,수요일,강원도 강릉시 포남동,중상사고,0,1,0,0,차대사람 - 횡단중,안전운전불이행,건조,맑음,교차로 - 교차로부근,승합,남,54세,상해없음,보행자,여,70세,중상
2022110200100238,2022년 11월 2일 12시,수요일,강원도 원주시 학성동,경상사고,0,0,1,0,차대차 - 측면충돌,교차로운행방법위반,건조,맑음,교차로 - 교차로안,원동기,남,47세,상해없음,승용,여,61세,경상
2022110200100239,2022년 11월 2일 12시,수요일,강원도 원주시 귀래면,경상사고,0,0,2,0,차대차 - 기타,직진우회전진행방해,건조,맑음,교차로 - 교차로안,승용,남,65세,경상,승용,남,46세,경상
2022110200100263,2022년 11월 2일 13시,수요일,강원도 강릉시 입암동,중상사고,0,1,0,0,차대사람 - 차도통행중,안전운전불이행,건조,맑음,교차로 - 교차로부근,승용,여,58세,상해없음,보행자,남,56세,중상
2022110200100298,2022년 11월 2일 14시,수요일,강원도 춘천시 서면,중상사고,0,2,2,1,차대차 - 기타,안전운전불이행,건조,맑음,단일로 - 기타,승합,남,59세,상해없음,승용,여,42세,경상
2022110200100332,2022년 11월 2일 15시,수요일,강원도 춘천시 사북면,경상사고,0,0,1,3,차량단독 - 공작물충돌,안전운전불이행,건조,맑음,단일로 - 기타,승용,여,34세,부상신고,,,,
2022110200100333,2022년 11월 2일 15시,수요일,강원도 강릉시 교동,경상사고,0,0,1,0,차대차 - 측면충돌,안전운전불이행,건조,맑음,교차로 - 교차로부근,승용,여,39세,기타불명,승용,여,40세,경상
2022110200100377,2022년 11월 2일 16시,수요일,강원도 춘천시 동면,경상사고,0,0,1,0,차대차 - 추돌,안전거리미확보,건조,맑음,단일로 - 기타,화물,남,28세,상해없음,화물,남,84세,경상
2022110200100463,2022년 11월 2일 18시,수요일,강원도 속초시 교동,중상사고,0,1,0,0,차대사람 - 길가장자리구역통행중,안전운전불이행,건조,맑음,단일로 - 기타,화물,남,69세,상해없음,보행자,여,80세,중상
2022110200100464,2022년 11월 2일 18시,수요일,강원도 화천군 화천읍,경상사고,0,0,3,0,차대차 - 측면충돌,교차로운행방법위반,건조,맑음,교차로 - 교차로안,승용,여,61세,경상,이륜,남,17세,경상
2022110200100530,2022년 11월 2일 19시,수요일,강원도 강릉시 교동,중상사고,0,1,0,0,차대차 - 측면충돌,안전운전불이행,건조,맑음,교차로 - 교차로안,승용,남,64세,상해없음,이륜,남,18세,중상
2022110200100578,2022년 11월 2일 21시,수요일,강원도 춘천시 효자동,부상신고사고,0,0,0,2,차대차 - 추돌,안전거리미확보,건조,맑음,교차로 - 교차로부근,승용,여,29세,상해없음,승용,여,42세,부상신고
2022110300100045,2022년 11월 3일 06시,목요일,강원도 삼척시 사직동,중상사고,0,1,0,0,차대사람 - 기타,안전운전불이행,건조,맑음,기타 - 기타,승용,남,55세,상해없음,보행자,남,31세,중상
2022110300100130,2022년 11월 3일 09시,목요일,강원도 강릉시 강동면,부상신고사고,0,0,0,1,차대차 - 추돌,안전운전불이행,건조,맑음,단일로 - 터널,승용,남,39세,상해없음,화물,남,42세,부상신고
2022110300100190,2022년 11월 3일 11시,목요일,강원도 춘천시 효자동,중상사고,0,1,0,0,차대차 - 측면충돌,신호위반,건조,맑음,교차로 - 교차로안,승용,여,35세,상해없음,화물,남,64세,중상
2022110300100225,2022년 11월 3일 12시,목요일,강원도 삼척시 근덕면,경상사고,0,0,1,0,차대사람 - 기타,안전운전불이행,건조,맑음,단일로 - 기타,승용,남,74세,상해없음,보행자,여,41세,경상
2022110300100226,2022년 11월 3일 12시,목요일,강원도 고성군 토성면,경상사고,0,0,1,0,차대차 - 측면충돌,안전운전불이행,건조,맑음,주차장 - 주차장,승용,남,57세,상해없음,화물,남,73세,경상
2022110300100251,2022년 11월 3일 13시,목요일,강원도 춘천시 효자동,경상사고,0,0,1,0,차대차 - 측면충돌,안전운전불이행,건조,맑음,단일로 - 기타,승합,남,41세,상해없음,승용,남,68세,경상
2022110300100252,2022년 11월 3일 13시,목요일,강원도 강릉시 안현동,중상사고,0,1,0,0,차대차 - 기타,안전운전불이행,건조,맑음,교차로 - 교차로안,승용,여,58세,상해없음,이륜,남,19세,중상
2022110300100281,2022년 11월 3일 14시,목요일,강원도 강릉시 내곡동,경상사고,0,0,1,0,차대차 - 기타,안전운전불이행,건조,맑음,기타 - 기타,화물,남,40세,상해없음,승용,남,47세,경상
2022110300100282,2022년 11월 3일 14시,목요일,강원도 원주시 학성동,중상사고,0,1,0,0,차대차 - 측면충돌,직진우회전진행방해,건조,맑음,교차로 - 교차로안,화물,남,67세,상해없음,자전거,여,68세,중상
2022110300100283,2022년 11월 3일 14시,목요일,강원도 원주시 단구동,경상사고,0,0,2,0,차대차 - 정면충돌,안전운전불이행,건조,맑음,교차로 - 교차로안,승합,남,61세,상해없음,이륜,남,72세,경상
2022110300100318,2022년 11월 3일 15시,목요일,강원도 원주시 단계동,중상사고,0,1,0,0,차대차 - 측면충돌,신호위반,건조,맑음,교차로 - 교차로안,승용,여,29세,상해없음,승용,여,57세,중상
2022110300100319,2022년 11월 3일 15시,목요일,강원도 삼척시 남양동,경상사고,0,0,2,0,차대차 - 기타,안전운전불이행,기타,맑음,교차로 - 교차로부근,승용,남,52세,상해없음,승용,남,36세,경상
2022110300100351,2022년 11월 3일 16시,목요일,강원도 속초시 조양동,중상사고,0,1,0,0,차대사람 - 보도통행중,기타,건조,맑음,단일로 - 기타,개인형이동수단(PM),여,14세,상해없음,보행자,여,67세,중상
2022110300100388,2022년 11월 3일 17시,목요일,강원도 춘천시 약사동,경상사고,0,0,2,0,차대차 - 측면충돌,차로위반,건조,맑음,단일로 - 기타,승용,남,65세,상해없음,승용,여,41세,경상
2022110300100389,2022년 11월 3일 17시,목요일,강원도 동해시 효가동,경상사고,0,0,2,0,차대차 - 추돌,안전거리미확보,건조,맑음,교차로 - 교차로부근,승용,여,56세,상해없음,승용,여,30세,경상
2022110300100429,2022년 11월 3일 18시,목요일,강원도 홍천군 홍천읍,경상사고,0,0,1,0,차대차 - 측면충돌,신호위반,건조,맑음,교차로 - 교차로안,승용,여,59세,상해없음,승용,남,51세,상해없음
2022110300100430,2022년 11월 3일 18시,목요일,강원도 태백시 소도동,경상사고,0,0,2,0,차대차 - 측면충돌,신호위반,건조,맑음,교차로 - 교차로안,승합,여,62세,상해없음,승용,남,60세,경상
2022110300100485,2022년 11월 3일 19시,목요일,강원도 춘천시 퇴계동,경상사고,0,0,2,0,차대차 - 추돌,안전운전불이행,건조,맑음,교차로 - 교차로부근,승용,남,43세,상해없음,승용,남,68세,경상
2022110300100486,2022년 11월 3일 19시,목요일,강원도 정선군 사북읍,경상사고,0,0,1,0,차대차 - 후진중충돌,안전운전불이행,건조,맑음,교차로 - 교차로안,승용,남,61세,상해없음,승용,남,68세,경상
2022110300100537,2022년 11월 3일 21시,목요일,강원도 춘천시 퇴계동,사망사고,1,0,1,0,차대차 - 측면충돌,신호위반,건조,맑음,교차로 - 교차로안,이륜,남,24세,사망,승용,여,39세,경상
2022110400100028,2022년 11월 4일 04시,금요일,강원도 삼척시 정상동,경상사고,0,0,1,0,차대차 - 측면충돌,신호위반,건조,맑음,교차로 - 교차로안,특수,남,59세,상해없음,승용,여,45세,경상
2022110400100045,2022년 11월 4일 06시,금요일,강원도 강릉시 포남동,경상사고,0,0,1,0,차대차 - 추돌,안전운전불이행,건조,맑음,교차로 - 교차로안,승용,남,39세,상해없음,승용,남,28세,경상
2022110400100101,2022년 11월 4일 08시,금요일,강원도 춘천시 퇴계동,부상신고사고,0,0,0,1,차대차 - 측면충돌,안전거리미확보,건조,맑음,교차로 - 교차로부근,승용,여,59세,상해없음,승용,여,25세,부상신고
2022110400100161,2022년 11월 4일 09시,금요일,강원도 춘천시 교동,경상사고,0,0,1,0,차대사람 - 횡단중,보행자보호의무위반,건조,맑음,교차로 - 교차로부근,승용,남,79세,기타불명,보행자,여,23세,경상
2022110400100198,2022년 11월 4일 10시,금요일,강원도 홍천군 홍천읍,경상사고,0,0,2,0,차대차 - 측면충돌,직진우회전진행방해,건조,맑음,교차로 - 교차로안,승용,남,63세,경상,승용,남,26세,경상
2022110400100199,2022년 11월 4일 10시,금요일,강원도 동해시 발한동,경상사고,0,0,3,0,차대차 - 기타,안전운전불이행,건조,맑음,단일로 - 기타,승용,남,30세,경상,승용,여,63세,경상
2022110400100235,2022년 11월 4일 11시,금요일,강원도 강릉시 노암동,경상사고,0,0,1,0,차대사람 - 횡단중,보행자보호의무위반,건조,맑음,교차로 - 교차로횡단보도내,이륜,여,26세,상해없음,보행자,여,74세,경상
2022110400100236,2022년 11월 4일 11시,금요일,강원도 강릉시 용강동,중상사고,0,1,0,0,차대사람 - 횡단중,보행자보호의무위반,건조,맑음,교차로 - 교차로부근,화물,남,66세,상해없음,보행자,여,74세,중상
2022110400100237,2022년 11월 4일 11시,금요일,강원도 삼척시 근덕면,경상사고,0,0,1,0,차대차 - 측면충돌,안전운전불이행,기타,맑음,단일로 - 기타,화물,여,67세,상해없음,승용,여,60세,경상
2022110400100238,2022년 11월 4일 11시,금요일,강원도 영월군 영월읍,중상사고,0,1,1,0,차대차 - 추돌,안전운전불이행,건조,맑음,단일로 - 기타,화물,남,53세,경상,화물,여,58세,중상
2022110400100239,2022년 11월 4일 11시,금요일,강원도 평창군 평창읍,중상사고,0,3,0,0,차대차 - 측면충돌,교차로운행방법위반,건조,맑음,교차로 - 교차로안,승용,여,72세,중상,화물,남,63세,중상
2022110400100276,2022년 11월 4일 12시,금요일,강원도 춘천시 신북읍,경상사고,0,0,1,0,차량단독 - 기타,안전운전불이행,건조,맑음,단일로 - 기타,승합,남,60세,상해없음,,,,
2022110400100277,2022년 11월 4일 12시,금요일,강원도 강릉시 강동면,경상사고,0,0,4,0,차대차 - 추돌,기타,건조,맑음,단일로 - 기타,화물,남,51세,상해없음,화물,남,28세,상해없음
2022110400100356,2022년 11월 4일 14시,금요일,강원도 정선군 임계면,경상사고,0,0,1,0,차대차 - 기타,직진우회전진행방해,건조,맑음,교차로 - 교차로안,승용,여,64세,상해없음,이륜,남,74세,경상
2022110400100568,2022년 11월 4일 18시,금요일,강원도 춘천시 조양동,부상신고사고,0,0,0,1,차대차 - 기타,교차로운행방법위반,건조,맑음,교차로 - 교차로안,승용,여,62세,상해없음,이륜,남,43세,부상신고
2022110400100569,2022년 11월 4일 18시,금요일,강원도 춘천시 동면,경상사고,0,0,1,0,차대차 - 측면충돌,교차로운행방법위반,건조,맑음,교차로 - 교차로안,승용,남,58세,상해없음,승용,남,29세,경상
2022110400100570,2022년 11월 4일 18시,금요일,강원도 원주시 단계동,경상사고,0,0,2,1,차대차 - 정면충돌,신호위반,건조,맑음,교차로 - 교차로안,승용,남,66세,부상신고,승용,남,35세,경상
2022110400100572,2022년 11월 4일 18시,금요일,강원도 속초시 청호동,경상사고,0,0,5,0,차대차 - 측면충돌,교차로운행방법위반,건조,맑음,교차로 - 교차로안,승용,여,53세,상해없음,승용,남,33세,경상
2022110400100573,2022년 11월 4일 18시,금요일,강원도 삼척시 남양동,중상사고,0,1,0,0,차대차 - 기타,안전운전불이행,기타,맑음,교차로 - 교차로안,승용,남,66세,상해없음,자전거,남,69세,중상
2022110400100574,2022년 11월 4일 18시,금요일,강원도 태백시 황지동,경상사고,0,0,1,0,차대차 - 측면충돌,교차로운행방법위반,건조,맑음,교차로 - 교차로안,승용,남,65세,상해없음,승용,여,30세,경상
2022110400100636,2022년 11월 4일 19시,금요일,강원도 강릉시 교동,중상사고,0,1,0,0,차대사람 - 횡단중,보행자보호의무위반,건조,맑음,기타 - 기타,승용,남,46세,상해없음,보행자,여,77세,중상
2022110400100679,2022년 11월 4일 20시,금요일,강원도 원주시 단계동,중상사고,0,1,0,0,차대차 - 측면충돌,직진우회전진행방해,건조,맑음,교차로 - 교차로안,승용,남,66세,상해없음,이륜,남,26세,중상
2022110400100738,2022년 11월 4일 22시,금요일,강원도 속초시 교동,중상사고,0,1,1,0,차대차 - 측면충돌,안전운전불이행,건조,맑음,교차로 - 교차로부근,승용,남,55세,상해없음,승용,남,47세,상해없음
2022110500100062,2022년 11월 5일 07시,토요일,강원도 춘천시 동산면,경상사고,0,0,2,0,차대차 - 측면충돌,안전운전불이행,기타,기타,단일로 - 터널,승용,남,57세,상해없음,승합,남,30세,경상
2022110500100081,2022년 11월 5일 08시,토요일,강원도 태백시 통동,중상사고,0,1,0,0,차대사람 - 기타,안전운전불이행,건조,맑음,주차장 - 주차장,화물,남,61세,상해없음,보행자,남,62세,중상
2022110500100082,2022년 11월 5일 08시,토요일,강원도 동해시 평릉동,경상사고,0,0,1,0,차대사람 - 횡단중,신호위반,건조,맑음,교차로 - 교차로횡단보도내,건설기계,남,62세,상해없음,보행자,여,68세,경상
2022110500100107,2022년 11월 5일 09시,토요일,강원도 횡성군 공근면,중상사고,0,1,0,0,차대차 - 추돌,안전운전불이행,건조,맑음,교차로 - 교차로부근,승용,남,59세,상해없음,승용,남,53세,중상
2022110500100141,2022년 11월 5일 10시,토요일,강원도 원주시 관설동,경상사고,0,0,1,0,차대차 - 측면충돌,안전운전불이행,건조,맑음,교차로 - 교차로안,승용,여,40세,상해없음,승용,남,26세,경상