사고번호,사고일시,요일,시군구,사고내용,사망자수,중상자수,경상자수,부상신고자수,사고유형,법규위반,노면상태,기상상태,도로형태,가해운전자 차종,가해운전자 성별,가해운전자 연령,가해운전자 상해정도,피해운전자 차종,피해운전자 성별,피해운전자 연령,피해운전자 상해정도
2022111800100666,2022년 11월 18일 22시,금요일,강원도 강릉시 교동,경상사고,0,0,1,0,차대차 - 정면충돌,신호위반,건조,맑음,교차로 - 교차로안,승용,남,57세,상해없음,이륜,남,25세,경상
2022111800100685,2022년 11월 18일 23시,금요일,강원도 춘천시 후평동,경상사고,0,0,1,0,차대차 - 측면충돌,신호위반,건조,맑음,교차로 - 교차로안,승용,여,33세,상해없음,승용,남,41세,경상
2022111900100043,2022년 11월 19일 03시,토요일,강원도 속초시 교동,중상사고,0,1,0,0,차대사람 - 횡단중,안전운전불이행,건조,맑음,단일로 - 기타,승용,남,22세,기타불명,보행자,남,43세,중상
2022111900100061,2022년 11월 19일 05시,토요일,강원도 동해시 효가동,중상사고,0,1,0,0,차대차 - 측면충돌,신호위반,건조,맑음,교차로 - 교차로안,승용,남,50세,상해없음,승용,남,24세,중상
2022111900100091,2022년 11월 19일 08시,토요일,강원도 원주시 평원동,경상사고,0,0,2,0,차대차 - 측면충돌,안전거리미확보,건조,맑음,단일로 - 기타,화물,남,64세,상해없음,승용,남,67세,경상
2022111900100108,2022년 11월 19일 09시,토요일,강원도 정선군 고한읍,중상사고,0,1,0,0,차량단독 - 공작물충돌,안전운전불이행,건조,맑음,단일로 - 기타,승용,여,73세,중상,,,,
2022111900100138,2022년 11월 19일 10시,토요일,강원도 원주시 태장동,경상사고,0,0,1,0,차대차 - 추돌,안전운전불이행,건조,맑음,교차로 - 교차로부근,승용,남,62세,기타불명,승용,여,51세,경상
2022111900100139,2022년 11월 19일 10시,토요일,강원도 원주시 봉산동,중상사고,0,1,0,0,차대차 - 추돌,중앙선침범,건조,맑음,단일로 - 기타,건설기계,남,60세,상해없음,승용,여,56세,중상
2022111900100171,2022년 11월 19일 11시,토요일,강원도 강릉시 강문동,중상사고,0,2,0,0,차대사람 - 기타,안전운전불이행,건조,맑음,기타 - 기타,승합,남,62세,상해없음,보행자,여,65세,중상
2022111900100172,2022년 11월 19일 11시,토요일,강원도 원주시 단계동,경상사고,0,0,1,0,차대차 - 측면충돌,안전운전불이행,건조,맑음,교차로 - 교차로부근,승용,남,70세,상해없음,승용,남,24세,경상
2022111900100173,2022년 11월 19일 11시,토요일,강원도 정선군 사북읍,경상사고,0,0,2,0,차대차 - 기타,직진우회전진행방해,건조,맑음,교차로 - 교차로안,승용,여,45세,상해없음,승용,남,55세,경상
2022111900100202,2022년 11월 19일 12시,토요일,강원도 태백시 황지동,중상사고,0,1,0,0,차대사람 - 횡단중,보행자보호의무위반,건조,맑음,교차로 - 교차로안,화물,남,61세,상해없음,보행자,여,68세,중상
2022111900100280,2022년 11월 19일 14시,토요일,강원도 원주시 단계동,경상사고,0,0,1,0,차대사람 - 차도통행중,안전운전불이행,건조,맑음,단일로 - 기타,승용,여,58세,상해없음,보행자,여,24세,경상
2022111900100315,2022년 11월 19일 15시,토요일,강원도 춘천시 신동,경상사고,0,0,1,1,차대차 - 측면충돌,안전운전불이행,건조,맑음,단일로 - 기타,화물,남,72세,상해없음,승용,남,26세,경상
2022111900100316,2022년 11월 19일 15시,토요일,강원도 태백시 황지동,경상사고,0,0,1,0,차대차 - 측면충돌,교차로운행방법위반,건조,맑음,교차로 - 교차로안,화물,남,68세,상해없음,승용,남,64세,상해없음
2022111900100344,2022년 11월 19일 16시,토요일,강원도 춘천시 퇴계동,경상사고,0,0,1,0,차대차 - 기타,안전운전불이행,건조,맑음,교차로 - 교차로부근,승용,남,67세,상해없음,승용,남,28세,경상
2022111900100390,2022년 11월 19일 17시,토요일,강원도 춘천시 동내면,사망사고,1,0,0,0,차대차 - 정면충돌,중앙선침범,건조,맑음,단일로 - 기타,이륜,여,19세,사망,승용,남,40세,상해없음
2022111900100493,2022년 11월 19일 19시,토요일,강원도 속초시 조양동,경상사고,0,0,1,0,차대차 - 추돌,안전운전불이행,건조,맑음,단일로 - 기타,승용,남,60세,상해없음,승용,남,28세,경상
2022111900100522,2022년 11월 19일 20시,토요일,강원도 횡성군 횡성읍,사망사고,1,0,0,0,차대차 - 정면충돌,중앙선침범,건조,맑음,단일로 - 기타,승용,남,28세,상해없음,승용,여,60세,사망
2022111900100523,2022년 11월 19일 20시,토요일,강원도 횡성군 공근면,중상사고,0,1,1,0,차대차 - 측면충돌,안전운전불이행,건조,맑음,교차로 - 교차로안,승용,남,60세,중상,승용,남,27세,상해없음
2022112000100031,2022년 11월 20일 03시,일요일,강원도 춘천시 동내면,중상사고,0,1,0,0,차대사람 - 기타,안전운전불이행,건조,맑음,단일로 - 기타,화물,남,22세,상해없음,보행자,남,35세,중상
2022112000100039,2022년 11월 20일 04시,일요일,강원도 원주시 개운동,경상사고,0,0,1,0,차대차 - 기타,신호위반,건조,맑음,교차로 - 교차로안,승용,여,60세,상해없음,승용,남,58세,경상
2022112000100061,2022년 11월 20일 08시,일요일,강원도 춘천시 동내면,부상신고사고,0,0,0,2,차대차 - 기타,차로위반,건조,맑음,단일로 - 기타,건설기계,남,53세,상해없음,승용,여,53세,부상신고
2022112000100071,2022년 11월 20일 09시,일요일,강원도 원주시 문막읍,경상사고,0,0,2,0,차대차 - 측면충돌,중앙선침범,건조,맑음,교차로 - 교차로부근,승용,여,65세,상해없음,승합,남,61세,경상
2022112000100094,2022년 11월 20일 10시,일요일,강원도 강릉시 교동,사망사고,1,0,0,0,차대사람 - 기타,안전운전불이행,건조,맑음,주차장 - 주차장,승용,남,58세,상해없음,보행자,여,56세,사망
2022112000100095,2022년 11월 20일 10시,일요일,강원도 횡성군 우천면,경상사고,0,0,1,0,차대차 - 측면충돌,신호위반,건조,맑음,단일로 - 기타,승용,남,63세,상해없음,이륜,남,59세,경상
2022112000100112,2022년 11월 20일 11시,일요일,강원도 원주시 개운동,경상사고,0,0,1,0,차대차 - 기타,교차로운행방법위반,건조,맑음,단일로 - 기타,승용,남,66세,상해없음,이륜,남,40세,경상
2022112000100141,2022년 11월 20일 12시,일요일,강원도 양구군 양구읍,중상사고,0,1,0,0,차대차 - 측면충돌,안전운전불이행,건조,맑음,단일로 - 기타,화물,남,50세,기타불명,승용,여,22세,중상
2022112000100205,2022년 11월 20일 14시,일요일,강원도 양양군 현남면,경상사고,0,0,2,0,차대차 - 측면충돌,안전거리미확보,건조,맑음,단일로 - 기타,이륜,여,45세,상해없음,승용,남,31세,경상
2022112000100234,2022년 11월 20일 15시,일요일,강원도 평창군 미탄면,경상사고,0,0,1,1,차대차 - 측면충돌,직진우회전진행방해,건조,맑음,교차로 - 교차로안,이륜,남,78세,부상신고,승용,남,33세,경상
2022112000100235,2022년 11월 20일 15시,일요일,강원도 횡성군 횡성읍,경상사고,0,0,1,1,차대차 - 정면충돌,중앙선침범,건조,맑음,단일로 - 기타,이륜,남,37세,상해없음,승용,남,50세,부상신고
2022112000100259,2022년 11월 20일 16시,일요일,강원도 원주시 문막읍,경상사고,0,0,1,0,차대차 - 측면충돌,중앙선침범,건조,맑음,단일로 - 기타,화물,남,59세,상해없음,승용,남,65세,경상
2022112000100260,2022년 11월 20일 16시,일요일,강원도 속초시 조양동,경상사고,0,0,1,0,차대차 - 측면충돌,교차로운행방법위반,건조,맑음,교차로 - 교차로횡단보도내,승합,남,56세,상해없음,자전거,남,11세,경상
2022112000100368,2022년 11월 20일 19시,일요일,강원도 고성군 죽왕면,경상사고,0,0,2,0,차대차 - 측면충돌,안전거리미확보,건조,흐림,단일로 - 기타,승용,남,52세,상해없음,승용,남,44세,경상
2022112100100004,2022년 11월 21일 00시,월요일,강원도 춘천시 효자동,경상사고,0,0,2,1,차대차 - 기타,안전운전불이행,건조,맑음,단일로 - 기타,승용,남,31세,기타불명,승용,여,24세,경상
2022112100100091,2022년 11월 21일 08시,월요일,강원도 춘천시 근화동,경상사고,0,0,1,0,차대차 - 기타,교차로운행방법위반,건조,맑음,교차로 - 교차로안,승합,남,50세,상해없음,승용,여,30세,경상
2022112100100092,2022년 11월 21일 08시,월요일,강원도 원주시 일산동,경상사고,0,0,1,0,차대차 - 측면충돌,교차로운행방법위반,건조,맑음,교차로 - 교차로안,승용,남,75세,상해없음,승용,여,54세,경상
2022112100100093,2022년 11월 21일 08시,월요일,강원도 원주시 단구동,경상사고,0,0,1,0,차대차 - 후진중충돌,안전운전불이행,건조,맑음,단일로 - 기타,화물,남,49세,상해없음,승용,여,26세,경상
2022112100100094,2022년 11월 21일 08시,월요일,강원도 동해시 동회동,경상사고,0,0,3,0,차대차 - 추돌,안전거리미확보,건조,맑음,교차로 - 교차로부근,승용,남,54세,상해없음,승용,여,48세,경상
2022112100100095,2022년 11월 21일 08시,월요일,강원도 강릉시 옥계면,경상사고,0,0,1,0,차대차 - 측면충돌,안전운전불이행,건조,맑음,단일로 - 기타,승용,여,69세,상해없음,화물,남,47세,경상
2022112100100135,2022년 11월 21일 09시,월요일,강원도 홍천군 홍천읍,사망사고,1,0,0,0,차대사람 - 기타,안전운전불이행,건조,맑음,교차로 - 교차로안,승용,여,45세,상해없음,보행자,여,85세,사망
2022112100100196,2022년 11월 21일 11시,월요일,강원도 강릉시 노암동,사망사고,1,0,0,0,차대차 - 측면충돌,안전운전불이행,건조,맑음,교차로 - 교차로횡단보도내,승용,여,69세,상해없음,자전거,남,77세,사망
2022112100100197,2022년 11월 21일 11시,월요일,강원도 속초시 동명동,중상사고,0,1,0,0,차대사람 - 길가장자리구역통행중,안전운전불이행,건조,맑음,단일로 - 기타,승용,여,55세,상해없음,보행자,여,51세,중상
2022112100100240,2022년 11월 21일 12시,월요일,강원도 춘천시 근화동,경상사고,0,0,3,3,차대차 - 측면충돌,차로위반,건조,맑음,단일로 - 기타,승용,남,53세,부상신고,승합,남,27세,경상
2022112100100241,2022년 11월 21일 12시,월요일,강원도 강릉시 죽헌동,경상사고,0,0,1,0,차대차 - 측면충돌,안전운전불이행,건조,맑음,교차로 - 교차로안,화물,남,27세,상해없음,승용,여,58세,경상
2022112100100305,2022년 11월 21일 15시,월요일,강원도 삼척시 도계읍,중상사고,0,1,0,0,차량단독 - 공작물충돌,안전운전불이행,건조,맑음,단일로 - 지하차도(도로)내,승용,여,28세,중상,,,,
2022112100100388,2022년 11월 21일 17시,월요일,강원도 춘천시 중앙로2가,부상신고사고,0,0,0,1,차대차 - 기타,안전운전불이행,건조,맑음,교차로 - 교차로안,승용,남,32세,상해없음,승합,남,62세,상해없음
2022112100100389,2022년 11월 21일 17시,월요일,강원도 강릉시 노암동,경상사고,0,0,1,0,차대차 - 추돌,안전운전불이행,건조,맑음,교차로 - 교차로안,승용,남,67세,상해없음,승용,남,35세,경상
2022112200100031,2022년 11월 22일 05시,화요일,강원도 삼척시 당저동,중상사고,0,1,0,0,차대차 - 측면충돌,안전운전불이행,건조,맑음,교차로 - 교차로안,승용,남,63세,상해없음,자전거,남,68세,중상
2022112200100062,2022년 11월 22일 07시,화요일,강원도 양구군 양구읍,경상사고,0,0,2,0,차대차 - 추돌,안전운전불이행,건조,맑음,단일로 - 기타,화물,남,55세,기타불명,승용,여,29세,경상
2022112200100096,2022년 11월 22일 08시,화요일,강원도 태백시 철암동,경상사고,0,0,1,0,차대차 - 측면충돌,교차로운행방법위반,건조,맑음,교차로 - 교차로안,승용,여,54세,상해없음,승용,남,77세,경상
2022112200100128,2022년 11월 22일 09시,화요일,강원도 강릉시 교동,경상사고,0,0,2,0,차대차 - 측면충돌,안전운전불이행,건조,맑음,교차로 - 교차로안,승용,남,50세,상해없음,승용,남,32세,경상
2022112200100183,2022년 11월 22일 11시,화요일,강원도 춘천시 신북읍,경상사고,0,0,2,0,차대차 - 추돌,안전운전불이행,건조,맑음,교차로 - 교차로부근,화물,남,51세,상해없음,승용,여,46세,경상
2022112200100184,2022년 11월 22일 11시,화요일,강원도 춘천시 효자동,경상사고,0,0,1,0,차대차 - 측면충돌,안전거리미확보,건조,맑음,단일로 - 기타,승용,여,55세,상해없음,이륜,남,47세,경상
2022112200100207,2022년 11월 22일 12시,화요일,강원도 태백시 황지동,경상사고,0,0,2,0,차대차 - 기타,교차로운행방법위반,건조,맑음,교차로 - 교차로안,승용,남,63세,상해없음,승용,여,50세,경상
2022112200100229,2022년 11월 22일 13시,화요일,강원도 강릉시 연곡면,중상사고,0,1,1,0,차대차 - 추돌,안전운전불이행,건조,맑음,단일로 - 기타,화물,남,34세,상해없음,승용,남,19세,경상
2022112200100296,2022년 11월 22일 15시,화요일,강원도 강릉시 죽헌동,중상사고,0,1,6,0,차대차 - 추돌,안전운전불이행,건조,맑음,단일로 - 기타,승합,남,70세,상해없음,승용,여,66세,중상
2022112200100297,2022년 11월 22일 15시,화요일,강원도 고성군 현내면,경상사고,0,0,1,0,차대사람 - 길가장자리구역통행중,안전운전불이행,건조,맑음,교차로 - 교차로부근,승용,남,55세,상해없음,보행자,여,81세,경상
2022112200100316,2022년 11월 22일 16시,화요일,강원도 평창군 용평면,경상사고,0,0,2,0,차량단독 - 공작물충돌,안전운전불이행,건조,맑음,단일로 - 지하차도(도로)내,승용,여,61세,상해없음,,,,
2022112200100367,2022년 11월 22일 17시,화요일,강원도 춘천시 후평동,경상사고,0,0,1,0,차대사람 - 기타,안전운전불이행,건조,맑음,단일로 - 기타,승용,여,59세,상해없음,보행자,남,41세,경상
2022112200100368,2022년 11월 22일 17시,화요일,강원도 삼척시 당저동,사망사고,1,0,0,0,차대사람 - 횡단중,안전운전불이행,젖음/습기,비,교차로 - 교차로부근,승용,남,45세,상해없음,보행자,남,84세,사망
2022112200100369,2022년 11월 22일 17시,화요일,강원도 태백시 철암동,중상사고,0,1,1,0,차대차 - 정면충돌,안전운전불이행,젖음/습기,비,교차로 - 교차로안,승용,여,65세,상해없음,승합,남,45세,중상
2022112200100494,2022년 11월 22일 19시,화요일,강원도 원주시 지정면,경상사고,0,0,2,0,차대차 - 추돌,안전거리미확보,건조,맑음,교차로 - 교차로안,승용,여,31세,상해없음,승용,여,46세,경상
2022112200100570,2022년 11월 22일 21시,화요일,강원도 동해시 천곡동,중상사고,0,3,2,0,차대차 - 정면충돌,안전운전불이행,젖음/습기,비,교차로 - 교차로안,승용,남,26세,상해없음,승용,남,58세,경상
2022112200100603,2022년 11월 22일 22시,화요일,강원도 삼척시 교동,경상사고,0,0,1,0,차대사람 - 차도통행중,안전운전불이행,젖음/습기,비,단일로 - 기타,승용,남,27세,상해없음,보행자,남,49세,경상
2022112300100033,2022년 11월 23일 06시,수요일,강원도 춘천시 후평동,중상사고,0,1,0,0,차대사람 - 횡단중,보행자보호의무위반,젖음/습기,비,교차로 - 교차로횡단보도내,승용,남,51세,상해없음,보행자,여,20세,중상
2022112300100057,2022년 11월 23일 07시,수요일,강원도 태백시 하사미동,경상사고,0,0,1,0,차대차 - 측면충돌,중앙선침범,건조,맑음,단일로 - 기타,승용,남,52세,상해없음,화물,남,48세,경상
2022112300100088,2022년 11월 23일 08시,수요일,강원도 철원군 김화읍,중상사고,0,1,0,0,차대사람 - 차도통행중,안전운전불이행,건조,맑음,단일로 - 기타,화물,여,74세,상해없음,보행자,여,88세,중상
2022112300100108,2022년 11월 23일 09시,수요일,강원도 춘천시 동내면,부상신고사고,0,0,0,1,차대사람 - 기타,안전운전불이행,건조,맑음,교차로 - 교차로부근,승용,남,75세,상해없음,보행자,여,44세,부상신고
2022112300100144,2022년 11월 23일 10시,수요일,강원도 속초시 청학동,중상사고,0,1,1,0,차대차 - 정면충돌,중앙선침범,건조,맑음,단일로 - 지하차도(도로)내,승용,남,79세,상해없음,화물,남,59세,경상
2022112300100145,2022년 11월 23일 10시,수요일,강원도 화천군 상서면,경상사고,0,0,1,0,차대사람 - 기타,안전운전불이행,건조,맑음,단일로 - 기타,화물,남,55세,상해없음,보행자,남,24세,경상
2022112300100173,2022년 11월 23일 11시,수요일,강원도 원주시 우산동,경상사고,0,0,2,0,차대차 - 기타,직진우회전진행방해,건조,맑음,교차로 - 교차로안,승용,남,54세,상해없음,승용,여,51세,경상
2022112300100198,2022년 11월 23일 12시,수요일,강원도 삼척시 도계읍,경상사고,0,0,1,0,차대사람 - 길가장자리구역통행중,안전운전불이행,건조,맑음,단일로 - 기타,승용,여,62세,상해없음,보행자,남,65세,경상
2022112300100228,2022년 11월 23일 13시,수요일,강원도 강릉시 성남동,중상사고,0,2,0,0,차대사람 - 횡단중,보행자보호의무위반,건조,맑음,교차로 - 교차로안,화물,남,64세,상해없음,보행자,여,57세,중상
2022112300100290,2022년 11월 23일 15시,수요일,강원도 춘천시 석사동,중상사고,0,1,0,0,차대사람 - 기타,안전운전불이행,건조,맑음,단일로 - 기타,승용,남,34세,상해없음,보행자,여,50세,중상
2022112300100332,2022년 11월 23일 16시,수요일,강원도 춘천시 요선동,경상사고,0,0,1,0,차대차 - 기타,안전운전불이행,건조,맑음,단일로 - 기타,승용,남,53세,상해없음,승용,남,28세,경상
2022112300100333,2022년 11월 23일 16시,수요일,강원도 삼척시 교동,경상사고,0,0,2,0,차대차 - 측면충돌,안전거리미확보,건조,맑음,단일로 - 기타,건설기계,남,62세,경상,승용,남,67세,경상
2022112300100334,2022년 11월 23일 16시,수요일,강원도 인제군 인제읍,사망사고,1,0,0,0,차대차 - 측면충돌,안전운전불이행,건조,맑음,단일로 - 기타,화물,남,40세,상해없음,이륜,남,66세,사망
2022112300100418,2022년 11월 23일 18시,수요일,강원도 원주시 단계동,경상사고,0,0,2,0,차대사람 - 기타,안전운전불이행,건조,맑음,단일로 - 기타,자전거,여,18세,경상,보행자,여,30세,경상
2022112300100556,2022년 11월 23일 22시,수요일,강원도 원주시 관설동,경상사고,0,0,2,0,차대차 - 정면충돌,안전운전불이행,건조,흐림,단일로 - 기타,승용,남,50세,상해없음,승용,남,60세,경상
2022112400100019,2022년 11월 24일 02시,목요일,강원도 원주시 단계동,경상사고,0,0,1,0,차대차 - 추돌,안전운전불이행,건조,맑음,단일로 - 기타,승용,남,27세,상해없음,승용,남,60세,경상
2022112400100148,2022년 11월 24일 09시,목요일,강원도 춘천시 효자동,중상사고,0,1,1,1,차대차 - 기타,교차로운행방법위반,건조,맑음,교차로 - 교차로안,승용,남,69세,상해없음,승용,남,50세,경상
2022112400100177,2022년 11월 24일 10시,목요일,강원도 춘천시 중앙로3가,중상사고,0,1,0,0,차량단독 - 기타,기타,건조,맑음,단일로 - 기타,승합,남,56세,상해없음,,,,
2022112400100227,2022년 11월 24일 12시,목요일,강원도 춘천시 남산면,경상사고,0,0,1,0,차대차 - 기타,기타,건조,맑음,단일로 - 기타,승합,남,64세,상해없음,승용,남,38세,경상
2022112400100228,2022년 11월 24일 12시,목요일,강원도 강릉시 옥천동,경상사고,0,0,1,0,차대차 - 측면충돌,안전운전불이행,건조,맑음,교차로 - 교차로안,승용,남,30세,상해없음,이륜,남,78세,경상
2022112400100229,2022년 11월 24일 12시,목요일,강원도 영월군 남면,중상사고,0,1,0,0,차대차 - 측면충돌,중앙선침범,건조,맑음,단일로 - 기타,승합,남,67세,상해없음,이륜,남,66세,중상
2022112400100336,2022년 11월 24일 15시,목요일,강원도 원주시 신림면,경상사고,0,0,3,0,차대차 - 추돌,안전운전불이행,건조,맑음,단일로 - 기타,화물,남,34세,기타불명,승용,남,61세,경상
2022112400100337,2022년 11월 24일 15시,목요일,강원도 동해시 발한동,경상사고,0,0,1,0,차대차 - 측면충돌,안전운전불이행,건조,맑음,교차로 - 교차로안,자전거,남,83세,경상,승합,남,54세,상해없음
2022112400100373,2022년 11월 24일 16시,목요일,강원도 속초시 노학동,중상사고,0,1,0,0,차대차 - 측면충돌,안전운전불이행,건조,맑음,단일로 - 고가도로위,화물,남,48세,상해없음,자전거,남,42세,중상
2022112400100374,2022년 11월 24일 16시,목요일,강원도 동해시 효가동,경상사고,0,0,3,0,차대차 - 기타,신호위반,건조,맑음,교차로 - 교차로안,승용,남,67세,상해없음,승용,여,42세,경상
2022112400100473,2022년 11월 24일 18시,목요일,강원도 춘천시 석사동,중상사고,0,1,0,0,차대차 - 측면충돌,기타,건조,맑음,단일로 - 기타,승용,남,52세,상해없음,이륜,남,36세,중상
2022112400100474,2022년 11월 24일 18시,목요일,강원도 춘천시 운교동,경상사고,0,0,1,0,차대차 - 측면충돌,신호위반,건조,맑음,교차로 - 교차로안,승용,남,65세,상해없음,이륜,남,49세,경상
2022112400100475,2022년 11월 24일 18시,목요일,강원도 춘천시 후평동,경상사고,0,0,2,0,차대차 - 추돌,안전운전불이행,건조,맑음,교차로 - 교차로부근,승용,남,54세,기타불명,승용,여,60세,경상
2022112400100520,2022년 11월 24일 19시,목요일,강원도 화천군 상서면,중상사고,0,1,0,0,차대사람 - 길가장자리구역통행중,안전운전불이행,건조,맑음,교차로 - 교차로부근,승용,남,26세,상해없음,보행자,남,23세,중상
2022112400100556,2022년 11월 24일 20시,목요일,강원도 원주시 문막읍,경상사고,0,0,1,0,차대사람 - 횡단중,보행자보호의무위반,건조,맑음,교차로 - 교차로안,승용,여,57세,상해없음,보행자,여,26세,경상
2022112400100603,2022년 11월 24일 22시,목요일,강원도 춘천시 후평동,경상사고,0,0,1,0,차대차 - 기타,안전운전불이행,건조,맑음,단일로 - 기타,승용,남,44세,상해없음,승합,남,48세,경상
2022112500100047,2022년 11월 25일 06시,금요일,강원도 춘천시 동내면,중상사고,0,1,0,0,차대차 - 기타,안전운전불이행,건조,맑음,단일로 - 기타,승용,남,26세,상해없음,자전거,남,48세,중상
2022112500100126,2022년 11월 25일 09시,금요일,강원도 원주시 평원동,중상사고,0,1,0,0,차대사람 - 기타,안전운전불이행,건조,맑음,기타 - 기타,승용,여,61세,상해없음,보행자,여,62세,중상
2022112500100156,2022년 11월 25일 10시,금요일,강원도 홍천군 홍천읍,경상사고,0,0,2,0,차대차 - 기타,안전거리미확보,건조,맑음,교차로 - 교차로부근,승용,남,68세,상해없음,승용,여,40세,경상
2022112500100223,2022년 11월 25일 12시,금요일,강원도 속초시 청호동,사망사고,1,0,0,0,차대차 - 추돌,안전운전불이행,건조,맑음,단일로 - 기타,화물,남,65세,상해없음,이륜,남,77세,사망
2022112500100305,2022년 11월 25일 15시,금요일,강원도 동해시 천곡동,중상사고,0,2,0,0,차대차 - 추돌,안전운전불이행,건조,맑음,단일로 - 기타,화물,남,50세,상해없음,승용,남,62세,중상
2022112500100346,2022년 11월 25일 16시,금요일,강원도 춘천시 동내면,경상사고,0,0,3,1,차대차 - 추돌,안전거리미확보,건조,맑음,단일로 - 기타,승용,여,48세,부상신고,승용,남,74세,경상
2022112500100347,2022년 11월 25일 16시,금요일,강원도 원주시 단계동,경상사고,0,0,1,0,차대차 - 측면충돌,교차로운행방법위반,건조,맑음,교차로 - 교차로안,승용,남,52세,상해없음,승용,여,38세,경상
2022112500100348,2022년 11월 25일 16시,금요일,강원도 속초시 노학동,중상사고,0,1,2,0,차대차 - 추돌,기타,건조,맑음,교차로 - 교차로부근,화물,남,53세,상해없음,승용,남,28세,중상
2022112500100398,2022년 11월 25일 17시,금요일,강원도 강릉시 노암동,경상사고,0,0,3,0,차대차 - 측면충돌,안전운전불이행,건조,맑음,교차로 - 교차로안,승용,여,74세,상해없음,승용,남,74세,경상
2022112500100399,2022년 11월 25일 17시,금요일,강원도 강릉시 노암동,경상사고,0,0,1,0,차대사람 - 횡단중,보행자보호의무위반,건조,맑음,교차로 - 교차로횡단보도내,승용,여,48세,상해없음,보행자,여,36세,경상
2022112500100400,2022년 11월 25일 17시,금요일,강원도 원주시 무실동,부상신고사고,0,0,0,1,차대사람 - 기타,안전운전불이행,건조,맑음,단일로 - 기타,승합,남,31세,기타불명,보행자,남,56세,부상신고
2022112500100401,2022년 11월 25일 17시,금요일,강원도 홍천군 남면,부상신고사고,0,0,0,1,차대차 - 추돌,안전거리미확보,건조,맑음,단일로 - 기타,화물,남,51세,부상신고,승용,남,44세,상해없음
2022112500100468,2022년 11월 25일 18시,금요일,강원도 원주시 단구동,경상사고,0,0,1,0,차대사람 - 길가장자리구역통행중,안전운전불이행,건조,맑음,단일로 - 기타,승용,남,30세,상해없음,보행자,남,38세,경상
2022112500100469,2022년 11월 25일 18시,금요일,강원도 원주시 단계동,중상사고,0,1,0,0,차대차 - 측면충돌,안전거리미확보,건조,맑음,단일로 - 기타,승용,남,55세,상해없음,이륜,남,22세,중상
2022112500100470,2022년 11월 25일 18시,금요일,강원도 동해시 용정동,경상사고,0,0,1,0,차대차 - 기타,안전운전불이행,건조,맑음,단일로 - 기타,승용,남,77세,기타불명,자전거,여,22세,경상
2022112500100566,2022년 11월 25일 20시,금요일,강원도 춘천시 후평동,중상사고,0,1,0,0,차대사람 - 기타,안전운전불이행,건조,맑음,단일로 - 기타,화물,남,58세,상해없음,보행자,남,59세,중상
2022112500100567,2022년 11월 25일 20시,금요일,강원도 원주시 흥업면,경상사고,0,0,2,0,차대차 - 기타,안전운전불이행,건조,맑음,교차로 - 교차로안,승용,여,59세,상해없음,승용,남,62세,경상
2022112600100078,2022년 11월 26일 07시,토요일,강원도 강릉시 성남동,중상사고,0,1,0,0,차대차 - 기타,안전운전불이행,건조,맑음,교차로 - 교차로안,승용,여,52세,상해없음,승용,남,50세,중상
2022112600100091,2022년 11월 26일 08시,토요일,강원도 원주시 단구동,경상사고,0,0,1,0,차대차 - 측면충돌,안전운전불이행,건조,맑음,단일로 - 기타,승용,남,48세,상해없음,승용,남,53세,경상
2022112600100092,2022년 11월 26일 08시,토요일,강원도 양구군 양구읍,중상사고,0,2,1,0,차대차 - 기타,기타,건조,맑음,단일로 - 터널,화물,남,51세,상해없음,승용,남,27세,경상
2022112600100114,2022년 11월 26일 09시,토요일,강원도 춘천시 송암동,경상사고,0,0,1,0,차대차 - 측면충돌,기타,건조,맑음,단일로 - 기타,승용,여,51세,상해없음,승용,남,30세,경상
2022112600100115,2022년 11월 26일 09시,토요일,강원도 고성군 거진읍,중상사고,0,1,0,0,차대차 - 측면충돌,안전운전불이행,건조,맑음,교차로 - 교차로안,승합,여,42세,상해없음,이륜,남,69세,중상
2022112600100139,2022년 11월 26일 10시,토요일,강원도 평창군 진부면,중상사고,0,1,2,0,차대차 - 측면충돌,기타,건조,맑음,단일로 - 지하차도(도로)내,화물,남,80세,경상,승용,남,26세,경상
2022112600100166,2022년 11월 26일 11시,토요일,강원도 춘천시 온의동,부상신고사고,0,0,0,1,차대차 - 정면충돌,안전운전불이행,건조,맑음,주차장 - 주차장,승용,여,70세,상해없음,화물,여,30세,기타불명
2022112600100199,2022년 11월 26일 12시,토요일,강원도 춘천시 중앙로2가,경상사고,0,0,1,0,차대차 - 기타,안전운전불이행,건조,맑음,단일로 - 기타,화물,여,62세,상해없음,이륜,남,46세,경상
2022112600100200,2022년 11월 26일 12시,토요일,강원도 속초시 청학동,중상사고,0,1,0,0,차대차 - 측면충돌,교차로운행방법위반,건조,맑음,교차로 - 교차로안,승용,남,34세,상해없음,이륜,남,21세,중상
2022112600100236,2022년 11월 26일 13시,토요일,강원도 영월군 무릉도원면,중상사고,0,4,0,0,차대차 - 측면충돌,기타,젖음/습기,맑음,단일로 - 기타,화물,남,75세,중상,승합,남,58세,중상