사고번호,사고일시,요일,시군구,사고내용,사망자수,중상자수,경상자수,부상신고자수,사고유형,법규위반,노면상태,기상상태,도로형태,가해운전자 차종,가해운전자 성별,가해운전자 연령,가해운전자 상해정도,피해운전자 차종,피해운전자 성별,피해운전자 연령,피해운전자 상해정도
2022112600100237,2022년 11월 26일 13시,토요일,강원도 정선군 정선읍,중상사고,0,1,0,0,차대사람 - 횡단중,안전운전불이행,건조,맑음,기타 - 기타,승용,여,54세,기타불명,보행자,남,67세,중상
2022112600100264,2022년 11월 26일 14시,토요일,강원도 속초시 조양동,중상사고,0,1,0,0,차대사람 - 횡단중,보행자보호의무위반,건조,맑음,단일로 - 기타,승용,남,53세,상해없음,보행자,여,84세,중상
2022112600100331,2022년 11월 26일 16시,토요일,강원도 양구군 양구읍,중상사고,0,1,1,0,차대차 - 기타,차로위반,건조,맑음,교차로 - 교차로안,화물,남,74세,상해없음,승용,남,31세,경상
2022112600100362,2022년 11월 26일 17시,토요일,강원도 강릉시 교동,경상사고,0,0,2,0,차대차 - 기타,안전운전불이행,건조,맑음,교차로 - 교차로안,승용,남,61세,상해없음,승용,여,29세,경상
2022112600100411,2022년 11월 26일 18시,토요일,강원도 춘천시 효자동,경상사고,0,0,1,0,차대차 - 기타,안전운전불이행,건조,맑음,단일로 - 기타,승용,남,60세,상해없음,승용,남,64세,경상
2022112600100412,2022년 11월 26일 18시,토요일,강원도 철원군 갈말읍,중상사고,0,1,0,0,차대사람 - 차도통행중,안전운전불이행,건조,맑음,단일로 - 기타,승용,여,68세,상해없음,보행자,남,39세,중상
2022112600100449,2022년 11월 26일 19시,토요일,강원도 동해시 망상동,경상사고,0,0,1,0,차대사람 - 횡단중,안전운전불이행,건조,맑음,단일로 - 기타,승용,남,63세,상해없음,보행자,남,8세,경상
2022112600100480,2022년 11월 26일 20시,토요일,강원도 강릉시 내곡동,경상사고,0,0,1,0,차대사람 - 횡단중,보행자보호의무위반,건조,맑음,교차로 - 교차로횡단보도내,승용,여,50세,상해없음,보행자,남,27세,경상
2022112600100481,2022년 11월 26일 20시,토요일,강원도 평창군 봉평면,경상사고,0,0,2,0,차대차 - 측면충돌,안전운전불이행,건조,맑음,교차로 - 교차로부근,승용,여,56세,경상,승용,여,52세,경상
2022112600100503,2022년 11월 26일 21시,토요일,강원도 원주시 소초면,경상사고,0,0,1,0,차대차 - 측면충돌,신호위반,건조,맑음,교차로 - 교차로안,승용,남,35세,상해없음,승용,남,36세,경상
2022112700100018,2022년 11월 27일 01시,일요일,강원도 춘천시 효자동,중상사고,0,1,0,0,차대차 - 추돌,안전운전불이행,건조,맑음,교차로 - 교차로부근,승용,남,52세,상해없음,승용,여,24세,기타불명
2022112700100075,2022년 11월 27일 09시,일요일,강원도 원주시 개운동,중상사고,0,1,0,0,차대차 - 추돌,안전운전불이행,건조,맑음,교차로 - 교차로부근,승용,여,57세,상해없음,이륜,남,80세,중상
2022112700100089,2022년 11월 27일 10시,일요일,강원도 강릉시 성산면,경상사고,0,0,2,0,차대차 - 추돌,기타,건조,맑음,단일로 - 터널,승용,남,63세,상해없음,승용,여,44세,경상
2022112700100137,2022년 11월 27일 12시,일요일,강원도 양양군 강현면,경상사고,0,0,4,0,차대차 - 후진중충돌,안전운전불이행,건조,맑음,주차장 - 주차장,승용,남,55세,상해없음,승용,남,54세,경상
2022112700100159,2022년 11월 27일 13시,일요일,강원도 춘천시 석사동,부상신고사고,0,0,0,1,차대차 - 기타,안전거리미확보,건조,맑음,단일로 - 기타,승용,남,28세,상해없음,이륜,남,52세,부상신고
2022112700100160,2022년 11월 27일 13시,일요일,강원도 정선군 신동읍,경상사고,0,0,1,0,차대차 - 기타,직진우회전진행방해,건조,맑음,교차로 - 교차로안,이륜,남,63세,경상,승용,남,62세,상해없음
2022112700100189,2022년 11월 27일 14시,일요일,강원도 강릉시 포남동,경상사고,0,0,3,0,차대차 - 추돌,안전운전불이행,건조,맑음,기타 - 기타,승용,남,57세,상해없음,승용,여,22세,경상
2022112700100190,2022년 11월 27일 14시,일요일,강원도 삼척시 교동,경상사고,0,0,1,0,차대차 - 추돌,안전운전불이행,건조,맑음,단일로 - 기타,승용,남,20세,상해없음,원동기,남,28세,경상
2022112700100191,2022년 11월 27일 14시,일요일,강원도 고성군 간성읍,경상사고,0,0,1,0,차대차 - 추돌,교차로운행방법위반,건조,맑음,교차로 - 교차로부근,승용,남,51세,상해없음,승용,남,58세,경상
2022112700100219,2022년 11월 27일 15시,일요일,강원도 속초시 동명동,중상사고,0,3,4,0,차대차 - 측면충돌,안전운전불이행,건조,맑음,교차로 - 교차로부근,승용,남,63세,경상,승용,남,58세,경상
2022112700100278,2022년 11월 27일 17시,일요일,강원도 원주시 지정면,경상사고,0,0,2,0,차대차 - 측면충돌,안전운전불이행,건조,흐림,단일로 - 기타,승용,여,48세,상해없음,승용,남,23세,경상
2022112700100279,2022년 11월 27일 17시,일요일,강원도 양양군 양양읍,중상사고,0,1,1,0,차대차 - 측면충돌,신호위반,건조,맑음,교차로 - 교차로안,승용,남,39세,상해없음,승용,남,43세,경상
2022112700100388,2022년 11월 27일 21시,일요일,강원도 속초시 교동,중상사고,0,1,1,0,차대차 - 측면충돌,신호위반,건조,맑음,교차로 - 교차로안,원동기,남,29세,중상,승용,여,34세,경상
2022112800100066,2022년 11월 28일 07시,월요일,강원도 춘천시 후평동,경상사고,0,0,1,0,차대차 - 기타,신호위반,건조,맑음,교차로 - 교차로횡단보도내,이륜,남,61세,상해없음,승용,남,63세,경상
2022112800100067,2022년 11월 28일 07시,월요일,강원도 원주시 단계동,경상사고,0,0,4,0,차대차 - 추돌,안전운전불이행,건조,맑음,단일로 - 기타,승용,여,66세,경상,승용,남,50세,경상
2022112800100068,2022년 11월 28일 07시,월요일,강원도 고성군 간성읍,중상사고,0,2,0,0,차대차 - 정면충돌,중앙선침범,건조,맑음,단일로 - 기타,승용,남,28세,상해없음,승용,남,61세,중상
2022112800100090,2022년 11월 28일 08시,월요일,강원도 원주시 학성동,경상사고,0,0,3,0,차대차 - 추돌,안전거리미확보,건조,맑음,교차로 - 교차로부근,승용,남,35세,상해없음,승용,남,63세,경상
2022112800100091,2022년 11월 28일 08시,월요일,강원도 원주시 반곡동,경상사고,0,0,1,0,차대차 - 측면충돌,안전운전불이행,건조,맑음,단일로 - 기타,승용,남,45세,상해없음,승용,여,25세,경상
2022112800100092,2022년 11월 28일 08시,월요일,강원도 동해시 발한동,경상사고,0,0,1,0,차대사람 - 차도통행중,안전운전불이행,건조,맑음,교차로 - 교차로부근,승용,남,70세,상해없음,보행자,여,58세,경상
2022112800100131,2022년 11월 28일 09시,월요일,강원도 강릉시 교동,경상사고,0,0,1,0,차대차 - 기타,안전운전불이행,건조,맑음,단일로 - 기타,화물,남,66세,상해없음,이륜,남,83세,경상
2022112800100214,2022년 11월 28일 12시,월요일,강원도 영월군 주천면,중상사고,0,1,0,0,차대차 - 측면충돌,교차로운행방법위반,젖음/습기,비,교차로 - 교차로안,화물,남,58세,상해없음,승용,남,54세,중상
2022112800100215,2022년 11월 28일 12시,월요일,강원도 인제군 남면,중상사고,0,3,1,0,차대차 - 추돌,안전운전불이행,젖음/습기,비,교차로 - 교차로부근,승합,남,70세,상해없음,승용,남,50세,상해없음
2022112800100216,2022년 11월 28일 12시,월요일,강원도 동해시 천곡동,경상사고,0,0,4,0,차대차 - 추돌,안전운전불이행,건조,맑음,단일로 - 기타,승용,남,42세,기타불명,승용,남,49세,경상
2022112800100247,2022년 11월 28일 13시,월요일,강원도 춘천시 동내면,경상사고,0,0,1,0,차대차 - 정면충돌,중앙선침범,건조,맑음,단일로 - 기타,승용,남,76세,상해없음,승용,남,28세,경상
2022112800100248,2022년 11월 28일 13시,월요일,강원도 양구군 동면,경상사고,0,0,1,0,차대차 - 측면충돌,중앙선침범,건조,맑음,기타 - 기타,승용,남,85세,기타불명,승용,여,64세,경상
2022112800100276,2022년 11월 28일 14시,월요일,강원도 원주시 단구동,중상사고,0,1,1,0,차대차 - 정면충돌,신호위반,건조,맑음,교차로 - 교차로안,승용,여,28세,경상,승용,남,66세,중상
2022112800100312,2022년 11월 28일 15시,월요일,강원도 강릉시 주문진읍,경상사고,0,0,1,0,차대차 - 기타,안전운전불이행,건조,맑음,단일로 - 기타,이륜,남,38세,상해없음,자전거,남,71세,경상
2022112800100313,2022년 11월 28일 15시,월요일,강원도 원주시 단계동,중상사고,0,1,0,0,차대사람 - 차도통행중,안전운전불이행,건조,맑음,단일로 - 기타,승용,남,31세,상해없음,보행자,여,75세,중상
2022112800100314,2022년 11월 28일 15시,월요일,강원도 홍천군 내촌면,경상사고,0,0,1,0,차대차 - 측면충돌,중앙선침범,젖음/습기,맑음,교차로 - 교차로안,건설기계,남,65세,상해없음,화물,남,62세,경상
2022112800100315,2022년 11월 28일 15시,월요일,강원도 동해시 송정동,경상사고,0,0,2,0,차대차 - 기타,안전운전불이행,건조,맑음,단일로 - 기타,화물,남,49세,상해없음,승합,남,60세,경상
2022112800100351,2022년 11월 28일 16시,월요일,강원도 춘천시 삼천동,경상사고,0,0,1,0,차대차 - 기타,중앙선침범,건조,맑음,단일로 - 기타,승용,남,65세,상해없음,화물,남,40세,경상
2022112800100352,2022년 11월 28일 16시,월요일,강원도 강릉시 내곡동,경상사고,0,0,1,0,차대차 - 측면충돌,안전운전불이행,건조,맑음,단일로 - 교량,승용,남,42세,상해없음,승용,여,40세,경상
2022112800100353,2022년 11월 28일 16시,월요일,강원도 태백시 황지동,경상사고,0,0,4,0,차대차 - 측면충돌,교차로운행방법위반,건조,맑음,교차로 - 교차로안,승용,여,70세,상해없음,승용,남,23세,경상
2022112800100392,2022년 11월 28일 17시,월요일,강원도 강릉시 죽헌동,경상사고,0,0,5,0,차대차 - 측면충돌,신호위반,건조,맑음,교차로 - 교차로안,승용,여,69세,상해없음,승용,여,44세,경상
2022112800100393,2022년 11월 28일 17시,월요일,강원도 원주시 단계동,경상사고,0,0,2,0,차대차 - 측면충돌,신호위반,젖음/습기,흐림,교차로 - 교차로안,승용,여,27세,상해없음,승용,여,34세,경상
2022112800100394,2022년 11월 28일 17시,월요일,강원도 원주시 관설동,경상사고,0,0,1,0,차대사람 - 횡단중,안전운전불이행,젖음/습기,비,교차로 - 교차로안,화물,남,36세,상해없음,보행자,여,50세,경상
2022112800100462,2022년 11월 28일 18시,월요일,강원도 춘천시 소양로2가,중상사고,0,1,0,0,차대사람 - 횡단중,보행자보호의무위반,젖음/습기,비,교차로 - 교차로횡단보도내,승용,여,61세,상해없음,보행자,남,83세,중상
2022112800100463,2022년 11월 28일 18시,월요일,강원도 춘천시 효자동,경상사고,0,0,2,0,차대차 - 측면충돌,교차로운행방법위반,건조,맑음,교차로 - 교차로안,승용,여,44세,상해없음,승용,여,43세,경상
2022112800100464,2022년 11월 28일 18시,월요일,강원도 춘천시 석사동,경상사고,0,0,2,0,차대차 - 추돌,안전거리미확보,젖음/습기,비,단일로 - 기타,이륜,남,20세,경상,승용,여,47세,경상
2022112800100465,2022년 11월 28일 18시,월요일,강원도 속초시 중앙동,중상사고,0,1,1,0,차대차 - 측면충돌,안전운전불이행,건조,맑음,교차로 - 교차로안,승용,남,48세,상해없음,승용,남,61세,중상
2022112800100466,2022년 11월 28일 18시,월요일,강원도 동해시 부곡동,중상사고,0,1,0,0,차대사람 - 횡단중,보행자보호의무위반,건조,맑음,교차로 - 교차로부근,승용,남,65세,상해없음,보행자,여,72세,중상
2022112800100580,2022년 11월 28일 20시,월요일,강원도 화천군 화천읍,경상사고,0,0,1,0,차대사람 - 차도통행중,안전운전불이행,젖음/습기,비,단일로 - 기타,이륜,남,17세,상해없음,보행자,여,53세,경상
2022112800100630,2022년 11월 28일 21시,월요일,강원도 원주시 명륜동,중상사고,0,1,0,0,차대사람 - 기타,안전운전불이행,젖음/습기,비,단일로 - 기타,승용,남,62세,상해없음,보행자,남,29세,중상
2022112800100664,2022년 11월 28일 22시,월요일,강원도 원주시 우산동,경상사고,0,0,1,0,차대차 - 후진중충돌,안전운전불이행,건조,맑음,단일로 - 기타,승용,남,49세,상해없음,승용,남,32세,경상
2022112800100665,2022년 11월 28일 22시,월요일,강원도 원주시 인동,경상사고,0,0,1,0,차대차 - 추돌,안전운전불이행,젖음/습기,비,교차로 - 교차로부근,승용,여,47세,상해없음,승합,남,47세,상해없음
2022112800100666,2022년 11월 28일 22시,월요일,강원도 영월군 영월읍,중상사고,0,1,0,0,차대사람 - 차도통행중,안전운전불이행,젖음/습기,비,단일로 - 기타,이륜,남,18세,기타불명,보행자,남,62세,중상
2022112800100696,2022년 11월 28일 23시,월요일,강원도 원주시 우산동,경상사고,0,0,2,0,차대차 - 측면충돌,직진우회전진행방해,젖음/습기,비,교차로 - 교차로안,승용,여,55세,상해없음,승용,여,63세,경상
2022112900100004,2022년 11월 29일 00시,화요일,강원도 춘천시 후평동,경상사고,0,0,2,1,차대차 - 기타,직진우회전진행방해,젖음/습기,흐림,교차로 - 교차로안,승용,여,50세,상해없음,승용,남,66세,부상신고
2022112900100090,2022년 11월 29일 07시,화요일,강원도 평창군 평창읍,중상사고,0,1,0,0,차대차 - 정면충돌,안전운전불이행,젖음/습기,비,단일로 - 지하차도(도로)내,화물,남,54세,중상,건설기계,남,61세,상해없음
2022112900100127,2022년 11월 29일 08시,화요일,강원도 강릉시 교동,경상사고,0,0,1,0,차대차 - 측면충돌,안전운전불이행,젖음/습기,흐림,교차로 - 교차로안,승합,남,57세,상해없음,승용,여,41세,경상
2022112900100128,2022년 11월 29일 08시,화요일,강원도 삼척시 교동,경상사고,0,0,1,0,차대차 - 측면충돌,안전운전불이행,건조,맑음,교차로 - 교차로안,승용,남,61세,상해없음,승용,남,38세,경상
2022112900100214,2022년 11월 29일 11시,화요일,강원도 원주시 문막읍,경상사고,0,0,5,0,차대차 - 기타,신호위반,건조,흐림,교차로 - 교차로안,화물,남,57세,기타불명,화물,남,23세,경상
2022112900100215,2022년 11월 29일 11시,화요일,강원도 원주시 우산동,중상사고,0,1,0,1,차대차 - 후진중충돌,안전운전불이행,건조,맑음,교차로 - 교차로부근,승용,남,39세,부상신고,승용,남,63세,중상
2022112900100280,2022년 11월 29일 13시,화요일,강원도 철원군 갈말읍,경상사고,0,0,2,0,차대차 - 측면충돌,직진우회전진행방해,건조,맑음,교차로 - 교차로안,승용,남,81세,상해없음,승용,남,34세,경상
2022112900100281,2022년 11월 29일 13시,화요일,강원도 동해시 천곡동,중상사고,0,1,0,0,차량단독 - 전도전복 - 전도,안전운전불이행,건조,맑음,기타 - 기타,원동기,남,89세,중상,,,,
2022112900100319,2022년 11월 29일 14시,화요일,강원도 삼척시 남양동,경상사고,0,0,2,0,차대차 - 기타,안전운전불이행,기타,맑음,교차로 - 교차로안,승용,남,67세,상해없음,승용,남,71세,경상
2022112900100320,2022년 11월 29일 14시,화요일,강원도 정선군 고한읍,중상사고,0,1,1,0,차대차 - 기타,안전운전불이행,건조,맑음,기타 - 기타,화물,남,47세,상해없음,승용,남,73세,경상
2022112900100453,2022년 11월 29일 18시,화요일,강원도 춘천시 효자동,경상사고,0,0,2,0,차량단독 - 기타,안전운전불이행,건조,맑음,기타 - 기타,승용,남,55세,상해없음,,,,
2022112900100454,2022년 11월 29일 18시,화요일,강원도 평창군 대관령면,경상사고,0,0,1,0,차대차 - 기타,기타,젖음/습기,흐림,단일로 - 지하차도(도로)내,기타불명,기타불명,미분류,기타불명,승용,여,41세,경상
2022112900100455,2022년 11월 29일 18시,화요일,강원도 동해시 발한동,경상사고,0,0,1,0,차대차 - 측면충돌,안전운전불이행,건조,맑음,교차로 - 교차로부근,승용,여,49세,상해없음,승용,남,29세,경상
2022112900100495,2022년 11월 29일 19시,화요일,강원도 강릉시 명주동,중상사고,0,1,0,0,차대차 - 기타,안전운전불이행,건조,맑음,단일로 - 기타,승용,여,62세,상해없음,이륜,남,31세,중상
2022112900100538,2022년 11월 29일 21시,화요일,강원도 춘천시 온의동,경상사고,0,0,2,0,차대차 - 추돌,안전운전불이행,건조,맑음,단일로 - 기타,승용,남,23세,상해없음,승용,남,36세,경상
2022113000100053,2022년 11월 30일 07시,수요일,강원도 원주시 태장동,경상사고,0,0,2,0,차대차 - 추돌,안전거리미확보,건조,흐림,단일로 - 기타,승용,남,32세,상해없음,승용,남,65세,경상
2022113000100083,2022년 11월 30일 08시,수요일,강원도 춘천시 동내면,경상사고,0,0,1,0,차대차 - 기타,차로위반,건조,흐림,단일로 - 기타,승용,남,34세,상해없음,승용,남,24세,경상
2022113000100084,2022년 11월 30일 08시,수요일,강원도 원주시 단구동,경상사고,0,0,1,0,차대차 - 추돌,안전운전불이행,건조,맑음,단일로 - 기타,승용,남,47세,상해없음,승용,여,39세,경상
2022113000100085,2022년 11월 30일 08시,수요일,강원도 영월군 주천면,중상사고,0,1,0,0,차대차 - 정면충돌,중앙선침범,건조,맑음,교차로 - 교차로안,건설기계,남,54세,상해없음,승용,남,64세,중상
2022113000100122,2022년 11월 30일 09시,수요일,강원도 원주시 문막읍,경상사고,0,0,1,0,차대차 - 추돌,신호위반,건조,맑음,교차로 - 교차로안,화물,남,35세,상해없음,승용,여,27세,경상
2022113000100200,2022년 11월 30일 12시,수요일,강원도 강릉시 회산동,경상사고,0,0,1,0,차대차 - 측면충돌,안전운전불이행,건조,맑음,교차로 - 교차로안,승용,여,28세,상해없음,승용,남,47세,경상
2022113000100253,2022년 11월 30일 14시,수요일,강원도 춘천시 낙원동,부상신고사고,0,0,0,1,차대사람 - 기타,안전운전불이행,건조,맑음,단일로 - 기타,승용,여,61세,상해없음,보행자,여,66세,부상신고
2022113000100254,2022년 11월 30일 14시,수요일,강원도 원주시 무실동,부상신고사고,0,0,0,1,차대사람 - 횡단중,신호위반,건조,맑음,교차로 - 교차로안,특수,남,47세,상해없음,보행자,남,8세,부상신고
2022113000100295,2022년 11월 30일 15시,수요일,강원도 강릉시 용강동,경상사고,0,0,1,0,차대차 - 기타,안전운전불이행,건조,맑음,단일로 - 기타,승용,여,59세,상해없음,승용,남,65세,경상
2022113000100320,2022년 11월 30일 16시,수요일,강원도 철원군 동송읍,중상사고,0,1,0,0,차대사람 - 기타,안전운전불이행,건조,맑음,교차로 - 교차로안,승용,남,48세,상해없음,보행자,남,52세,중상
2022113000100360,2022년 11월 30일 17시,수요일,강원도 원주시 호저면,중상사고,0,1,1,0,차대차 - 기타,중앙선침범,건조,흐림,기타 - 기타,승용,남,22세,기타불명,승용,여,56세,경상
2022113000100411,2022년 11월 30일 18시,수요일,강원도 춘천시 퇴계동,경상사고,0,0,2,1,차대차 - 측면충돌,안전거리미확보,건조,맑음,단일로 - 기타,승용,여,29세,상해없음,승합,남,66세,경상
2022113000100412,2022년 11월 30일 18시,수요일,강원도 동해시 나안동,경상사고,0,0,2,0,차대차 - 추돌,안전운전불이행,건조,맑음,교차로 - 교차로부근,승용,남,41세,상해없음,승용,여,49세,경상
2022113000100452,2022년 11월 30일 19시,수요일,강원도 영월군 영월읍,사망사고,1,0,0,0,차대사람 - 길가장자리구역통행중,교차로운행방법위반,건조,맑음,교차로 - 교차로부근,승용,남,31세,상해없음,보행자,남,60세,사망
2022113000100501,2022년 11월 30일 21시,수요일,강원도 춘천시 후평동,중상사고,0,1,0,0,차대차 - 기타,직진우회전진행방해,건조,맑음,교차로 - 교차로안,승용,여,44세,상해없음,이륜,남,38세,중상
2022113000100502,2022년 11월 30일 21시,수요일,강원도 원주시 단계동,경상사고,0,0,1,0,차대차 - 추돌,안전운전불이행,건조,맑음,단일로 - 기타,승용,여,41세,상해없음,승용,남,22세,경상
2022113000100525,2022년 11월 30일 22시,수요일,강원도 강릉시 입암동,경상사고,0,0,1,0,차대사람 - 기타,안전운전불이행,건조,맑음,단일로 - 기타,기타불명,기타불명,미분류,기타불명,보행자,남,40세,경상
2022120100100071,2022년 12월 1일 07시,목요일,강원도 춘천시 후평동,경상사고,0,0,1,0,차대차 - 기타,안전운전불이행,건조,맑음,교차로 - 교차로안,승용,여,50세,상해없음,자전거,여,75세,경상
2022120100100095,2022년 12월 1일 08시,목요일,강원도 강릉시 교동,경상사고,0,0,1,0,차대차 - 측면충돌,안전운전불이행,건조,맑음,교차로 - 교차로안,승용,남,44세,상해없음,승용,여,63세,경상
2022120100100096,2022년 12월 1일 08시,목요일,강원도 원주시 명륜동,경상사고,0,0,3,0,차대차 - 측면충돌,교차로운행방법위반,건조,맑음,교차로 - 교차로안,승용,여,49세,상해없음,승용,여,49세,경상
2022120100100132,2022년 12월 1일 09시,목요일,강원도 원주시 판부면,중상사고,0,1,0,1,차대차 - 측면충돌,안전운전불이행,건조,맑음,교차로 - 교차로안,승용,여,48세,부상신고,화물,남,45세,중상
2022120100100187,2022년 12월 1일 11시,목요일,강원도 철원군 동송읍,경상사고,0,0,1,0,차대차 - 측면충돌,중앙선침범,건조,맑음,교차로 - 교차로안,승용,남,90세,상해없음,승용,남,62세,경상
2022120100100223,2022년 12월 1일 12시,목요일,강원도 원주시 문막읍,경상사고,0,0,1,0,차량단독 - 공작물충돌,안전운전불이행,건조,맑음,단일로 - 기타,승용,남,24세,상해없음,,,,
2022120100100278,2022년 12월 1일 14시,목요일,강원도 춘천시 소양로3가,경상사고,0,0,2,0,차대차 - 기타,안전거리미확보,건조,맑음,기타 - 기타,승용,남,66세,상해없음,승용,여,61세,경상
2022120100100385,2022년 12월 1일 17시,목요일,강원도 춘천시 동내면,경상사고,0,0,1,0,차대차 - 추돌,안전운전불이행,건조,맑음,교차로 - 교차로부근,승용,여,46세,상해없음,승용,여,30세,경상
2022120100100386,2022년 12월 1일 17시,목요일,강원도 태백시 동점동,경상사고,0,0,2,0,차대차 - 측면충돌,신호위반,건조,맑음,교차로 - 교차로안,승용,여,60세,경상,화물,남,32세,경상
2022120100100434,2022년 12월 1일 18시,목요일,강원도 춘천시 근화동,경상사고,0,0,1,0,차대차 - 기타,안전거리미확보,건조,맑음,단일로 - 기타,승용,남,50세,기타불명,승합,남,54세,경상
2022120100100435,2022년 12월 1일 18시,목요일,강원도 춘천시 옥천동,중상사고,0,1,0,0,차대차 - 측면충돌,안전운전불이행,건조,맑음,교차로 - 교차로안,승용,남,43세,상해없음,승용,남,58세,중상
2022120100100436,2022년 12월 1일 18시,목요일,강원도 강릉시 홍제동,경상사고,0,0,1,0,차대차 - 측면충돌,안전운전불이행,건조,맑음,교차로 - 교차로안,승용,여,52세,상해없음,승용,여,51세,경상
2022120100100472,2022년 12월 1일 19시,목요일,강원도 강릉시 노암동,경상사고,0,0,1,0,차대차 - 기타,안전운전불이행,건조,맑음,교차로 - 교차로안,승용,남,51세,상해없음,승용,남,48세,경상
2022120100100494,2022년 12월 1일 20시,목요일,강원도 원주시 태장동,경상사고,0,0,1,0,차대차 - 기타,교차로운행방법위반,건조,맑음,교차로 - 교차로안,승용,남,42세,상해없음,이륜,남,50세,경상
2022120100100495,2022년 12월 1일 20시,목요일,강원도 원주시 태장동,중상사고,0,1,0,0,차대사람 - 횡단중,신호위반,건조,맑음,교차로 - 교차로횡단보도내,승용,남,62세,상해없음,보행자,여,21세,중상
2022120100100538,2022년 12월 1일 22시,목요일,강원도 춘천시 온의동,경상사고,0,0,2,0,차대차 - 추돌,안전거리미확보,건조,맑음,교차로 - 교차로안,승용,남,21세,상해없음,승용,남,57세,경상
2022120100100562,2022년 12월 1일 23시,목요일,강원도 원주시 단구동,경상사고,0,0,1,0,차대차 - 기타,안전운전불이행,건조,맑음,교차로 - 교차로횡단보도내,승용,남,52세,상해없음,개인형이동수단(PM),여,21세,경상
2022120200100108,2022년 12월 2일 08시,금요일,강원도 춘천시 퇴계동,경상사고,0,0,1,0,차대차 - 측면충돌,신호위반,건조,맑음,교차로 - 교차로안,승용,여,55세,기타불명,승용,여,47세,경상
2022120200100109,2022년 12월 2일 08시,금요일,강원도 원주시 단계동,중상사고,0,1,2,0,차대차 - 정면충돌,신호위반,건조,맑음,교차로 - 교차로안,승용,남,58세,상해없음,승용,남,22세,경상
2022120200100110,2022년 12월 2일 08시,금요일,강원도 원주시 명륜동,중상사고,0,1,0,0,차대사람 - 횡단중,안전운전불이행,건조,맑음,단일로 - 기타,승용,남,42세,상해없음,보행자,여,60세,중상
2022120200100111,2022년 12월 2일 08시,금요일,강원도 정선군 여량면,경상사고,0,0,2,0,차대차 - 기타,직진우회전진행방해,건조,맑음,교차로 - 교차로안,화물,남,64세,경상,화물,남,46세,상해없음
2022120200100147,2022년 12월 2일 09시,금요일,강원도 고성군 토성면,중상사고,0,1,0,0,차대차 - 추돌,안전운전불이행,건조,맑음,교차로 - 교차로안,화물,남,29세,상해없음,승용,남,63세,중상
2022120200100176,2022년 12월 2일 10시,금요일,강원도 춘천시 소양로3가,경상사고,0,0,2,1,차대차 - 측면충돌,안전운전불이행,건조,맑음,단일로 - 기타,화물,남,76세,부상신고,승합,남,50세,경상
2022120200100177,2022년 12월 2일 10시,금요일,강원도 강릉시 옥천동,경상사고,0,0,1,0,차대차 - 측면충돌,안전운전불이행,건조,맑음,교차로 - 교차로안,승합,남,67세,상해없음,승용,남,27세,경상
2022120200100178,2022년 12월 2일 10시,금요일,강원도 홍천군 홍천읍,경상사고,0,0,1,0,차대차 - 측면충돌,차로위반,건조,맑음,단일로 - 지하차도(도로)내,승용,여,61세,상해없음,화물,남,56세,경상
2022120200100243,2022년 12월 2일 12시,금요일,강원도 양양군 양양읍,중상사고,0,1,0,0,차대차 - 측면충돌,안전운전불이행,건조,맑음,교차로 - 교차로안,화물,남,61세,상해없음,이륜,남,79세,중상
2022120200100273,2022년 12월 2일 13시,금요일,강원도 원주시 무실동,경상사고,0,0,1,0,차대차 - 기타,교차로운행방법위반,건조,맑음,교차로 - 교차로안,승용,여,57세,상해없음,승용,남,24세,경상
2022120200100305,2022년 12월 2일 14시,금요일,강원도 춘천시 우두동,부상신고사고,0,0,0,1,차대차 - 기타,안전운전불이행,건조,맑음,교차로 - 교차로안,승용,남,61세,상해없음,이륜,남,20세,부상신고
2022120200100338,2022년 12월 2일 15시,금요일,강원도 강릉시 교동,경상사고,0,0,1,0,차대사람 - 기타,보행자보호의무위반,건조,맑음,교차로 - 교차로횡단보도내,승용,남,69세,상해없음,보행자,여,52세,경상
2022120200100339,2022년 12월 2일 15시,금요일,강원도 삼척시 정하동,중상사고,0,1,0,0,차대사람 - 길가장자리구역통행중,안전운전불이행,건조,맑음,교차로 - 교차로안,승용,여,64세,상해없음,보행자,남,51세,중상
2022120200100375,2022년 12월 2일 16시,금요일,강원도 강릉시 내곡동,경상사고,0,0,3,0,차대차 - 측면충돌,안전운전불이행,건조,맑음,단일로 - 기타,화물,남,74세,기타불명,승용,남,38세,경상
2022120200100376,2022년 12월 2일 16시,금요일,강원도 속초시 조양동,경상사고,0,0,2,0,차대차 - 측면충돌,신호위반,건조,맑음,교차로 - 교차로안,승용,남,60세,경상,승용,남,31세,경상
2022120200100431,2022년 12월 2일 17시,금요일,강원도 강릉시 교동,경상사고,0,0,1,0,차대차 - 기타,중앙선침범,건조,맑음,단일로 - 기타,승용,여,47세,상해없음,승용,여,27세,경상
2022120200100432,2022년 12월 2일 17시,금요일,강원도 원주시 학성동,경상사고,0,0,1,0,차대차 - 기타,안전운전불이행,건조,맑음,교차로 - 교차로부근,승용,여,48세,상해없음,승용,남,33세,경상