사고번호,사고일시,요일,시군구,사고내용,사망자수,중상자수,경상자수,부상신고자수,사고유형,법규위반,노면상태,기상상태,도로형태,가해운전자 차종,가해운전자 성별,가해운전자 연령,가해운전자 상해정도,피해운전자 차종,피해운전자 성별,피해운전자 연령,피해운전자 상해정도
2022120900100202,2022년 12월 9일 12시,금요일,강원도 태백시 황지동,중상사고,0,1,1,0,차대차 - 측면충돌,안전운전불이행,건조,맑음,교차로 - 교차로부근,건설기계,남,61세,상해없음,승용,여,53세,중상
2022120900100228,2022년 12월 9일 13시,금요일,강원도 원주시 신림면,중상사고,0,1,0,0,차대사람 - 횡단중,보행자보호의무위반,건조,맑음,단일로 - 기타,승용,남,68세,상해없음,보행자,여,50세,중상
2022120900100259,2022년 12월 9일 14시,금요일,강원도 원주시 우산동,경상사고,0,0,2,0,차대차 - 추돌,안전거리미확보,건조,맑음,단일로 - 기타,승용,남,29세,상해없음,화물,남,24세,경상
2022120900100260,2022년 12월 9일 14시,금요일,강원도 속초시 조양동,중상사고,0,1,0,0,차대차 - 기타,교차로운행방법위반,건조,맑음,교차로 - 교차로부근,승용,여,65세,상해없음,자전거,남,83세,중상
2022120900100321,2022년 12월 9일 16시,금요일,강원도 춘천시 퇴계동,경상사고,0,0,1,0,차대차 - 기타,안전거리미확보,건조,맑음,단일로 - 기타,승용,여,35세,상해없음,승합,여,46세,경상
2022120900100322,2022년 12월 9일 16시,금요일,강원도 원주시 단구동,경상사고,0,0,1,0,차대차 - 추돌,안전운전불이행,건조,맑음,교차로 - 교차로부근,승용,남,46세,기타불명,승합,남,54세,경상
2022120900100363,2022년 12월 9일 17시,금요일,강원도 강릉시 포남동,경상사고,0,0,1,0,차대차 - 기타,안전운전불이행,건조,맑음,교차로 - 교차로부근,승합,남,68세,상해없음,승용,여,64세,경상
2022120900100364,2022년 12월 9일 17시,금요일,강원도 속초시 교동,경상사고,0,0,1,0,차대사람 - 길가장자리구역통행중,안전운전불이행,건조,맑음,단일로 - 기타,승용,남,26세,상해없음,보행자,여,12세,경상
2022120900100423,2022년 12월 9일 18시,금요일,강원도 강릉시 노암동,경상사고,0,0,1,0,차대차 - 측면충돌,신호위반,건조,맑음,교차로 - 교차로안,승합,남,65세,상해없음,이륜,남,40세,경상
2022120900100424,2022년 12월 9일 18시,금요일,강원도 원주시 원동,중상사고,0,1,0,0,차대사람 - 횡단중,보행자보호의무위반,건조,맑음,단일로 - 기타,승용,남,72세,상해없음,보행자,남,50세,중상
2022120900100425,2022년 12월 9일 18시,금요일,강원도 속초시 교동,중상사고,0,1,0,0,차대차 - 측면충돌,교차로운행방법위반,건조,맑음,교차로 - 교차로안,승용,여,23세,상해없음,원동기,여,20세,중상
2022120900100426,2022년 12월 9일 18시,금요일,강원도 삼척시 도계읍,중상사고,0,1,0,0,차대사람 - 횡단중,안전운전불이행,기타,맑음,단일로 - 기타,승용,남,27세,상해없음,보행자,남,68세,중상
2022120900100499,2022년 12월 9일 19시,금요일,강원도 강릉시 교동,경상사고,0,0,1,0,차대차 - 기타,신호위반,건조,맑음,교차로 - 교차로안,승용,남,59세,상해없음,승용,남,38세,상해없음
2022120900100530,2022년 12월 9일 20시,금요일,강원도 원주시 태장동,경상사고,0,0,1,0,차대차 - 추돌,안전운전불이행,건조,맑음,단일로 - 기타,이륜,남,37세,상해없음,화물,남,27세,상해없음
2022120900100588,2022년 12월 9일 22시,금요일,강원도 춘천시 소양로1가,부상신고사고,0,0,0,1,차대사람 - 횡단중,안전운전불이행,건조,맑음,교차로 - 교차로횡단보도내,승용,남,37세,상해없음,보행자,남,65세,부상신고
2022120900100613,2022년 12월 9일 23시,금요일,강원도 홍천군 서면,경상사고,0,0,3,0,차대차 - 정면충돌,중앙선침범,건조,맑음,단일로 - 기타,승용,남,32세,경상,화물,남,23세,경상
2022121000100036,2022년 12월 10일 01시,토요일,강원도 강릉시 입암동,경상사고,0,0,2,0,차대차 - 기타,안전운전불이행,건조,맑음,교차로 - 교차로안,승용,여,48세,상해없음,승용,여,52세,경상
2022121000100037,2022년 12월 10일 01시,토요일,강원도 속초시 청호동,중상사고,0,1,2,0,차대차 - 측면충돌,교차로운행방법위반,건조,맑음,교차로 - 교차로안,승용,남,25세,상해없음,승용,남,20세,경상
2022121000100080,2022년 12월 10일 06시,토요일,강원도 원주시 단계동,중상사고,0,1,0,0,차대사람 - 횡단중,보행자보호의무위반,젖음/습기,기타,교차로 - 교차로안,승용,남,56세,상해없음,보행자,여,80세,중상
2022121000100132,2022년 12월 10일 09시,토요일,강원도 속초시 교동,경상사고,0,0,3,0,차대차 - 측면충돌,안전운전불이행,건조,맑음,단일로 - 기타,화물,남,82세,상해없음,승용,여,26세,경상
2022121000100148,2022년 12월 10일 10시,토요일,강원도 춘천시 후평동,경상사고,0,0,1,0,차대차 - 추돌,안전운전불이행,건조,맑음,교차로 - 교차로부근,화물,남,26세,상해없음,승용,남,44세,경상
2022121000100149,2022년 12월 10일 10시,토요일,강원도 원주시 중앙동,경상사고,0,0,1,0,차대사람 - 차도통행중,안전운전불이행,건조,맑음,교차로 - 교차로부근,승용,여,57세,상해없음,보행자,여,56세,경상
2022121000100184,2022년 12월 10일 11시,토요일,강원도 강릉시 교동,경상사고,0,0,2,0,차대차 - 측면충돌,안전운전불이행,건조,맑음,교차로 - 교차로부근,승용,여,35세,상해없음,승용,남,59세,경상
2022121000100185,2022년 12월 10일 11시,토요일,강원도 원주시 문막읍,경상사고,0,0,3,0,차대차 - 측면충돌,안전운전불이행,건조,맑음,교차로 - 교차로안,승용,남,64세,상해없음,승합,남,27세,경상
2022121000100186,2022년 12월 10일 11시,토요일,강원도 원주시 태장동,중상사고,0,1,0,0,차대차 - 기타,안전운전불이행,건조,맑음,단일로 - 기타,특수,남,54세,상해없음,승용,남,67세,중상
2022121000100187,2022년 12월 10일 11시,토요일,강원도 속초시 장사동,경상사고,0,0,1,0,차대차 - 추돌,안전운전불이행,건조,맑음,교차로 - 교차로부근,승용,남,42세,상해없음,승용,남,29세,경상
2022121000100220,2022년 12월 10일 12시,토요일,강원도 춘천시 남산면,중상사고,0,1,0,0,차대사람 - 길가장자리구역통행중,안전운전불이행,건조,맑음,단일로 - 기타,화물,남,61세,상해없음,보행자,여,83세,중상
2022121000100255,2022년 12월 10일 13시,토요일,강원도 춘천시 효자동,경상사고,0,0,1,0,차대차 - 기타,직진우회전진행방해,건조,맑음,교차로 - 교차로안,승용,남,22세,상해없음,이륜,남,28세,경상
2022121000100256,2022년 12월 10일 13시,토요일,강원도 평창군 봉평면,경상사고,0,0,3,0,차대차 - 측면충돌,교차로운행방법위반,건조,흐림,교차로 - 교차로안,승용,남,72세,경상,화물,남,49세,경상
2022121000100364,2022년 12월 10일 17시,토요일,강원도 원주시 지정면,경상사고,0,0,2,0,차대차 - 정면충돌,중앙선침범,건조,맑음,단일로 - 기타,승용,남,39세,경상,승용,여,31세,경상
2022121000100408,2022년 12월 10일 18시,토요일,강원도 춘천시 사농동,경상사고,0,0,6,4,차대차 - 측면충돌,신호위반,건조,맑음,교차로 - 교차로안,승용,남,78세,부상신고,승용,여,58세,경상
2022121000100409,2022년 12월 10일 18시,토요일,강원도 강릉시 성산면,경상사고,0,0,1,0,차대차 - 기타,안전운전불이행,건조,맑음,단일로 - 기타,승용,여,58세,상해없음,승용,남,30세,경상
2022121000100410,2022년 12월 10일 18시,토요일,강원도 영월군 산솔면,중상사고,0,2,1,0,차량단독 - 도로외이탈 - 추락,안전운전불이행,건조,맑음,단일로 - 기타,화물,남,66세,경상,,,,
2022121000100411,2022년 12월 10일 18시,토요일,강원도 고성군 거진읍,경상사고,0,0,2,0,차대차 - 측면충돌,신호위반,건조,맑음,교차로 - 교차로안,승용,남,29세,상해없음,승용,남,64세,경상
2022121000100446,2022년 12월 10일 19시,토요일,강원도 원주시 개운동,경상사고,0,0,1,0,차대차 - 기타,안전운전불이행,건조,맑음,교차로 - 교차로부근,승용,남,64세,상해없음,이륜,남,26세,경상
2022121000100470,2022년 12월 10일 20시,토요일,강원도 춘천시 석사동,중상사고,0,1,0,0,차대차 - 측면충돌,안전운전불이행,건조,맑음,교차로 - 교차로부근,승용,여,53세,상해없음,이륜,남,46세,중상
2022121000100471,2022년 12월 10일 20시,토요일,강원도 태백시 황지동,경상사고,0,0,2,0,차대차 - 측면충돌,안전거리미확보,건조,맑음,교차로 - 교차로부근,승용,여,67세,상해없음,승용,남,46세,경상
2022121000100536,2022년 12월 10일 23시,토요일,강원도 강릉시 교동,경상사고,0,0,1,0,차대차 - 기타,신호위반,건조,맑음,교차로 - 교차로안,승용,여,55세,상해없음,이륜,여,19세,경상
2022121100100025,2022년 12월 11일 01시,일요일,강원도 속초시 조양동,중상사고,0,1,3,0,차대차 - 추돌,기타,건조,맑음,교차로 - 교차로부근,승용,여,27세,상해없음,승용,남,46세,중상
2022121100100051,2022년 12월 11일 05시,일요일,강원도 고성군 현내면,중상사고,0,1,3,0,차대차 - 측면충돌,안전운전불이행,건조,맑음,기타 - 기타,승용,남,45세,상해없음,승용,남,57세,경상
2022121100100080,2022년 12월 11일 09시,일요일,강원도 인제군 북면,경상사고,0,0,1,0,차대차 - 추돌,신호위반,건조,맑음,교차로 - 교차로안,화물,남,63세,상해없음,이륜,남,30세,경상
2022121100100120,2022년 12월 11일 11시,일요일,강원도 춘천시 동면,경상사고,0,0,1,0,차대차 - 추돌,안전운전불이행,건조,맑음,교차로 - 교차로부근,승합,남,55세,상해없음,승용,여,52세,경상
2022121100100121,2022년 12월 11일 11시,일요일,강원도 원주시 태장동,중상사고,0,1,0,0,차대차 - 기타,안전거리미확보,건조,맑음,교차로 - 교차로안,승용,남,31세,상해없음,원동기,남,45세,중상
2022121100100145,2022년 12월 11일 12시,일요일,강원도 강릉시 입암동,경상사고,0,0,1,0,차대차 - 측면충돌,안전운전불이행,건조,맑음,단일로 - 기타,이륜,남,47세,기타불명,이륜,남,37세,경상
2022121100100202,2022년 12월 11일 14시,일요일,강원도 영월군 주천면,경상사고,0,0,1,0,차대사람 - 기타,안전운전불이행,건조,맑음,기타 - 기타,화물,남,48세,상해없음,보행자,남,64세,경상
2022121100100203,2022년 12월 11일 14시,일요일,강원도 태백시 황지동,경상사고,0,0,1,0,차대차 - 측면충돌,안전운전불이행,건조,맑음,교차로 - 교차로부근,승용,여,64세,상해없음,승용,여,65세,경상
2022121100100246,2022년 12월 11일 15시,일요일,강원도 춘천시 석사동,경상사고,0,0,2,0,차대차 - 기타,직진우회전진행방해,건조,맑음,교차로 - 교차로안,승용,남,64세,상해없음,승용,여,35세,경상
2022121100100247,2022년 12월 11일 15시,일요일,강원도 강릉시 죽헌동,경상사고,0,0,2,0,차대차 - 측면충돌,신호위반,건조,맑음,교차로 - 교차로안,승용,남,29세,상해없음,승용,남,61세,경상
2022121100100300,2022년 12월 11일 17시,일요일,강원도 원주시 단구동,경상사고,0,0,1,0,차대사람 - 횡단중,보행자보호의무위반,건조,맑음,교차로 - 교차로부근,승용,여,51세,상해없음,보행자,남,8세,경상
2022121100100301,2022년 12월 11일 17시,일요일,강원도 양양군 양양읍,경상사고,0,0,2,0,차대차 - 측면충돌,교차로운행방법위반,건조,맑음,교차로 - 교차로안,승용,여,23세,경상,승용,남,38세,경상
2022121100100302,2022년 12월 11일 17시,일요일,강원도 영월군 영월읍,부상신고사고,0,0,0,1,차량단독 - 공작물충돌,안전운전불이행,건조,맑음,단일로 - 기타,승용,여,53세,상해없음,,,,
2022121100100333,2022년 12월 11일 18시,일요일,강원도 강릉시 교동,경상사고,0,0,2,0,차대차 - 기타,안전운전불이행,건조,맑음,교차로 - 교차로안,승용,여,27세,상해없음,승용,남,22세,경상
2022121100100334,2022년 12월 11일 18시,일요일,강원도 횡성군 우천면,경상사고,0,0,1,0,차대차 - 측면충돌,중앙선침범,건조,흐림,단일로 - 기타,승용,남,28세,상해없음,화물,남,47세,경상
2022121100100374,2022년 12월 11일 19시,일요일,강원도 원주시 명륜동,경상사고,0,0,1,0,차대차 - 측면충돌,안전운전불이행,건조,맑음,단일로 - 기타,승용,남,66세,상해없음,승용,남,52세,경상
2022121100100401,2022년 12월 11일 20시,일요일,강원도 강릉시 연곡면,경상사고,0,0,1,0,차대차 - 기타,안전운전불이행,건조,맑음,교차로 - 교차로부근,화물,남,61세,기타불명,승용,남,35세,경상
2022121100100439,2022년 12월 11일 23시,일요일,강원도 원주시 반곡동,중상사고,0,1,0,0,차대사람 - 차도통행중,안전운전불이행,건조,맑음,교차로 - 교차로안,승용,남,33세,상해없음,보행자,남,59세,중상
2022121200100008,2022년 12월 12일 00시,월요일,강원도 홍천군 홍천읍,중상사고,0,1,4,0,차대차 - 추돌,기타,건조,맑음,단일로 - 기타,승용,남,19세,경상,화물,남,39세,경상
2022121200100077,2022년 12월 12일 08시,월요일,강원도 원주시 문막읍,경상사고,0,0,1,0,차대차 - 측면충돌,안전운전불이행,건조,흐림,교차로 - 교차로부근,승용,남,68세,상해없음,승용,남,64세,경상
2022121200100154,2022년 12월 12일 11시,월요일,강원도 원주시 무실동,경상사고,0,0,2,0,차대차 - 측면충돌,차로위반,건조,맑음,교차로 - 교차로안,승용,여,68세,상해없음,승용,여,28세,경상
2022121200100155,2022년 12월 12일 11시,월요일,강원도 화천군 화천읍,경상사고,0,0,1,0,차대차 - 측면충돌,교차로운행방법위반,건조,맑음,교차로 - 교차로안,화물,남,60세,상해없음,원동기,남,41세,경상
2022121200100156,2022년 12월 12일 11시,월요일,강원도 철원군 갈말읍,경상사고,0,0,2,0,차대사람 - 차도통행중,안전운전불이행,건조,맑음,교차로 - 교차로부근,승용,남,73세,경상,보행자,여,64세,경상
2022121200100220,2022년 12월 12일 13시,월요일,강원도 양구군 양구읍,경상사고,0,0,1,0,차대차 - 측면충돌,직진우회전진행방해,건조,맑음,교차로 - 교차로안,승용,여,42세,상해없음,승용,남,43세,경상
2022121200100245,2022년 12월 12일 14시,월요일,강원도 강릉시 내곡동,경상사고,0,0,1,0,차대차 - 측면충돌,안전운전불이행,건조,흐림,교차로 - 교차로부근,승용,남,58세,상해없음,승용,여,53세,경상
2022121200100246,2022년 12월 12일 14시,월요일,강원도 원주시 명륜동,경상사고,0,0,2,0,차대차 - 측면충돌,신호위반,건조,맑음,교차로 - 교차로안,승용,여,45세,기타불명,승용,남,54세,경상
2022121200100274,2022년 12월 12일 15시,월요일,강원도 원주시 명륜동,중상사고,0,3,3,0,차대차 - 기타,안전운전불이행,건조,맑음,교차로 - 교차로부근,승용,여,48세,상해없음,승합,남,57세,상해없음
2022121200100356,2022년 12월 12일 17시,월요일,강원도 춘천시 동내면,중상사고,0,1,0,0,차대차 - 추돌,안전운전불이행,건조,맑음,기타 - 기타,승용,남,62세,상해없음,승용,남,37세,중상
2022121200100357,2022년 12월 12일 17시,월요일,강원도 원주시 개운동,중상사고,0,1,0,0,차대차 - 정면충돌,중앙선침범,건조,맑음,단일로 - 기타,승용,남,48세,상해없음,원동기,남,32세,중상
2022121200100422,2022년 12월 12일 18시,월요일,강원도 원주시 개운동,경상사고,0,0,2,0,차대차 - 측면충돌,교차로운행방법위반,건조,맑음,교차로 - 교차로안,승용,남,61세,상해없음,승용,남,26세,경상
2022121200100482,2022년 12월 12일 19시,월요일,강원도 춘천시 퇴계동,경상사고,0,0,1,0,차대사람 - 기타,보행자보호의무위반,젖음/습기,비,교차로 - 교차로부근,승용,여,52세,상해없음,보행자,여,23세,경상
2022121200100483,2022년 12월 12일 19시,월요일,강원도 춘천시 효자동,중상사고,0,1,0,0,차량단독 - 기타,안전운전불이행,건조,맑음,단일로 - 기타,승합,남,57세,상해없음,,,,
2022121300100007,2022년 12월 13일 00시,화요일,강원도 속초시 교동,경상사고,0,0,1,0,차대차 - 측면충돌,중앙선침범,건조,맑음,교차로 - 교차로안,승용,남,32세,상해없음,승용,남,42세,경상
2022121300100070,2022년 12월 13일 07시,화요일,강원도 횡성군 우천면,경상사고,0,0,1,0,차대차 - 측면충돌,안전운전불이행,적설,눈,단일로 - 기타,화물,남,55세,상해없음,승용,남,42세,경상
2022121300100098,2022년 12월 13일 08시,화요일,강원도 동해시 북평동,경상사고,0,0,3,0,차대차 - 측면충돌,직진우회전진행방해,건조,맑음,교차로 - 교차로안,승용,여,54세,상해없음,승용,여,42세,경상
2022121300100144,2022년 12월 13일 10시,화요일,강원도 고성군 거진읍,경상사고,0,0,1,0,차대차 - 기타,안전운전불이행,건조,맑음,교차로 - 교차로부근,승용,여,68세,상해없음,승합,남,50세,상해없음
2022121300100181,2022년 12월 13일 11시,화요일,강원도 춘천시 우두동,경상사고,0,0,1,0,차대사람 - 기타,신호위반,건조,맑음,교차로 - 교차로횡단보도내,승합,여,50세,상해없음,보행자,여,88세,경상
2022121300100208,2022년 12월 13일 12시,화요일,강원도 춘천시 후평동,중상사고,0,1,0,0,차대사람 - 기타,기타,건조,맑음,교차로 - 교차로횡단보도내,승용,남,56세,상해없음,보행자,여,70세,중상
2022121300100231,2022년 12월 13일 13시,화요일,강원도 춘천시 칠전동,경상사고,0,0,1,0,차대차 - 정면충돌,중앙선침범,건조,맑음,단일로 - 기타,승용,여,48세,상해없음,승용,남,53세,경상
2022121300100287,2022년 12월 13일 15시,화요일,강원도 영월군 영월읍,중상사고,0,1,0,0,차대차 - 측면충돌,교차로운행방법위반,건조,맑음,교차로 - 교차로안,승용,남,65세,상해없음,이륜,남,84세,중상
2022121300100288,2022년 12월 13일 15시,화요일,강원도 횡성군 횡성읍,경상사고,0,0,2,0,차대차 - 측면충돌,안전운전불이행,젖음/습기,흐림,교차로 - 교차로안,승용,여,44세,상해없음,승용,여,42세,경상
2022121300100359,2022년 12월 13일 17시,화요일,강원도 강릉시 내곡동,경상사고,0,0,1,0,차대차 - 측면충돌,안전운전불이행,젖음/습기,눈,교차로 - 교차로부근,승용,여,57세,상해없음,승용,여,53세,경상
2022121300100360,2022년 12월 13일 17시,화요일,강원도 원주시 명륜동,경상사고,0,0,1,0,차대사람 - 횡단중,보행자보호의무위반,젖음/습기,눈,교차로 - 교차로안,승용,여,42세,상해없음,보행자,여,48세,경상
2022121300100361,2022년 12월 13일 17시,화요일,강원도 원주시 무실동,경상사고,0,0,2,0,차대차 - 추돌,신호위반,적설,눈,교차로 - 교차로안,승합,남,61세,상해없음,승용,남,68세,경상
2022121300100403,2022년 12월 13일 18시,화요일,강원도 춘천시 석사동,경상사고,0,0,1,0,차대차 - 기타,안전운전불이행,건조,맑음,단일로 - 기타,승용,여,60세,상해없음,이륜,남,37세,경상
2022121300100404,2022년 12월 13일 18시,화요일,강원도 동해시 효가동,경상사고,0,0,1,0,차대차 - 측면충돌,안전운전불이행,젖음/습기,눈,단일로 - 기타,승합,남,59세,경상,승용,남,64세,상해없음
2022121300100495,2022년 12월 13일 21시,화요일,강원도 원주시 흥업면,경상사고,0,0,1,0,차량단독 - 기타,안전운전불이행,서리/결빙,눈,단일로 - 기타,승용,남,41세,상해없음,,,,
2022121300100515,2022년 12월 13일 22시,화요일,강원도 평창군 대관령면,중상사고,0,1,0,0,차대차 - 측면충돌,중앙선침범,적설,눈,단일로 - 지하차도(도로)내,화물,남,49세,상해없음,승용,남,51세,중상
2022121400100005,2022년 12월 14일 00시,수요일,강원도 강릉시 입암동,경상사고,0,0,1,0,차대차 - 측면충돌,신호위반,건조,맑음,교차로 - 교차로안,승용,남,50세,상해없음,승용,남,73세,경상
2022121400100015,2022년 12월 14일 01시,수요일,강원도 양양군 양양읍,경상사고,0,0,1,0,차대차 - 측면충돌,중앙선침범,건조,맑음,단일로 - 기타,승용,남,28세,상해없음,원동기,남,27세,경상
2022121400100097,2022년 12월 14일 08시,수요일,강원도 춘천시 효자동,부상신고사고,0,0,0,2,차대차 - 기타,신호위반,건조,맑음,교차로 - 교차로안,승용,남,59세,상해없음,승용,남,37세,부상신고
2022121400100199,2022년 12월 14일 10시,수요일,강원도 강릉시 교동,경상사고,0,0,1,0,차대차 - 기타,안전운전불이행,건조,맑음,교차로 - 교차로안,승용,남,77세,상해없음,승용,여,25세,경상
2022121400100226,2022년 12월 14일 11시,수요일,강원도 속초시 설악동,경상사고,0,0,1,0,차대차 - 측면충돌,중앙선침범,건조,맑음,단일로 - 기타,승용,남,65세,상해없음,승용,남,63세,경상
2022121400100257,2022년 12월 14일 12시,수요일,강원도 강릉시 포남동,중상사고,0,1,0,0,차대차 - 기타,안전운전불이행,건조,맑음,교차로 - 교차로안,특수,남,44세,상해없음,이륜,남,37세,중상
2022121400100411,2022년 12월 14일 16시,수요일,강원도 춘천시 중앙로3가,경상사고,0,0,2,0,차대사람 - 횡단중,신호위반,건조,맑음,교차로 - 교차로횡단보도내,승용,남,25세,상해없음,보행자,여,61세,경상
2022121400100461,2022년 12월 14일 17시,수요일,강원도 철원군 동송읍,경상사고,0,0,1,0,차대사람 - 횡단중,보행자보호의무위반,건조,맑음,단일로 - 기타,승용,여,54세,상해없음,보행자,남,15세,경상
2022121400100515,2022년 12월 14일 18시,수요일,강원도 춘천시 퇴계동,중상사고,0,1,0,0,차대사람 - 횡단중,보행자보호의무위반,건조,맑음,교차로 - 교차로횡단보도내,승용,여,57세,상해없음,보행자,여,70세,중상
2022121400100516,2022년 12월 14일 18시,수요일,강원도 원주시 지정면,경상사고,0,0,1,0,차대차 - 측면충돌,신호위반,건조,맑음,교차로 - 교차로안,승용,여,60세,상해없음,승용,남,35세,경상
2022121400100577,2022년 12월 14일 19시,수요일,강원도 횡성군 횡성읍,경상사고,0,0,1,0,차대차 - 기타,직진우회전진행방해,건조,흐림,교차로 - 교차로부근,승용,여,52세,상해없음,이륜,남,57세,경상
2022121400100639,2022년 12월 14일 21시,수요일,강원도 춘천시 동면,경상사고,0,0,2,0,차대차 - 추돌,안전운전불이행,건조,맑음,단일로 - 기타,화물,남,61세,상해없음,승용,여,45세,경상
2022121400100640,2022년 12월 14일 21시,수요일,강원도 원주시 단계동,경상사고,0,0,1,0,차대차 - 추돌,안전거리미확보,건조,맑음,교차로 - 교차로부근,승용,남,20세,상해없음,승용,여,44세,경상
2022121400100685,2022년 12월 14일 23시,수요일,강원도 원주시 무실동,경상사고,0,0,2,0,차대차 - 추돌,안전운전불이행,건조,맑음,교차로 - 교차로부근,화물,남,33세,상해없음,승용,남,65세,경상
2022121500100027,2022년 12월 15일 02시,목요일,강원도 춘천시 우두동,중상사고,0,2,0,0,차대차 - 측면충돌,안전운전불이행,건조,맑음,단일로 - 기타,승용,남,23세,상해없음,승용,남,44세,상해없음
2022121500100063,2022년 12월 15일 06시,목요일,강원도 정선군 사북읍,경상사고,0,0,2,0,차대차 - 측면충돌,안전운전불이행,건조,맑음,주차장 - 주차장,화물,남,69세,상해없음,승용,남,56세,경상
2022121500100173,2022년 12월 15일 10시,목요일,강원도 강릉시 교동,경상사고,0,0,1,0,차대차 - 측면충돌,안전운전불이행,건조,맑음,교차로 - 교차로안,승용,여,65세,상해없음,승용,여,56세,경상
2022121500100174,2022년 12월 15일 10시,목요일,강원도 횡성군 횡성읍,중상사고,0,1,0,0,차대차 - 추돌,안전운전불이행,적설,눈,단일로 - 기타,승용,남,64세,상해없음,승용,남,32세,중상
2022121500100222,2022년 12월 15일 12시,목요일,강원도 영월군 남면,경상사고,0,0,3,0,차대차 - 추돌,안전운전불이행,건조,맑음,기타 - 기타,화물,남,49세,경상,화물,남,67세,경상
2022121500100261,2022년 12월 15일 13시,목요일,강원도 홍천군 홍천읍,경상사고,0,0,1,0,차대차 - 정면충돌,안전운전불이행,적설,눈,단일로 - 기타,화물,남,83세,상해없음,승용,여,49세,경상
2022121500100302,2022년 12월 15일 14시,목요일,강원도 춘천시 효자동,경상사고,0,0,1,0,차대차 - 기타,안전거리미확보,서리/결빙,눈,단일로 - 기타,승용,여,35세,상해없음,승용,남,44세,경상
2022121500100303,2022년 12월 15일 14시,목요일,강원도 강릉시 송정동,경상사고,0,0,1,0,차대차 - 기타,안전운전불이행,건조,맑음,주차장 - 주차장,승용,여,70세,상해없음,승용,여,51세,경상
2022121500100344,2022년 12월 15일 15시,목요일,강원도 강릉시 포남동,경상사고,0,0,1,0,차대사람 - 기타,안전운전불이행,건조,맑음,단일로 - 기타,승용,여,48세,상해없음,보행자,여,45세,경상
2022121500100373,2022년 12월 15일 16시,목요일,강원도 강릉시 교동,경상사고,0,0,1,0,차대차 - 측면충돌,안전운전불이행,건조,맑음,교차로 - 교차로안,화물,남,53세,상해없음,승용,여,42세,경상
2022121500100374,2022년 12월 15일 16시,목요일,강원도 원주시 단계동,경상사고,0,0,3,0,차대차 - 추돌,안전거리미확보,서리/결빙,눈,단일로 - 기타,승용,남,31세,상해없음,승용,여,67세,경상
2022121500100375,2022년 12월 15일 16시,목요일,강원도 원주시 무실동,경상사고,0,0,2,0,차대차 - 추돌,안전거리미확보,적설,눈,교차로 - 교차로부근,화물,남,43세,기타불명,승용,남,30세,경상
2022121500100406,2022년 12월 15일 17시,목요일,강원도 원주시 소초면,경상사고,0,0,3,0,차대차 - 측면충돌,안전운전불이행,젖음/습기,흐림,교차로 - 교차로안,승용,남,36세,기타불명,화물,남,65세,경상
2022121500100455,2022년 12월 15일 18시,목요일,강원도 강릉시 교동,경상사고,0,0,1,0,차대사람 - 횡단중,안전운전불이행,건조,맑음,교차로 - 교차로부근,승용,여,49세,상해없음,보행자,여,73세,경상
2022121500100507,2022년 12월 15일 20시,목요일,강원도 홍천군 영귀미면,경상사고,0,0,1,0,차대차 - 정면충돌,안전운전불이행,서리/결빙,흐림,단일로 - 기타,승용,남,63세,경상,화물,남,62세,기타불명
2022121500100528,2022년 12월 15일 21시,목요일,강원도 춘천시 중앙로1가,경상사고,0,0,2,0,차대차 - 측면충돌,안전운전불이행,서리/결빙,흐림,교차로 - 교차로안,승용,여,61세,상해없음,승용,남,26세,경상
2022121500100555,2022년 12월 15일 22시,목요일,강원도 원주시 문막읍,경상사고,0,0,2,0,차대차 - 추돌,안전운전불이행,서리/결빙,눈,기타 - 기타,승용,남,19세,상해없음,승용,남,51세,경상
2022121600100169,2022년 12월 16일 10시,금요일,강원도 평창군 대관령면,경상사고,0,0,3,0,차대차 - 측면충돌,중앙선침범,적설,맑음,단일로 - 지하차도(도로)내,승용,남,43세,상해없음,승용,남,32세,경상
2022121600100217,2022년 12월 16일 12시,금요일,강원도 원주시 학성동,중상사고,0,1,2,0,차대차 - 추돌,안전운전불이행,젖음/습기,맑음,교차로 - 교차로안,승용,남,49세,상해없음,승용,남,40세,중상
2022121600100346,2022년 12월 16일 16시,금요일,강원도 원주시 문막읍,경상사고,0,0,2,1,차대차 - 추돌,안전운전불이행,건조,맑음,교차로 - 교차로부근,승용,남,25세,부상신고,승합,남,73세,상해없음
2022121600100440,2022년 12월 16일 18시,금요일,강원도 춘천시 퇴계동,경상사고,0,0,1,0,차대사람 - 횡단중,보행자보호의무위반,서리/결빙,눈,교차로 - 교차로안,승용,남,57세,상해없음,보행자,여,23세,경상
2022121600100441,2022년 12월 16일 18시,금요일,강원도 화천군 하남면,경상사고,0,0,3,0,차대차 - 추돌,안전운전불이행,건조,맑음,단일로 - 기타,승용,남,37세,상해없음,승용,여,22세,경상