사고번호,사고일시,요일,시군구,사고내용,사망자수,중상자수,경상자수,부상신고자수,사고유형,법규위반,노면상태,기상상태,도로형태,가해운전자 차종,가해운전자 성별,가해운전자 연령,가해운전자 상해정도,피해운전자 차종,피해운전자 성별,피해운전자 연령,피해운전자 상해정도
2022121600100536,2022년 12월 16일 21시,금요일,강원도 속초시 대포동,중상사고,0,1,1,0,차대차 - 측면충돌,신호위반,건조,맑음,교차로 - 교차로안,승용,여,29세,상해없음,승용,남,22세,경상
2022121700100008,2022년 12월 17일 00시,토요일,강원도 원주시 단구동,경상사고,0,0,2,0,차대차 - 측면충돌,안전운전불이행,건조,맑음,교차로 - 교차로안,승용,남,73세,상해없음,승용,남,71세,경상
2022121700100079,2022년 12월 17일 07시,토요일,강원도 속초시 동명동,중상사고,0,1,0,0,차대차 - 측면충돌,안전거리미확보,건조,맑음,교차로 - 교차로부근,승용,남,64세,상해없음,이륜,남,30세,중상
2022121700100110,2022년 12월 17일 09시,토요일,강원도 동해시 쇄운동,경상사고,0,0,1,0,차대차 - 측면충돌,직진우회전진행방해,건조,맑음,교차로 - 교차로안,승용,여,41세,상해없음,승용,남,53세,경상
2022121700100175,2022년 12월 17일 11시,토요일,강원도 춘천시 퇴계동,중상사고,0,1,0,0,차대사람 - 횡단중,보행자보호의무위반,건조,맑음,교차로 - 교차로횡단보도내,승용,남,22세,상해없음,보행자,남,64세,중상
2022121700100252,2022년 12월 17일 13시,토요일,강원도 춘천시 퇴계동,경상사고,0,0,1,0,차대사람 - 차도통행중,기타,건조,맑음,단일로 - 기타,화물,남,33세,상해없음,보행자,남,63세,경상
2022121700100253,2022년 12월 17일 13시,토요일,강원도 춘천시 동내면,중상사고,0,1,1,0,차대차 - 기타,안전운전불이행,건조,맑음,교차로 - 교차로안,승용,여,53세,상해없음,승용,여,26세,중상
2022121700100296,2022년 12월 17일 14시,토요일,강원도 태백시 황지동,경상사고,0,0,1,0,차대차 - 기타,직진우회전진행방해,건조,맑음,교차로 - 교차로안,승용,남,66세,상해없음,승용,여,27세,경상
2022121700100325,2022년 12월 17일 15시,토요일,강원도 고성군 죽왕면,경상사고,0,0,2,0,차대차 - 추돌,안전운전불이행,건조,맑음,기타 - 기타,승용,여,61세,상해없음,승용,남,25세,경상
2022121700100457,2022년 12월 17일 19시,토요일,강원도 강릉시 옥천동,경상사고,0,0,2,0,차대차 - 추돌,안전운전불이행,건조,맑음,교차로 - 교차로안,화물,남,63세,상해없음,승용,남,40세,경상
2022121700100458,2022년 12월 17일 19시,토요일,강원도 속초시 조양동,경상사고,0,0,1,0,차대사람 - 기타,안전운전불이행,건조,맑음,단일로 - 지하차도(도로)내,승용,남,62세,상해없음,보행자,남,28세,경상
2022121700100537,2022년 12월 17일 22시,토요일,강원도 고성군 간성읍,경상사고,0,0,1,0,차대차 - 측면충돌,직진우회전진행방해,건조,맑음,교차로 - 교차로안,승용,남,35세,상해없음,승용,남,22세,경상
2022121800100169,2022년 12월 18일 13시,일요일,강원도 속초시 교동,경상사고,0,0,1,0,차대사람 - 횡단중,보행자보호의무위반,건조,맑음,교차로 - 교차로횡단보도내,승용,남,62세,상해없음,보행자,여,15세,경상
2022121800100262,2022년 12월 18일 16시,일요일,강원도 원주시 관설동,경상사고,0,0,3,0,차대차 - 정면충돌,신호위반,건조,맑음,교차로 - 교차로안,승용,여,53세,상해없음,승용,남,40세,경상
2022121800100281,2022년 12월 18일 17시,일요일,강원도 강릉시 입암동,경상사고,0,0,2,0,차대차 - 추돌,안전운전불이행,건조,맑음,교차로 - 교차로부근,승용,여,43세,기타불명,승용,남,64세,경상
2022121800100282,2022년 12월 18일 17시,일요일,강원도 철원군 동송읍,중상사고,0,1,0,0,차대사람 - 차도통행중,안전운전불이행,서리/결빙,흐림,주차장 - 주차장,승용,남,64세,상해없음,보행자,남,67세,중상
2022121800100306,2022년 12월 18일 18시,일요일,강원도 원주시 일산동,중상사고,0,1,0,0,차대사람 - 횡단중,보행자보호의무위반,건조,흐림,교차로 - 교차로횡단보도내,승용,남,73세,상해없음,보행자,여,76세,중상
2022121800100307,2022년 12월 18일 18시,일요일,강원도 홍천군 홍천읍,경상사고,0,0,2,0,차대차 - 측면충돌,신호위반,건조,흐림,단일로 - 기타,승용,남,61세,상해없음,특수,남,23세,경상
2022121800100341,2022년 12월 18일 19시,일요일,강원도 속초시 교동,중상사고,0,1,0,0,차대차 - 측면충돌,안전운전불이행,건조,맑음,교차로 - 교차로안,승용,남,42세,상해없음,이륜,남,31세,중상
2022121800100413,2022년 12월 18일 22시,일요일,강원도 원주시 단계동,경상사고,0,0,5,0,차대차 - 정면충돌,신호위반,건조,맑음,교차로 - 교차로안,승용,남,60세,상해없음,승용,남,49세,경상
2022121800100422,2022년 12월 18일 23시,일요일,강원도 속초시 교동,경상사고,0,0,2,0,차대차 - 측면충돌,교차로운행방법위반,건조,흐림,교차로 - 교차로안,승용,남,33세,기타불명,승용,남,51세,상해없음
2022121900100007,2022년 12월 19일 01시,월요일,강원도 춘천시 석사동,부상신고사고,0,0,0,1,차대사람 - 길가장자리구역통행중,안전운전불이행,건조,맑음,교차로 - 교차로부근,승용,남,35세,상해없음,보행자,남,40세,부상신고
2022121900100028,2022년 12월 19일 05시,월요일,강원도 원주시 단계동,중상사고,0,1,0,0,차대사람 - 기타,안전운전불이행,건조,맑음,교차로 - 교차로부근,승용,남,50세,상해없음,보행자,여,74세,중상
2022121900100047,2022년 12월 19일 06시,월요일,강원도 원주시 우산동,경상사고,0,0,1,0,차대차 - 측면충돌,신호위반,건조,맑음,교차로 - 교차로안,승용,남,64세,상해없음,승용,여,72세,경상
2022121900100071,2022년 12월 19일 07시,월요일,강원도 화천군 하남면,중상사고,0,1,0,0,차대차 - 측면충돌,중앙선침범,건조,맑음,단일로 - 기타,승용,여,49세,상해없음,승용,여,58세,중상
2022121900100141,2022년 12월 19일 09시,월요일,강원도 춘천시 동내면,경상사고,0,0,1,0,차대차 - 측면충돌,안전운전불이행,건조,맑음,단일로 - 기타,승용,남,61세,상해없음,승용,여,41세,경상
2022121900100192,2022년 12월 19일 11시,월요일,강원도 원주시 태장동,경상사고,0,0,2,0,차대차 - 측면충돌,교차로운행방법위반,건조,맑음,기타 - 기타,승합,남,45세,기타불명,승용,남,30세,경상
2022121900100232,2022년 12월 19일 12시,월요일,강원도 태백시 황지동,경상사고,0,0,1,0,차대사람 - 차도통행중,신호위반,건조,맑음,단일로 - 기타,승용,여,68세,상해없음,보행자,여,62세,경상
2022121900100268,2022년 12월 19일 13시,월요일,강원도 양구군 양구읍,경상사고,0,0,2,0,차대차 - 측면충돌,안전운전불이행,건조,맑음,교차로 - 교차로안,화물,남,73세,상해없음,승용,남,65세,경상
2022121900100269,2022년 12월 19일 13시,월요일,강원도 홍천군 화촌면,경상사고,0,0,1,0,차대차 - 측면충돌,안전운전불이행,건조,맑음,주차장 - 주차장,승용,남,60세,상해없음,승용,남,40세,경상
2022121900100302,2022년 12월 19일 14시,월요일,강원도 태백시 황지동,경상사고,0,0,1,0,차대차 - 후진중충돌,안전운전불이행,건조,맑음,주차장 - 주차장,승용,남,64세,상해없음,승용,남,52세,경상
2022121900100363,2022년 12월 19일 16시,월요일,강원도 속초시 노학동,경상사고,0,0,1,0,차대차 - 추돌,안전운전불이행,건조,맑음,교차로 - 교차로부근,승용,여,49세,상해없음,승용,여,42세,경상
2022121900100475,2022년 12월 19일 19시,월요일,강원도 동해시 천곡동,경상사고,0,0,2,0,차대차 - 후진중충돌,안전운전불이행,건조,맑음,단일로 - 기타,승용,여,71세,기타불명,승용,여,52세,경상
2022121900100565,2022년 12월 19일 23시,월요일,강원도 원주시 무실동,경상사고,0,0,1,0,차대사람 - 기타,보행자보호의무위반,건조,맑음,단일로 - 기타,승용,여,50세,상해없음,보행자,남,16세,경상
2022122000100011,2022년 12월 20일 01시,화요일,강원도 원주시 반곡동,중상사고,0,1,1,0,차대차 - 측면충돌,신호위반,건조,맑음,교차로 - 교차로안,화물,남,41세,상해없음,승용,남,31세,경상
2022122000100022,2022년 12월 20일 02시,화요일,강원도 속초시 교동,중상사고,0,1,1,0,차대차 - 측면충돌,신호위반,건조,맑음,교차로 - 교차로안,승용,여,29세,상해없음,승용,남,53세,중상
2022122000100091,2022년 12월 20일 08시,화요일,강원도 춘천시 동내면,경상사고,0,0,3,1,차대차 - 기타,안전거리미확보,기타,맑음,기타 - 기타,승용,남,24세,상해없음,화물,남,63세,상해없음
2022122000100092,2022년 12월 20일 08시,화요일,강원도 속초시 동명동,중상사고,0,1,0,2,차대차 - 측면충돌,안전운전불이행,건조,맑음,단일로 - 기타,승용,여,55세,상해없음,승용,여,30세,중상
2022122000100142,2022년 12월 20일 09시,화요일,강원도 영월군 북면,경상사고,0,0,1,0,차대차 - 측면충돌,직진우회전진행방해,젖음/습기,흐림,교차로 - 교차로안,승용,남,32세,상해없음,승용,여,53세,경상
2022122000100180,2022년 12월 20일 10시,화요일,강원도 강릉시 포남동,경상사고,0,0,2,0,차대차 - 추돌,안전운전불이행,건조,맑음,단일로 - 기타,화물,남,60세,상해없음,승용,여,50세,경상
2022122000100181,2022년 12월 20일 10시,화요일,강원도 인제군 남면,경상사고,0,0,1,0,차대차 - 측면충돌,기타,건조,맑음,단일로 - 기타,승용,남,41세,기타불명,승용,남,48세,기타불명
2022122000100220,2022년 12월 20일 11시,화요일,강원도 화천군 화천읍,경상사고,0,0,4,0,차대차 - 측면충돌,교차로운행방법위반,건조,맑음,교차로 - 교차로안,승용,여,58세,경상,승용,남,36세,경상
2022122000100324,2022년 12월 20일 14시,화요일,강원도 원주시 개운동,부상신고사고,0,0,0,3,차대차 - 추돌,안전운전불이행,건조,맑음,교차로 - 교차로안,승용,남,68세,기타불명,승용,여,70세,부상신고
2022122000100362,2022년 12월 20일 15시,화요일,강원도 춘천시 소양로1가,경상사고,0,0,1,0,차대차 - 추돌,안전운전불이행,건조,맑음,교차로 - 교차로안,화물,남,31세,상해없음,승용,여,34세,경상
2022122000100363,2022년 12월 20일 15시,화요일,강원도 원주시 단구동,경상사고,0,0,2,0,차대차 - 추돌,안전운전불이행,건조,맑음,단일로 - 기타,승용,남,41세,상해없음,승용,여,33세,경상
2022122000100364,2022년 12월 20일 15시,화요일,강원도 삼척시 근덕면,사망사고,2,0,0,0,차량단독 - 도로외이탈 - 추락,안전운전불이행,기타,맑음,단일로 - 기타,화물,남,80세,사망,,,,
2022122000100365,2022년 12월 20일 15시,화요일,강원도 정선군 정선읍,경상사고,0,0,2,0,차대차 - 정면충돌,교차로운행방법위반,건조,맑음,교차로 - 교차로안,승용,남,65세,기타불명,승용,남,60세,경상
2022122000100366,2022년 12월 20일 15시,화요일,강원도 동해시 발한동,경상사고,0,0,1,0,차대차 - 추돌,안전운전불이행,건조,맑음,교차로 - 교차로부근,승합,남,54세,상해없음,승용,남,63세,경상
2022122000100409,2022년 12월 20일 16시,화요일,강원도 동해시 효가동,경상사고,0,0,1,0,차대차 - 측면충돌,교차로운행방법위반,건조,맑음,교차로 - 교차로안,화물,남,26세,상해없음,승용,여,58세,경상
2022122000100498,2022년 12월 20일 18시,화요일,강원도 춘천시 온의동,경상사고,0,0,1,0,차대사람 - 횡단중,보행자보호의무위반,적설,흐림,교차로 - 교차로횡단보도내,승용,남,23세,상해없음,보행자,남,35세,경상
2022122000100617,2022년 12월 20일 21시,화요일,강원도 원주시 단구동,경상사고,0,0,2,0,차대차 - 측면충돌,교차로운행방법위반,건조,맑음,교차로 - 교차로안,승용,남,27세,상해없음,승용,남,69세,경상
2022122000100638,2022년 12월 20일 22시,화요일,강원도 원주시 단계동,중상사고,0,1,0,0,차대차 - 추돌,안전운전불이행,건조,맑음,교차로 - 교차로안,승용,남,22세,기타불명,승용,남,64세,중상
2022122100100124,2022년 12월 21일 08시,수요일,강원도 영월군 영월읍,중상사고,0,1,0,0,차대차 - 추돌,안전운전불이행,적설,흐림,단일로 - 기타,승용,여,53세,상해없음,승용,여,47세,중상
2022122100100125,2022년 12월 21일 08시,수요일,강원도 원주시 문막읍,경상사고,0,0,1,0,차대차 - 기타,안전운전불이행,젖음/습기,눈,주차장 - 주차장,화물,남,64세,상해없음,특수,남,53세,경상
2022122100100175,2022년 12월 21일 09시,수요일,강원도 춘천시 신동면,경상사고,0,0,1,0,차대차 - 추돌,안전운전불이행,적설,눈,교차로 - 교차로부근,승용,여,57세,상해없음,승용,여,60세,경상
2022122100100176,2022년 12월 21일 09시,수요일,강원도 원주시 반곡동,경상사고,0,0,1,0,차대차 - 추돌,안전거리미확보,적설,눈,교차로 - 교차로부근,승용,남,63세,상해없음,승용,남,36세,경상
2022122100100177,2022년 12월 21일 09시,수요일,강원도 동해시 동회동,중상사고,0,1,0,0,차대사람 - 횡단중,보행자보호의무위반,건조,맑음,교차로 - 교차로안,화물,남,37세,상해없음,보행자,남,75세,중상
2022122100100209,2022년 12월 21일 10시,수요일,강원도 춘천시 근화동,경상사고,0,0,1,0,차대차 - 추돌,안전거리미확보,서리/결빙,맑음,기타 - 기타,승용,남,39세,상해없음,승용,남,52세,상해없음
2022122100100271,2022년 12월 21일 14시,수요일,강원도 원주시 단계동,경상사고,0,0,1,0,차대차 - 후진중충돌,안전운전불이행,적설,눈,교차로 - 교차로안,승용,남,56세,상해없음,승용,남,57세,경상
2022122100100320,2022년 12월 21일 16시,수요일,강원도 춘천시 근화동,경상사고,0,0,1,0,차대차 - 측면충돌,안전운전불이행,젖음/습기,맑음,교차로 - 교차로안,승용,여,41세,상해없음,화물,남,52세,경상
2022122100100321,2022년 12월 21일 16시,수요일,강원도 양양군 강현면,경상사고,0,0,1,0,차대차 - 측면충돌,신호위반,건조,맑음,교차로 - 교차로안,승용,남,34세,상해없음,승용,여,56세,경상
2022122100100355,2022년 12월 21일 17시,수요일,강원도 홍천군 화촌면,중상사고,0,1,0,4,차량단독 - 전도전복 - 전도,안전운전불이행,서리/결빙,흐림,단일로 - 기타,화물,남,54세,부상신고,,,,
2022122100100356,2022년 12월 21일 17시,수요일,강원도 동해시 부곡동,경상사고,0,0,1,0,차대차 - 기타,안전운전불이행,건조,맑음,단일로 - 기타,승용,남,68세,상해없음,승용,여,56세,경상
2022122100100451,2022년 12월 21일 20시,수요일,강원도 태백시 황지동,경상사고,0,0,1,0,차대차 - 추돌,안전운전불이행,젖음/습기,눈,단일로 - 기타,승용,남,62세,상해없음,승용,남,76세,경상
2022122200100138,2022년 12월 22일 09시,목요일,강원도 춘천시 동면,경상사고,0,0,1,0,차대차 - 기타,안전운전불이행,서리/결빙,맑음,교차로 - 교차로안,승용,남,68세,상해없음,승용,여,59세,경상
2022122200100139,2022년 12월 22일 09시,목요일,강원도 홍천군 서면,경상사고,0,0,1,0,차대차 - 측면충돌,중앙선침범,서리/결빙,맑음,단일로 - 기타,승합,남,49세,상해없음,승용,여,53세,경상
2022122200100159,2022년 12월 22일 10시,목요일,강원도 춘천시 석사동,경상사고,0,0,1,0,차대차 - 기타,안전운전불이행,서리/결빙,맑음,교차로 - 교차로부근,승용,여,60세,상해없음,화물,남,40세,경상
2022122200100160,2022년 12월 22일 10시,목요일,강원도 춘천시 동내면,경상사고,0,0,1,0,차대차 - 정면충돌,중앙선침범,서리/결빙,맑음,기타 - 기타,승용,남,58세,상해없음,승용,여,25세,경상
2022122200100206,2022년 12월 22일 12시,목요일,강원도 태백시 철암동,경상사고,0,0,1,0,차대차 - 측면충돌,안전운전불이행,건조,맑음,단일로 - 기타,승용,남,81세,상해없음,승합,남,40세,경상
2022122200100235,2022년 12월 22일 13시,목요일,강원도 원주시 반곡동,경상사고,0,0,1,0,차대차 - 측면충돌,안전운전불이행,젖음/습기,기타,주차장 - 주차장,승용,여,25세,상해없음,승용,여,66세,경상
2022122200100262,2022년 12월 22일 14시,목요일,강원도 철원군 서면,경상사고,0,0,1,0,차대차 - 측면충돌,안전운전불이행,건조,맑음,교차로 - 교차로안,승합,남,41세,상해없음,승용,여,27세,경상
2022122200100287,2022년 12월 22일 15시,목요일,강원도 춘천시 사북면,경상사고,0,0,3,4,차대차 - 추돌,안전운전불이행,건조,맑음,단일로 - 기타,승용,남,36세,상해없음,승용,남,47세,경상
2022122200100310,2022년 12월 22일 16시,목요일,강원도 원주시 명륜동,중상사고,0,1,0,0,차대사람 - 횡단중,신호위반,건조,맑음,교차로 - 교차로횡단보도내,승용,남,75세,상해없음,보행자,여,67세,중상
2022122200100344,2022년 12월 22일 17시,목요일,강원도 속초시 교동,중상사고,0,1,2,0,차대차 - 측면충돌,안전운전불이행,건조,맑음,교차로 - 교차로안,승용,남,40세,상해없음,승용,남,71세,경상
2022122200100345,2022년 12월 22일 17시,목요일,강원도 화천군 상서면,사망사고,1,0,0,0,차대사람 - 횡단중,기타,젖음/습기,맑음,단일로 - 기타,승용,남,26세,상해없음,보행자,여,83세,사망
2022122200100346,2022년 12월 22일 17시,목요일,강원도 고성군 거진읍,중상사고,0,1,0,0,차대차 - 측면충돌,직진우회전진행방해,건조,맑음,교차로 - 교차로안,화물,여,59세,상해없음,자전거,여,55세,중상
2022122200100393,2022년 12월 22일 18시,목요일,강원도 원주시 명륜동,경상사고,0,0,1,1,차대차 - 측면충돌,안전운전불이행,건조,맑음,교차로 - 교차로부근,승용,여,52세,부상신고,승용,남,28세,경상
2022122200100540,2022년 12월 22일 22시,목요일,강원도 고성군 죽왕면,중상사고,0,5,1,0,차대차 - 정면충돌,중앙선침범,건조,맑음,기타 - 기타,승용,남,60세,상해없음,승용,여,29세,중상
2022122200100560,2022년 12월 22일 23시,목요일,강원도 원주시 단계동,경상사고,0,0,3,0,차대차 - 추돌,안전운전불이행,건조,맑음,교차로 - 교차로부근,승용,남,57세,상해없음,승용,남,67세,상해없음
2022122300100053,2022년 12월 23일 06시,금요일,강원도 원주시 반곡동,경상사고,0,0,1,0,차대차 - 측면충돌,안전운전불이행,건조,맑음,교차로 - 교차로안,승용,남,57세,상해없음,승용,여,30세,경상
2022122300100089,2022년 12월 23일 08시,금요일,강원도 철원군 갈말읍,경상사고,0,0,1,0,차대차 - 측면충돌,차로위반,건조,흐림,교차로 - 교차로부근,승용,여,51세,상해없음,화물,남,39세,경상
2022122300100143,2022년 12월 23일 10시,금요일,강원도 강릉시 홍제동,경상사고,0,0,1,0,차대차 - 측면충돌,신호위반,건조,맑음,교차로 - 교차로안,승용,남,52세,기타불명,승용,여,51세,경상
2022122300100144,2022년 12월 23일 10시,금요일,강원도 원주시 학성동,경상사고,0,0,1,0,차대사람 - 기타,안전운전불이행,서리/결빙,맑음,기타 - 기타,승용,남,39세,상해없음,보행자,남,65세,경상
2022122300100145,2022년 12월 23일 10시,금요일,강원도 삼척시 당저동,경상사고,0,0,2,0,차대차 - 측면충돌,기타,건조,맑음,교차로 - 교차로안,승용,여,60세,경상,승용,여,30세,경상
2022122300100165,2022년 12월 23일 11시,금요일,강원도 춘천시 후평동,경상사고,0,0,1,0,차대차 - 측면충돌,교차로운행방법위반,건조,맑음,교차로 - 교차로안,승용,남,62세,상해없음,화물,남,32세,경상
2022122300100166,2022년 12월 23일 11시,금요일,강원도 원주시 일산동,중상사고,0,1,0,0,차대사람 - 횡단중,신호위반,건조,맑음,교차로 - 교차로횡단보도내,승용,남,45세,상해없음,보행자,여,74세,중상
2022122300100167,2022년 12월 23일 11시,금요일,강원도 원주시 단계동,중상사고,0,1,0,0,차대차 - 기타,안전운전불이행,건조,맑음,교차로 - 교차로부근,승용,남,32세,상해없음,승용,여,52세,중상
2022122300100253,2022년 12월 23일 14시,금요일,강원도 정선군 남면,경상사고,0,0,1,0,차대차 - 기타,안전운전불이행,건조,맑음,기타 - 기타,화물,남,34세,상해없음,화물,남,67세,경상
2022122300100254,2022년 12월 23일 14시,금요일,강원도 동해시 천곡동,경상사고,0,0,1,0,차대차 - 추돌,안전운전불이행,건조,맑음,교차로 - 교차로안,승용,남,52세,상해없음,승용,여,57세,경상
2022122300100317,2022년 12월 23일 16시,금요일,강원도 원주시 단구동,경상사고,0,0,1,0,차대차 - 측면충돌,신호위반,건조,맑음,교차로 - 교차로안,승용,여,24세,상해없음,승용,남,33세,경상
2022122300100348,2022년 12월 23일 17시,금요일,강원도 원주시 무실동,경상사고,0,0,1,0,차대차 - 측면충돌,신호위반,건조,맑음,교차로 - 교차로안,승용,여,38세,상해없음,이륜,남,44세,경상
2022122300100349,2022년 12월 23일 17시,금요일,강원도 고성군 거진읍,중상사고,0,1,0,0,차대사람 - 횡단중,안전운전불이행,건조,맑음,기타 - 기타,승용,여,57세,상해없음,보행자,여,69세,중상
2022122300100399,2022년 12월 23일 18시,금요일,강원도 강릉시 포남동,중상사고,0,1,0,0,차대사람 - 횡단중,보행자보호의무위반,건조,맑음,단일로 - 기타,승용,남,26세,상해없음,보행자,여,55세,중상
2022122300100400,2022년 12월 23일 18시,금요일,강원도 태백시 황지동,경상사고,0,0,2,0,차대차 - 기타,교차로운행방법위반,건조,맑음,교차로 - 교차로안,승합,남,59세,상해없음,승용,여,54세,경상
2022122300100453,2022년 12월 23일 19시,금요일,강원도 홍천군 홍천읍,경상사고,0,0,1,0,차대차 - 측면충돌,중앙선침범,건조,맑음,단일로 - 기타,승용,남,75세,상해없음,승용,남,24세,경상
2022122300100479,2022년 12월 23일 20시,금요일,강원도 속초시 동명동,경상사고,0,0,1,0,차대차 - 기타,교차로운행방법위반,건조,맑음,교차로 - 교차로안,승용,남,26세,상해없음,이륜,남,19세,경상
2022122300100509,2022년 12월 23일 21시,금요일,강원도 춘천시 퇴계동,경상사고,0,0,1,0,차대차 - 추돌,안전운전불이행,건조,맑음,단일로 - 기타,화물,남,48세,상해없음,승용,여,59세,경상
2022122300100536,2022년 12월 23일 22시,금요일,강원도 원주시 원동,경상사고,0,0,1,0,차대차 - 추돌,안전운전불이행,건조,흐림,교차로 - 교차로안,화물,남,52세,상해없음,이륜,남,26세,경상
2022122300100537,2022년 12월 23일 22시,금요일,강원도 태백시 황지동,사망사고,1,0,0,0,차대사람 - 횡단중,안전운전불이행,건조,맑음,단일로 - 기타,승용,남,48세,상해없음,보행자,남,58세,사망
2022122400100021,2022년 12월 24일 01시,토요일,강원도 춘천시 후평동,경상사고,0,0,4,0,차대차 - 기타,교차로운행방법위반,건조,맑음,교차로 - 교차로안,승용,남,28세,경상,승용,남,60세,경상
2022122400100077,2022년 12월 24일 08시,토요일,강원도 춘천시 퇴계동,경상사고,0,0,2,1,차대차 - 추돌,안전거리미확보,건조,맑음,교차로 - 교차로부근,승용,여,36세,부상신고,승용,남,75세,경상
2022122400100078,2022년 12월 24일 08시,토요일,강원도 춘천시 퇴계동,중상사고,0,1,1,0,차대차 - 추돌,안전거리미확보,건조,맑음,교차로 - 교차로부근,화물,남,83세,상해없음,승용,남,40세,경상
2022122400100114,2022년 12월 24일 10시,토요일,강원도 강릉시 사천면,경상사고,0,0,1,0,차대사람 - 횡단중,안전운전불이행,건조,맑음,단일로 - 기타,승용,여,58세,상해없음,보행자,여,87세,경상
2022122400100135,2022년 12월 24일 11시,토요일,강원도 춘천시 석사동,경상사고,0,0,3,1,차대차 - 기타,안전거리미확보,건조,맑음,단일로 - 기타,승용,여,52세,기타불명,승용,여,26세,경상
2022122400100137,2022년 12월 24일 11시,토요일,강원도 홍천군 내촌면,경상사고,0,0,3,0,차대차 - 추돌,안전거리미확보,건조,맑음,단일로 - 기타,승용,남,65세,경상,승용,남,36세,경상
2022122400100177,2022년 12월 24일 12시,토요일,강원도 춘천시 우두동,경상사고,0,0,1,0,차대차 - 후진중충돌,안전운전불이행,건조,맑음,단일로 - 기타,승용,남,65세,상해없음,승용,여,37세,경상
2022122400100178,2022년 12월 24일 12시,토요일,강원도 강릉시 유산동,사망사고,1,0,0,0,차량단독 - 기타,안전운전불이행,건조,맑음,교차로 - 교차로안,이륜,남,48세,사망,,,,
2022122400100224,2022년 12월 24일 13시,토요일,강원도 평창군 진부면,중상사고,0,1,1,0,차대차 - 추돌,기타,건조,맑음,단일로 - 지하차도(도로)내,승용,여,58세,상해없음,화물,남,70세,경상
2022122400100225,2022년 12월 24일 13시,토요일,강원도 동해시 용정동,중상사고,0,2,1,0,차대차 - 기타,교차로운행방법위반,건조,맑음,교차로 - 교차로안,화물,남,65세,경상,승용,남,67세,중상
2022122400100259,2022년 12월 24일 14시,토요일,강원도 정선군 신동읍,경상사고,0,0,1,0,차대차 - 추돌,안전운전불이행,건조,맑음,단일로 - 기타,화물,남,46세,경상,건설기계,남,32세,상해없음
2022122400100297,2022년 12월 24일 15시,토요일,강원도 춘천시 동면,경상사고,0,0,2,0,차대차 - 추돌,안전운전불이행,건조,맑음,단일로 - 기타,화물,남,60세,상해없음,승용,여,47세,경상
2022122400100298,2022년 12월 24일 15시,토요일,강원도 홍천군 홍천읍,경상사고,0,0,1,0,차대차 - 측면충돌,안전운전불이행,서리/결빙,맑음,단일로 - 기타,승용,남,46세,상해없음,승용,남,69세,경상
2022122400100299,2022년 12월 24일 15시,토요일,강원도 강릉시 성산면,경상사고,0,0,6,0,차대차 - 추돌,안전운전불이행,건조,맑음,단일로 - 기타,승용,여,29세,상해없음,승용,남,18세,경상
2022122400100339,2022년 12월 24일 16시,토요일,강원도 춘천시 효자동,경상사고,0,0,1,0,차대차 - 정면충돌,중앙선침범,건조,맑음,단일로 - 기타,건설기계,남,28세,상해없음,원동기,남,36세,경상
2022122400100340,2022년 12월 24일 16시,토요일,강원도 평창군 봉평면,경상사고,0,0,4,0,차대차 - 기타,안전운전불이행,건조,맑음,단일로 - 터널,승용,남,41세,상해없음,승용,여,23세,경상
2022122400100389,2022년 12월 24일 17시,토요일,강원도 강릉시 성남동,경상사고,0,0,1,0,차대사람 - 횡단중,보행자보호의무위반,건조,맑음,단일로 - 기타,승용,여,24세,상해없음,보행자,여,12세,경상
2022122400100390,2022년 12월 24일 17시,토요일,강원도 태백시 황지동,경상사고,0,0,1,0,차대차 - 추돌,안전운전불이행,건조,맑음,단일로 - 기타,승용,여,45세,상해없음,승용,남,72세,경상
2022122400100391,2022년 12월 24일 17시,토요일,강원도 동해시 효가동,경상사고,0,0,2,0,차대차 - 기타,교차로운행방법위반,건조,맑음,교차로 - 교차로안,승용,남,59세,경상,승용,남,23세,경상
2022122400100434,2022년 12월 24일 18시,토요일,강원도 춘천시 남산면,사망사고,1,0,0,0,차대차 - 정면충돌,중앙선침범,건조,맑음,단일로 - 기타,승용,남,70세,상해없음,승용,남,74세,사망
2022122400100435,2022년 12월 24일 18시,토요일,강원도 원주시 소초면,경상사고,0,0,1,0,차대차 - 추돌,안전거리미확보,건조,맑음,단일로 - 기타,승용,남,37세,기타불명,승용,남,59세,경상
2022122400100436,2022년 12월 24일 18시,토요일,강원도 원주시 봉산동,경상사고,0,0,1,0,차대차 - 기타,안전운전불이행,건조,맑음,기타 - 기타,화물,남,52세,상해없음,승용,남,41세,경상
2022122500100051,2022년 12월 25일 07시,일요일,강원도 원주시 지정면,경상사고,0,0,2,0,차대차 - 기타,중앙선침범,건조,맑음,단일로 - 기타,승용,남,25세,상해없음,승용,남,55세,경상
2022122500100058,2022년 12월 25일 08시,일요일,강원도 강릉시 홍제동,경상사고,0,0,1,0,차대차 - 측면충돌,안전운전불이행,건조,맑음,단일로 - 기타,승용,남,33세,상해없음,승용,남,66세,경상